0,0,0,100,50.5
1,2.5,0.1,100,50.5
2,5,0.2,100,50.5
3,7.5,0.30000000000000004,100,50.5
4,10,0.4,100,50.5
5,12.5,0.5,100,50.5
6,15,0.6000000000000001,100,50.5
7,17.5,0.7000000000000001,100,50.5
8,20,0.8,100,50.5
9,22.5,0.9,100,50.5
10,25,1,100,50.5
11,27.5,1.1,100,50.5
12,30,1.2000000000000002,100,50.5
13,32.5,1.3,100,50.5
14,35,1.4000000000000001,100,50.5
15,37.5,1.5,100,50.5
16,40,1.6,100,50.5
17,42.5,1.7000000000000002,100,50.5
18,45,1.8,100,50.5
19,47.5,1.9000000000000001,100,50.5
20,50,2,100,50.5
21,52.5,2.1,100,50.5
22,55,2.2,100,50.5
23,57.5,2.3000000000000003,100,50.5
24,60,2.4000000000000004,100,50.5
25,62.5,2.5,100,50.5
26,65,2.6,100,50.5
27,67.5,2.7,100,50.5
28,70,2.8000000000000003,100,50.5
29,72.5,2.9000000000000004,100,50.5
30,75,3,100,50.5
31,77.5,3.1,100,50.5
32,80,3.2,100,50.5
33,82.5,3.3000000000000003,100,50.5
34,85,3.4000000000000004,100,50.5
35,87.5,3.5,100,50.5
36,90,3.6,100,50.5
37,92.5,3.7,100,50.5
38,95,3.8000000000000003,100,50.5
39,97.5,3.9000000000000004,100,50.5
40,100,4,100,50.5
41,102.5,4.1000000000000005,100,50.5
42,105,4.2,100,50.5
43,107.5,4.3,100,50.5
44,110,4.4,100,50.5
45,112.5,4.5,100,50.5
46,115,4.6000000000000005,100,50.5
47,117.5,4.7,100,50.5
48,120,4.800000000000001,100,50.5
49,122.5,4.9,100,50.5
50,125,5,100,50.5
51,127.5,5.1000000000000005,100,50.5
52,130,5.2,100,50.5
53,132.5,5.300000000000001,100,50.5
54,135,5.4,100,50.5
55,137.5,5.5,100,50.5
56,140,5.6000000000000005,100,50.5
57,142.5,5.7,100,50.5
58,145,5.800000000000001,100,50.5
59,147.5,5.9,100,50.5
60,150,6,100,50.5
61,152.5,6.1000000000000005,100,50.5
62,155,6.2,100,50.5
63,157.5,6.300000000000001,100,50.5
64,160,6.4,100,50.5
65,162.5,6.5,100,50.5
66,165,6.6000000000000005,100,50.5
67,167.5,6.7,100,50.5
68,170,6.800000000000001,100,50.5
69,172.5,6.9,100,50.5
70,175,7,100,50.5
71,177.5,7.1000000000000005,100,50.5
72,180,7.2,100,50.5
73,182.5,7.300000000000001,100,50.5
74,185,7.4,100,50.5
75,187.5,7.5,100,50.5
76,190,7.6000000000000005,100,50.5
77,192.5,7.7,100,50.5
78,195,7.800000000000001,100,50.5
79,197.5,7.9,100,50.5
80,200,8,100,50.5
81,202.5,8.1,100,50.5
82,205,8.200000000000001,100,50.5
83,207.5,8.3,100,50.5
84,210,8.4,100,50.5
85,212.5,8.5,100,50.5
86,215,8.6,100,50.5
87,217.5,8.700000000000001,100,50.5
88,220,8.8,100,50.5
89,222.5,8.9,100,50.5
90,225,9,100,50.5
91,227.5,9.1,100,50.5
92,230,9.200000000000001,100,50.5
93,232.5,9.3,100,50.5
94,235,9.4,100,50.5
95,237.5,9.5,100,50.5
96,240,9.600000000000001,100,50.5
97,242.5,9.700000000000001,100,50.5
98,245,9.8,100,50.5
99,247.5,9.9,100,50.5
100,250,10,100,50.5
101,252.5,10.100000000000001,100,50.5
102,255,10.200000000000001,100,50.5
103,257.5,10.3,100,50.5
104,260,10.4,100,50.5
105,262.5,10.5,100,50.5
106,265,10.600000000000001,100,50.5
107,267.5,10.700000000000001,100,50.5
108,270,10.8,100,50.5
109,272.5,10.9,100,50.5
110,275,11,100,50.5
111,277.5,11.100000000000001,100,50.5
112,280,11.200000000000001,100,50.5
113,282.5,11.3,100,50.5
114,285,11.4,100,50.5
115,287.5,11.5,100,50.5
116,290,11.600000000000001,100,50.5
117,292.5,11.700000000000001,100,50.5
118,295,11.8,100,50.5
119,297.5,11.9,100,50.5
120,300,12,100,50.5
121,302.5,12.100000000000001,100,50.5
122,305,12.200000000000001,100,50.5
123,307.5,12.3,100,50.5
124,310,12.4,100,50.5
125,312.5,12.5,100,50.5
126,315,12.600000000000001,100,50.5
127,317.5,12.700000000000001,100,50.5
128,320,12.8,100,50.5
129,322.5,12.9,100,50.5
130,325,13,100,50.5
131,327.5,13.100000000000001,100,50.5
132,330,13.200000000000001,100,50.5
133,332.5,13.3,100,50.5
134,335,13.4,100,50.5
135,337.5,13.5,100,50.5
136,340,13.600000000000001,100,50.5
137,342.5,13.700000000000001,100,50.5
138,345,13.8,100,50.5
139,347.5,13.9,100,50.5
140,350,14,100,50.5
141,352.5,14.100000000000001,100,50.5
142,355,14.200000000000001,100,50.5
143,357.5,14.3,100,50.5
144,360,14.4,100,50.5
145,362.5,14.5,100,50.5
146,365,14.600000000000001,100,50.5
147,367.5,14.700000000000001,100,50.5
148,370,14.8,100,50.5
149,372.5,14.9,100,50.5
150,375,15,100,50.5
151,377.5,15.100000000000001,100,50.5
152,380,15.200000000000001,100,50.5
153,382.5,15.3,100,50.5
154,385,15.4,100,50.5
155,387.5,15.5,100,50.5
156,390,15.600000000000001,100,50.5
157,392.5,15.700000000000001,100,50.5
158,395,15.8,100,50.5
159,397.5,15.9,100,50.5
160,400,16,100,50.5
161,402.5,16.1,100,50.5
162,405,16.2,100,50.5
163,407.5,16.3,100,50.5
164,410,16.400000000000002,100,50.5
165,412.5,16.5,100,50.5
166,415,16.6,100,50.5
167,417.5,16.7,100,50.5
168,420,16.8,100,50.5
169,422.5,16.900000000000002,100,50.5
170,425,17,100,50.5
171,427.5,17.1,100,50.5
172,430,17.2,100,50.5
173,432.5,17.3,100,50.5
174,435,17.400000000000002,100,50.5
175,437.5,17.5,100,50.5
176,440,17.6,100,50.5
177,442.5,17.7,100,50.5
178,445,17.8,100,50.5
179,447.5,17.900000000000002,100,50.5
180,450,18,100,50.5
181,452.5,18.1,100,50.5
182,455,18.2,100,50.5
183,457.5,18.3,100,50.5
184,460,18.400000000000002,100,50.5
185,462.5,18.5,100,50.5
186,465,18.6,100,50.5
187,467.5,18.7,100,50.5
188,470,18.8,100,50.5
189,472.5,18.900000000000002,100,50.5
190,475,19,100,50.5
191,477.5,19.1,100,50.5
192,480,19.200000000000003,100,50.5
193,482.5,19.3,100,50.5
194,485,19.400000000000002,100,50.5
195,487.5,19.5,100,50.5
196,490,19.6,100,50.5
197,492.5,19.700000000000003,100,50.5
198,495,19.8,100,50.5
199,497.5,19.900000000000002,100,50.5
200,500,20,100,50.5
201,502.5,20.1,100,50.5
202,505,20.200000000000003,100,50.5
203,507.5,20.3,100,50.5
204,510,20.400000000000002,100,50.5
205,512.5,20.5,100,50.5
206,515,20.6,100,50.5
207,517.5,20.700000000000003,100,50.5
208,520,20.8,100,50.5
209,522.5,20.900000000000002,100,50.5
210,525,21,100,50.5
211,527.5,21.1,100,50.5
212,530,21.200000000000003,100,50.5
213,532.5,21.3,100,50.5
214,535,21.400000000000002,100,50.5
215,537.5,21.5,100,50.5
216,540,21.6,100,50.5
217,542.5,21.700000000000003,100,50.5
218,545,21.8,100,50.5
219,547.5,21.900000000000002,100,50.5
220,550,22,100,50.5
221,552.5,22.1,100,50.5
222,555,22.200000000000003,100,50.5
223,557.5,22.3,100,50.5
224,560,22.400000000000002,100,50.5
225,562.5,22.5,100,50.5
226,565,22.6,100,50.5
227,567.5,22.700000000000003,100,50.5
228,570,22.8,100,50.5
229,572.5,22.900000000000002,100,50.5
230,575,23,100,50.5
231,577.5,23.1,100,50.5
232,580,23.200000000000003,100,50.5
233,582.5,23.3,100,50.5
234,585,23.400000000000002,100,50.5
235,587.5,23.5,100,50.5
236,590,23.6,100,50.5
237,592.5,23.700000000000003,100,50.5
238,595,23.8,100,50.5
239,597.5,23.900000000000002,100,50.5
240,600,24,100,50.5
241,602.5,24.1,100,50.5
242,605,24.200000000000003,100,50.5
243,607.5,24.3,100,50.5
244,610,24.400000000000002,100,50.5
245,612.5,24.5,100,50.5
246,615,24.6,100,50.5
247,617.5,24.700000000000003,100,50.5
248,620,24.8,100,50.5
249,622.5,24.900000000000002,100,50.5
250,625,25,100,50.5
251,627.5,25.1,100,50.5
252,630,25.200000000000003,100,50.5
253,632.5,25.3,100,50.5
254,635,25.400000000000002,100,50.5
255,637.5,25.5,100,50.5
256,640,25.6,100,50.5
257,642.5,25.700000000000003,100,50.5
258,645,25.8,100,50.5
259,647.5,25.900000000000002,100,50.5
260,650,26,100,50.5
261,652.5,26.1,100,50.5
262,655,26.200000000000003,100,50.5
263,657.5,26.3,100,50.5
264,660,26.400000000000002,100,50.5
265,662.5,26.5,100,50.5
266,665,26.6,100,50.5
267,667.5,26.700000000000003,100,50.5
268,670,26.8,100,50.5
269,672.5,26.900000000000002,100,50.5
270,675,27,100,50.5
271,677.5,27.1,100,50.5
272,680,27.200000000000003,100,50.5
273,682.5,27.3,100,50.5
274,685,27.400000000000002,100,50.5
275,687.5,27.5,100,50.5
276,690,27.6,100,50.5
277,692.5,27.700000000000003,100,50.5
278,695,27.8,100,50.5
279,697.5,27.900000000000002,100,50.5
280,700,28,100,50.5
281,702.5,28.1,100,50.5
282,705,28.200000000000003,100,50.5
283,707.5,28.3,100,50.5
284,710,28.400000000000002,100,50.5
285,712.5,28.5,100,50.5
286,715,28.6,100,50.5
287,717.5,28.700000000000003,100,50.5
288,720,28.8,100,50.5
289,722.5,28.900000000000002,100,50.5
290,725,29,100,50.5
291,727.5,29.1,100,50.5
292,730,29.200000000000003,100,50.5
293,732.5,29.3,100,50.5
294,735,29.400000000000002,100,50.5
295,737.5,29.5,100,50.5
296,740,29.6,100,50.5
297,742.5,29.700000000000003,100,50.5
298,745,29.8,100,50.5
299,747.5,29.900000000000002,100,50.5
300,750,30,100,50.5
301,752.5,30.1,100,50.5
302,755,30.200000000000003,100,50.5
303,757.5,30.3,100,50.5
304,760,30.400000000000002,100,50.5
305,762.5,30.5,100,50.5
306,765,30.6,100,50.5
307,767.5,30.700000000000003,100,50.5
308,770,30.8,100,50.5
309,772.5,30.900000000000002,100,50.5
310,775,31,100,50.5
311,777.5,31.1,100,50.5
312,780,31.200000000000003,100,50.5
313,782.5,31.3,100,50.5
314,785,31.400000000000002,100,50.5
315,787.5,31.5,100,50.5
316,790,31.6,100,50.5
317,792.5,31.700000000000003,100,50.5
318,795,31.8,100,50.5
319,797.5,31.900000000000002,100,50.5
320,800,32,100,50.5
321,802.5,32.1,100,50.5
322,805,32.2,100,50.5
323,807.5,32.300000000000004,100,50.5
324,810,32.4,100,50.5
325,812.5,32.5,100,50.5
326,815,32.6,100,50.5
327,817.5,32.7,100,50.5
328,820,32.800000000000004,100,50.5
329,822.5,32.9,100,50.5
330,825,33,100,50.5
331,827.5,33.1,100,50.5
332,830,33.2,100,50.5
333,832.5,33.300000000000004,100,50.5
334,835,33.4,100,50.5
335,837.5,33.5,100,50.5
336,840,33.6,100,50.5
337,842.5,33.7,100,50.5
338,845,33.800000000000004,100,50.5
339,847.5,33.9,100,50.5
340,850,34,100,50.5
341,852.5,34.1,100,50.5
342,855,34.2,100,50.5
343,857.5,34.300000000000004,100,50.5
344,860,34.4,100,50.5
345,862.5,34.5,100,50.5
346,865,34.6,100,50.5
347,867.5,34.7,100,50.5
348,870,34.800000000000004,100,50.5
349,872.5,34.9,100,50.5
350,875,35,100,50.5
351,877.5,35.1,100,50.5
352,880,35.2,100,50.5
353,882.5,35.300000000000004,100,50.5
354,885,35.4,100,50.5
355,887.5,35.5,100,50.5
356,890,35.6,100,50.5
357,892.5,35.7,100,50.5
358,895,35.800000000000004,100,50.5
359,897.5,35.9,100,50.5
360,900,36,100,50.5
361,902.5,36.1,100,50.5
362,905,36.2,100,50.5
363,907.5,36.300000000000004,100,50.5
364,910,36.4,100,50.5
365,912.5,36.5,100,50.5
366,915,36.6,100,50.5
367,917.5,36.7,100,50.5
368,920,36.800000000000004,100,50.5
369,922.5,36.9,100,50.5
370,925,37,100,50.5
371,927.5,37.1,100,50.5
372,930,37.2,100,50.5
373,932.5,37.300000000000004,100,50.5
374,935,37.4,100,50.5
375,937.5,37.5,100,50.5
376,940,37.6,100,50.5
377,942.5,37.7,100,50.5
378,945,37.800000000000004,100,50.5
379,947.5,37.9,100,50.5
380,950,38,100,50.5
381,952.5,38.1,100,50.5
382,955,38.2,100,50.5
383,957.5,38.300000000000004,100,50.5
384,960,38.400000000000006,100,50.5
385,962.5,38.5,100,50.5
386,965,38.6,100,50.5
387,967.5,38.7,100,50.5
388,970,38.800000000000004,100,50.5
389,972.5,38.900000000000006,100,50.5
390,975,39,100,50.5
391,977.5,39.1,100,50.5
392,980,39.2,100,50.5
393,982.5,39.300000000000004,100,50.5
394,985,39.400000000000006,100,50.5
395,987.5,39.5,100,50.5
396,990,39.6,100,50.5
397,992.5,39.7,100,50.5
398,995,39.800000000000004,100,50.5
399,997.5,39.900000000000006,100,50.5
400,1000,40,100,50.5
401,1002.5,40.1,100,50.5
402,1005,40.2,100,50.5
403,1007.5,40.300000000000004,100,50.5
404,1010,40.400000000000006,100,50.5
405,1012.5,40.5,100,50.5
406,1015,40.6,100,50.5
407,1017.5,40.7,100,50.5
408,1020,40.800000000000004,100,50.5
409,1022.5,40.900000000000006,100,50.5
410,1025,41,100,50.5
411,1027.5,41.1,100,50.5
412,1030,41.2,100,50.5
413,1032.5,41.300000000000004,100,50.5
414,1035,41.400000000000006,100,50.5
415,1037.5,41.5,100,50.5
416,1040,41.6,100,50.5
417,1042.5,41.7,100,50.5
418,1045,41.800000000000004,100,50.5
419,1047.5,41.900000000000006,100,50.5
420,1050,42,100,50.5
421,1052.5,42.1,100,50.5
422,1055,42.2,100,50.5
423,1057.5,42.300000000000004,100,50.5
424,1060,42.400000000000006,100,50.5
425,1062.5,42.5,100,50.5
426,1065,42.6,100,50.5
427,1067.5,42.7,100,50.5
428,1070,42.800000000000004,100,50.5
429,1072.5,42.900000000000006,100,50.5
430,1075,43,100,50.5
431,1077.5,43.1,100,50.5
432,1080,43.2,100,50.5
433,1082.5,43.300000000000004,100,50.5
434,1085,43.400000000000006,100,50.5
435,1087.5,43.5,100,50.5
436,1090,43.6,100,50.5
437,1092.5,43.7,100,50.5
438,1095,43.800000000000004,100,50.5
439,1097.5,43.900000000000006,100,50.5
440,1100,44,100,50.5
441,1102.5,44.1,100,50.5
442,1105,44.2,100,50.5
443,1107.5,44.300000000000004,100,50.5
444,1110,44.400000000000006,100,50.5
445,1112.5,44.5,100,50.5
446,1115,44.6,100,50.5
447,1117.5,44.7,100,50.5
448,1120,44.800000000000004,100,50.5
449,1122.5,44.900000000000006,100,50.5
450,1125,45,100,50.5
451,1127.5,45.1,100,50.5
452,1130,45.2,100,50.5
453,1132.5,45.300000000000004,100,50.5
454,1135,45.400000000000006,100,50.5
455,1137.5,45.5,100,50.5
456,1140,45.6,100,50.5
457,1142.5,45.7,100,50.5
458,1145,45.800000000000004,100,50.5
459,1147.5,45.900000000000006,100,50.5
460,1150,46,100,50.5
461,1152.5,46.1,100,50.5
462,1155,46.2,100,50.5
463,1157.5,46.300000000000004,100,50.5
464,1160,46.400000000000006,100,50.5
465,1162.5,46.5,100,50.5
466,1165,46.6,100,50.5
467,1167.5,46.7,100,50.5
468,1170,46.800000000000004,100,50.5
469,1172.5,46.900000000000006,100,50.5
470,1175,47,100,50.5
471,1177.5,47.1,100,50.5
472,1180,47.2,100,50.5
473,1182.5,47.300000000000004,100,50.5
474,1185,47.400000000000006,100,50.5
475,1187.5,47.5,100,50.5
476,1190,47.6,100,50.5
477,1192.5,47.7,100,50.5
478,1195,47.800000000000004,100,50.5
479,1197.5,47.900000000000006,100,50.5
480,1200,48,100,50.5
481,1202.5,48.1,100,50.5
482,1205,48.2,100,50.5
483,1207.5,48.300000000000004,100,50.5
484,1210,48.400000000000006,100,50.5
485,1212.5,48.5,100,50.5
486,1215,48.6,100,50.5
487,1217.5,48.7,100,50.5
488,1220,48.800000000000004,100,50.5
489,1222.5,48.900000000000006,100,50.5
490,1225,49,100,50.5
491,1227.5,49.1,100,50.5
492,1230,49.2,100,50.5
493,1232.5,49.300000000000004,100,50.5
494,1235,49.400000000000006,100,50.5
495,1237.5,49.5,100,50.5
496,1240,49.6,100,50.5
497,1242.5,49.7,100,50.5
498,1245,49.800000000000004,100,50.5
499,1247.5,49.900000000000006,100,50.5
500,1250,50,100,50.5
501,1252.5,50.1,100,50.5
502,1255,50.2,100,50.5
503,1257.5,50.300000000000004,100,50.5
504,1260,50.400000000000006,100,50.5
505,1262.5,50.5,100,50.5
506,1265,50.6,100,50.5
507,1267.5,50.7,100,50.5
508,1270,50.800000000000004,100,50.5
509,1272.5,50.900000000000006,100,50.5
510,1275,51,100,50.5
511,1277.5,51.1,100,50.5
512,1280,51.2,100,50.5
513,1282.5,51.300000000000004,100,50.5
514,1285,51.400000000000006,100,50.5
515,1287.5,51.5,100,50.5
516,1290,51.6,100,50.5
517,1292.5,51.7,100,50.5
518,1295,51.800000000000004,100,50.5
519,1297.5,51.900000000000006,100,50.5
520,1300,52,100,50.5
521,1302.5,52.1,100,50.5
522,1305,52.2,100,50.5
523,1307.5,52.300000000000004,100,50.5
524,1310,52.400000000000006,100,50.5
525,1312.5,52.5,100,50.5
526,1315,52.6,100,50.5
527,1317.5,52.7,100,50.5
528,1320,52.800000000000004,100,50.5
529,1322.5,52.900000000000006,100,50.5
530,1325,53,100,50.5
531,1327.5,53.1,100,50.5
532,1330,53.2,100,50.5
533,1332.5,53.300000000000004,100,50.5
534,1335,53.400000000000006,100,50.5
535,1337.5,53.5,100,50.5
536,1340,53.6,100,50.5
537,1342.5,53.7,100,50.5
538,1345,53.800000000000004,100,50.5
539,1347.5,53.900000000000006,100,50.5
540,1350,54,100,50.5
541,1352.5,54.1,100,50.5
542,1355,54.2,100,50.5
543,1357.5,54.300000000000004,100,50.5
544,1360,54.400000000000006,100,50.5
545,1362.5,54.5,100,50.5
546,1365,54.6,100,50.5
547,1367.5,54.7,100,50.5
548,1370,54.800000000000004,100,50.5
549,1372.5,54.900000000000006,100,50.5
550,1375,55,100,50.5
551,1377.5,55.1,100,50.5
552,1380,55.2,100,50.5
553,1382.5,55.300000000000004,100,50.5
554,1385,55.400000000000006,100,50.5
555,1387.5,55.5,100,50.5
556,1390,55.6,100,50.5
557,1392.5,55.7,100,50.5
558,1395,55.800000000000004,100,50.5
559,1397.5,55.900000000000006,100,50.5
560,1400,56,100,50.5
561,1402.5,56.1,100,50.5
562,1405,56.2,100,50.5
563,1407.5,56.300000000000004,100,50.5
564,1410,56.400000000000006,100,50.5
565,1412.5,56.5,100,50.5
566,1415,56.6,100,50.5
567,1417.5,56.7,100,50.5
568,1420,56.800000000000004,100,50.5
569,1422.5,56.900000000000006,100,50.5
570,1425,57,100,50.5
571,1427.5,57.1,100,50.5
572,1430,57.2,100,50.5
573,1432.5,57.300000000000004,100,50.5
574,1435,57.400000000000006,100,50.5
575,1437.5,57.5,100,50.5
576,1440,57.6,100,50.5
577,1442.5,57.7,100,50.5
578,1445,57.800000000000004,100,50.5
579,1447.5,57.900000000000006,100,50.5
580,1450,58,100,50.5
581,1452.5,58.1,100,50.5
582,1455,58.2,100,50.5
583,1457.5,58.300000000000004,100,50.5
584,1460,58.400000000000006,100,50.5
585,1462.5,58.5,100,50.5
586,1465,58.6,100,50.5
587,1467.5,58.7,100,50.5
588,1470,58.800000000000004,100,50.5
589,1472.5,58.900000000000006,100,50.5
590,1475,59,100,50.5
591,1477.5,59.1,100,50.5
592,1480,59.2,100,50.5
593,1482.5,59.300000000000004,100,50.5
594,1485,59.400000000000006,100,50.5
595,1487.5,59.5,100,50.5
596,1490,59.6,100,50.5
597,1492.5,59.7,100,50.5
598,1495,59.800000000000004,100,50.5
599,1497.5,59.900000000000006,100,50.5
600,1500,60,100,50.5
601,1502.5,60.1,100,50.5
602,1505,60.2,100,50.5
603,1507.5,60.300000000000004,100,50.5
604,1510,60.400000000000006,100,50.5
605,1512.5,60.5,100,50.5
606,1515,60.6,100,50.5
607,1517.5,60.7,100,50.5
608,1520,60.800000000000004,100,50.5
609,1522.5,60.900000000000006,100,50.5
610,1525,61,100,50.5
611,1527.5,61.1,100,50.5
612,1530,61.2,100,50.5
613,1532.5,61.300000000000004,100,50.5
614,1535,61.400000000000006,100,50.5
615,1537.5,61.5,100,50.5
616,1540,61.6,100,50.5
617,1542.5,61.7,100,50.5
618,1545,61.800000000000004,100,50.5
619,1547.5,61.900000000000006,100,50.5
620,1550,62,100,50.5
621,1552.5,62.1,100,50.5
622,1555,62.2,100,50.5
623,1557.5,62.300000000000004,100,50.5
624,1560,62.400000000000006,100,50.5
625,1562.5,62.5,100,50.5
626,1565,62.6,100,50.5
627,1567.5,62.7,100,50.5
628,1570,62.800000000000004,100,50.5
629,1572.5,62.900000000000006,100,50.5
630,1575,63,100,50.5
631,1577.5,63.1,100,50.5
632,1580,63.2,100,50.5
633,1582.5,63.300000000000004,100,50.5
634,1585,63.400000000000006,100,50.5
635,1587.5,63.5,100,50.5
636,1590,63.6,100,50.5
637,1592.5,63.7,100,50.5
638,1595,63.800000000000004,100,50.5
639,1597.5,63.900000000000006,100,50.5
640,1600,64,100,50.5
641,1602.5,64.10000000000001,100,50.5
642,1605,64.2,100,50.5
643,1607.5,64.3,100,50.5
644,1610,64.4,100,50.5
645,1612.5,64.5,100,50.5
646,1615,64.60000000000001,100,50.5
647,1617.5,64.7,100,50.5
648,1620,64.8,100,50.5
649,1622.5,64.9,100,50.5
650,1625,65,100,50.5
651,1627.5,65.10000000000001,100,50.5
652,1630,65.2,100,50.5
653,1632.5,65.3,100,50.5
654,1635,65.4,100,50.5
655,1637.5,65.5,100,50.5
656,1640,65.60000000000001,100,50.5
657,1642.5,65.7,100,50.5
658,1645,65.8,100,50.5
659,1647.5,65.9,100,50.5
660,1650,66,100,50.5
661,1652.5,66.10000000000001,100,50.5
662,1655,66.2,100,50.5
663,1657.5,66.3,100,50.5
664,1660,66.4,100,50.5
665,1662.5,66.5,100,50.5
666,1665,66.60000000000001,100,50.5
667,1667.5,66.7,100,50.5
668,1670,66.8,100,50.5
669,1672.5,66.9,100,50.5
670,1675,67,100,50.5
671,1677.5,67.10000000000001,100,50.5
672,1680,67.2,100,50.5
673,1682.5,67.3,100,50.5
674,1685,67.4,100,50.5
675,1687.5,67.5,100,50.5
676,1690,67.60000000000001,100,50.5
677,1692.5,67.7,100,50.5
678,1695,67.8,100,50.5
679,1697.5,67.9,100,50.5
680,1700,68,100,50.5
681,1702.5,68.10000000000001,100,50.5
682,1705,68.2,100,50.5
683,1707.5,68.3,100,50.5
684,1710,68.4,100,50.5
685,1712.5,68.5,100,50.5
686,1715,68.60000000000001,100,50.5
687,1717.5,68.7,100,50.5
688,1720,68.8,100,50.5
689,1722.5,68.9,100,50.5
690,1725,69,100,50.5
691,1727.5,69.10000000000001,100,50.5
692,1730,69.2,100,50.5
693,1732.5,69.3,100,50.5
694,1735,69.4,100,50.5
695,1737.5,69.5,100,50.5
696,1740,69.60000000000001,100,50.5
697,1742.5,69.7,100,50.5
698,1745,69.8,100,50.5
699,1747.5,69.9,100,50.5
700,1750,70,100,50.5
701,1752.5,70.10000000000001,100,50.5
702,1755,70.2,100,50.5
703,1757.5,70.3,100,50.5
704,1760,70.4,100,50.5
705,1762.5,70.5,100,50.5
706,1765,70.60000000000001,100,50.5
707,1767.5,70.7,100,50.5
708,1770,70.8,100,50.5
709,1772.5,70.9,100,50.5
710,1775,71,100,50.5
711,1777.5,71.10000000000001,100,50.5
712,1780,71.2,100,50.5
713,1782.5,71.3,100,50.5
714,1785,71.4,100,50.5
715,1787.5,71.5,100,50.5
716,1790,71.60000000000001,100,50.5
717,1792.5,71.7,100,50.5
718,1795,71.8,100,50.5
719,1797.5,71.9,100,50.5
720,1800,72,100,50.5
721,1802.5,72.10000000000001,100,50.5
722,1805,72.2,100,50.5
723,1807.5,72.3,100,50.5
724,1810,72.4,100,50.5
725,1812.5,72.5,100,50.5
726,1815,72.60000000000001,100,50.5
727,1817.5,72.7,100,50.5
728,1820,72.8,100,50.5
729,1822.5,72.9,100,50.5
730,1825,73,100,50.5
731,1827.5,73.10000000000001,100,50.5
732,1830,73.2,100,50.5
733,1832.5,73.3,100,50.5
734,1835,73.4,100,50.5
735,1837.5,73.5,100,50.5
736,1840,73.60000000000001,100,50.5
737,1842.5,73.7,100,50.5
738,1845,73.8,100,50.5
739,1847.5,73.9,100,50.5
740,1850,74,100,50.5
741,1852.5,74.10000000000001,100,50.5
742,1855,74.2,100,50.5
743,1857.5,74.3,100,50.5
744,1860,74.4,100,50.5
745,1862.5,74.5,100,50.5
746,1865,74.60000000000001,100,50.5
747,1867.5,74.7,100,50.5
748,1870,74.8,100,50.5
749,1872.5,74.9,100,50.5
750,1875,75,100,50.5
751,1877.5,75.10000000000001,100,50.5
752,1880,75.2,100,50.5
753,1882.5,75.3,100,50.5
754,1885,75.4,100,50.5
755,1887.5,75.5,100,50.5
756,1890,75.60000000000001,100,50.5
757,1892.5,75.7,100,50.5
758,1895,75.8,100,50.5
759,1897.5,75.9,100,50.5
760,1900,76,100,50.5
761,1902.5,76.10000000000001,100,50.5
762,1905,76.2,100,50.5
763,1907.5,76.3,100,50.5
764,1910,76.4,100,50.5
765,1912.5,76.5,100,50.5
766,1915,76.60000000000001,100,50.5
767,1917.5,76.7,100,50.5
768,1920,76.80000000000001,100,50.5
769,1922.5,76.9,100,50.5
770,1925,77,100,50.5
771,1927.5,77.10000000000001,100,50.5
772,1930,77.2,100,50.5
773,1932.5,77.30000000000001,100,50.5
774,1935,77.4,100,50.5
775,1937.5,77.5,100,50.5
776,1940,77.60000000000001,100,50.5
777,1942.5,77.7,100,50.5
778,1945,77.80000000000001,100,50.5
779,1947.5,77.9,100,50.5
780,1950,78,100,50.5
781,1952.5,78.10000000000001,100,50.5
782,1955,78.2,100,50.5
783,1957.5,78.30000000000001,100,50.5
784,1960,78.4,100,50.5
785,1962.5,78.5,100,50.5
786,1965,78.60000000000001,100,50.5
787,1967.5,78.7,100,50.5
788,1970,78.80000000000001,100,50.5
789,1972.5,78.9,100,50.5
790,1975,79,100,50.5
791,1977.5,79.10000000000001,100,50.5
792,1980,79.2,100,50.5
793,1982.5,79.30000000000001,100,50.5
794,1985,79.4,100,50.5
795,1987.5,79.5,100,50.5
796,1990,79.60000000000001,100,50.5
797,1992.5,79.7,100,50.5
798,1995,79.80000000000001,100,50.5
799,1997.5,79.9,100,50.5
800,2000,80,100,50.5
801,2002.5,80.10000000000001,100,50.5
802,2005,80.2,100,50.5
803,2007.5,80.30000000000001,100,50.5
804,2010,80.4,100,50.5
805,2012.5,80.5,100,50.5
806,2015,80.60000000000001,100,50.5
807,2017.5,80.7,100,50.5
808,2020,80.80000000000001,100,50.5
809,2022.5,80.9,100,50.5
810,2025,81,100,50.5
811,2027.5,81.10000000000001,100,50.5
812,2030,81.2,100,50.5
813,2032.5,81.30000000000001,100,50.5
814,2035,81.4,100,50.5
815,2037.5,81.5,100,50.5
816,2040,81.60000000000001,100,50.5
817,2042.5,81.7,100,50.5
818,2045,81.80000000000001,100,50.5
819,2047.5,81.9,100,50.5
820,2050,82,100,50.5
821,2052.5,82.10000000000001,100,50.5
822,2055,82.2,100,50.5
823,2057.5,82.30000000000001,100,50.5
824,2060,82.4,100,50.5
825,2062.5,82.5,100,50.5
826,2065,82.60000000000001,100,50.5
827,2067.5,82.7,100,50.5
828,2070,82.80000000000001,100,50.5
829,2072.5,82.9,100,50.5
830,2075,83,100,50.5
831,2077.5,83.10000000000001,100,50.5
832,2080,83.2,100,50.5
833,2082.5,83.30000000000001,100,50.5
834,2085,83.4,100,50.5
835,2087.5,83.5,100,50.5
836,2090,83.60000000000001,100,50.5
837,2092.5,83.7,100,50.5
838,2095,83.80000000000001,100,50.5
839,2097.5,83.9,100,50.5
840,2100,84,100,50.5
841,2102.5,84.10000000000001,100,50.5
842,2105,84.2,100,50.5
843,2107.5,84.30000000000001,100,50.5
844,2110,84.4,100,50.5
845,2112.5,84.5,100,50.5
846,2115,84.60000000000001,100,50.5
847,2117.5,84.7,100,50.5
848,2120,84.80000000000001,100,50.5
849,2122.5,84.9,100,50.5
850,2125,85,100,50.5
851,2127.5,85.10000000000001,100,50.5
852,2130,85.2,100,50.5
853,2132.5,85.30000000000001,100,50.5
854,2135,85.4,100,50.5
855,2137.5,85.5,100,50.5
856,2140,85.60000000000001,100,50.5
857,2142.5,85.7,100,50.5
858,2145,85.80000000000001,100,50.5
859,2147.5,85.9,100,50.5
860,2150,86,100,50.5
861,2152.5,86.10000000000001,100,50.5
862,2155,86.2,100,50.5
863,2157.5,86.30000000000001,100,50.5
864,2160,86.4,100,50.5
865,2162.5,86.5,100,50.5
866,2165,86.60000000000001,100,50.5
867,2167.5,86.7,100,50.5
868,2170,86.80000000000001,100,50.5
869,2172.5,86.9,100,50.5
870,2175,87,100,50.5
871,2177.5,87.10000000000001,100,50.5
872,2180,87.2,100,50.5
873,2182.5,87.30000000000001,100,50.5
874,2185,87.4,100,50.5
875,2187.5,87.5,100,50.5
876,2190,87.60000000000001,100,50.5
877,2192.5,87.7,100,50.5
878,2195,87.80000000000001,100,50.5
879,2197.5,87.9,100,50.5
880,2200,88,100,50.5
881,2202.5,88.10000000000001,100,50.5
882,2205,88.2,100,50.5
883,2207.5,88.30000000000001,100,50.5
884,2210,88.4,100,50.5
885,2212.5,88.5,100,50.5
886,2215,88.60000000000001,100,50.5
887,2217.5,88.7,100,50.5
888,2220,88.80000000000001,100,50.5
889,2222.5,88.9,100,50.5
890,2225,89,100,50.5
891,2227.5,89.10000000000001,100,50.5
892,2230,89.2,100,50.5
893,2232.5,89.30000000000001,100,50.5
894,2235,89.4,100,50.5
895,2237.5,89.5,100,50.5
896,2240,89.60000000000001,100,50.5
897,2242.5,89.7,100,50.5
898,2245,89.80000000000001,100,50.5
899,2247.5,89.9,100,50.5
900,2250,90,100,50.5
901,2252.5,90.10000000000001,100,50.5
902,2255,90.2,100,50.5
903,2257.5,90.30000000000001,100,50.5
904,2260,90.4,100,50.5
905,2262.5,90.5,100,50.5
906,2265,90.60000000000001,100,50.5
907,2267.5,90.7,100,50.5
908,2270,90.80000000000001,100,50.5
909,2272.5,90.9,100,50.5
910,2275,91,100,50.5
911,2277.5,91.10000000000001,100,50.5
912,2280,91.2,100,50.5
913,2282.5,91.30000000000001,100,50.5
914,2285,91.4,100,50.5
915,2287.5,91.5,100,50.5
916,2290,91.60000000000001,100,50.5
917,2292.5,91.7,100,50.5
918,2295,91.80000000000001,100,50.5
919,2297.5,91.9,100,50.5
920,2300,92,100,50.5
921,2302.5,92.10000000000001,100,50.5
922,2305,92.2,100,50.5
923,2307.5,92.30000000000001,100,50.5
924,2310,92.4,100,50.5
925,2312.5,92.5,100,50.5
926,2315,92.60000000000001,100,50.5
927,2317.5,92.7,100,50.5
928,2320,92.80000000000001,100,50.5
929,2322.5,92.9,100,50.5
930,2325,93,100,50.5
931,2327.5,93.10000000000001,100,50.5
932,2330,93.2,100,50.5
933,2332.5,93.30000000000001,100,50.5
934,2335,93.4,100,50.5
935,2337.5,93.5,100,50.5
936,2340,93.60000000000001,100,50.5
937,2342.5,93.7,100,50.5
938,2345,93.80000000000001,100,50.5
939,2347.5,93.9,100,50.5
940,2350,94,100,50.5
941,2352.5,94.10000000000001,100,50.5
942,2355,94.2,100,50.5
943,2357.5,94.30000000000001,100,50.5
944,2360,94.4,100,50.5
945,2362.5,94.5,100,50.5
946,2365,94.60000000000001,100,50.5
947,2367.5,94.7,100,50.5
948,2370,94.80000000000001,100,50.5
949,2372.5,94.9,100,50.5
950,2375,95,100,50.5
951,2377.5,95.10000000000001,100,50.5
952,2380,95.2,100,50.5
953,2382.5,95.30000000000001,100,50.5
954,2385,95.4,100,50.5
955,2387.5,95.5,100,50.5
956,2390,95.60000000000001,100,50.5
957,2392.5,95.7,100,50.5
958,2395,95.80000000000001,100,50.5
959,2397.5,95.9,100,50.5
960,2400,96,100,50.5
961,2402.5,96.10000000000001,100,50.5
962,2405,96.2,100,50.5
963,2407.5,96.30000000000001,100,50.5
964,2410,96.4,100,50.5
965,2412.5,96.5,100,50.5
966,2415,96.60000000000001,100,50.5
967,2417.5,96.7,100,50.5
968,2420,96.80000000000001,100,50.5
969,2422.5,96.9,100,50.5
970,2425,97,100,50.5
971,2427.5,97.10000000000001,100,50.5
972,2430,97.2,100,50.5
973,2432.5,97.30000000000001,100,50.5
974,2435,97.4,100,50.5
975,2437.5,97.5,100,50.5
976,2440,97.60000000000001,100,50.5
977,2442.5,97.7,100,50.5
978,2445,97.80000000000001,100,50.5
979,2447.5,97.9,100,50.5
980,2450,98,100,50.5
981,2452.5,98.10000000000001,100,50.5
982,2455,98.2,100,50.5
983,2457.5,98.30000000000001,100,50.5
984,2460,98.4,100,50.5
985,2462.5,98.5,100,50.5
986,2465,98.60000000000001,100,50.5
987,2467.5,98.7,100,50.5
988,2470,98.80000000000001,100,50.5
989,2472.5,98.9,100,50.5
990,2475,99,100,50.5
991,2477.5,99.10000000000001,100,50.5
992,2480,99.2,100,50.5
993,2482.5,99.30000000000001,100,50.5
994,2485,99.4,100,50.5
995,2487.5,99.5,100,50.5
996,2490,99.60000000000001,100,50.5
997,2492.5,99.7,100,50.5
998,2495,99.80000000000001,100,50.5
999,2497.5,99.9,100,50.5
1000,2500,100,100,50.5
1001,2502.5,100.10000000000001,100,50.5
1002,2505,100.2,100,50.5
1003,2507.5,100.30000000000001,100,50.5
1004,2510,100.4,100,50.5
1005,2512.5,100.5,100,50.5
1006,2515,100.60000000000001,100,50.5
1007,2517.5,100.7,100,50.5
1008,2520,100.80000000000001,100,50.5
1009,2522.5,100.9,100,50.5
1010,2525,101,100,50.5
1011,2527.5,101.10000000000001,100,50.5
1012,2530,101.2,100,50.5
1013,2532.5,101.30000000000001,100,50.5
1014,2535,101.4,100,50.5
1015,2537.5,101.5,100,50.5
1016,2540,101.60000000000001,100,50.5
1017,2542.5,101.7,100,50.5
1018,2545,101.80000000000001,100,50.5
1019,2547.5,101.9,100,50.5
1020,2550,102,100,50.5
1021,2552.5,102.10000000000001,100,50.5
1022,2555,102.2,100,50.5
1023,2557.5,102.30000000000001,100,50.5
1024,2560,102.4,100,50.5
1025,2562.5,102.5,100,50.5
1026,2565,102.60000000000001,100,50.5
1027,2567.5,102.7,100,50.5
1028,2570,102.80000000000001,100,50.5
1029,2572.5,102.9,100,50.5
1030,2575,103,100,50.5
1031,2577.5,103.10000000000001,100,50.5
1032,2580,103.2,100,50.5
1033,2582.5,103.30000000000001,100,50.5
1034,2585,103.4,100,50.5
1035,2587.5,103.5,100,50.5
1036,2590,103.60000000000001,100,50.5
1037,2592.5,103.7,100,50.5
1038,2595,103.80000000000001,100,50.5
1039,2597.5,103.9,100,50.5
1040,2600,104,100,50.5
1041,2602.5,104.10000000000001,100,50.5
1042,2605,104.2,100,50.5
1043,2607.5,104.30000000000001,100,50.5
1044,2610,104.4,100,50.5
1045,2612.5,104.5,100,50.5
1046,2615,104.60000000000001,100,50.5
1047,2617.5,104.7,100,50.5
1048,2620,104.80000000000001,100,50.5
1049,2622.5,104.9,100,50.5
1050,2625,105,100,50.5
1051,2627.5,105.10000000000001,100,50.5
1052,2630,105.2,100,50.5
1053,2632.5,105.30000000000001,100,50.5
1054,2635,105.4,100,50.5
1055,2637.5,105.5,100,50.5
1056,2640,105.60000000000001,100,50.5
1057,2642.5,105.7,100,50.5
1058,2645,105.80000000000001,100,50.5
1059,2647.5,105.9,100,50.5
1060,2650,106,100,50.5
1061,2652.5,106.10000000000001,100,50.5
1062,2655,106.2,100,50.5
1063,2657.5,106.30000000000001,100,50.5
1064,2660,106.4,100,50.5
1065,2662.5,106.5,100,50.5
1066,2665,106.60000000000001,100,50.5
1067,2667.5,106.7,100,50.5
1068,2670,106.80000000000001,100,50.5
1069,2672.5,106.9,100,50.5
1070,2675,107,100,50.5
1071,2677.5,107.10000000000001,100,50.5
1072,2680,107.2,100,50.5
1073,2682.5,107.30000000000001,100,50.5
1074,2685,107.4,100,50.5
1075,2687.5,107.5,100,50.5
1076,2690,107.60000000000001,100,50.5
1077,2692.5,107.7,100,50.5
1078,2695,107.80000000000001,100,50.5
1079,2697.5,107.9,100,50.5
1080,2700,108,100,50.5
1081,2702.5,108.10000000000001,100,50.5
1082,2705,108.2,100,50.5
1083,2707.5,108.30000000000001,100,50.5
1084,2710,108.4,100,50.5
1085,2712.5,108.5,100,50.5
1086,2715,108.60000000000001,100,50.5
1087,2717.5,108.7,100,50.5
1088,2720,108.80000000000001,100,50.5
1089,2722.5,108.9,100,50.5
1090,2725,109,100,50.5
1091,2727.5,109.10000000000001,100,50.5
1092,2730,109.2,100,50.5
1093,2732.5,109.30000000000001,100,50.5
1094,2735,109.4,100,50.5
1095,2737.5,109.5,100,50.5
1096,2740,109.60000000000001,100,50.5
1097,2742.5,109.7,100,50.5
1098,2745,109.80000000000001,100,50.5
1099,2747.5,109.9,100,50.5
1100,2750,110,100,50.5
1101,2752.5,110.10000000000001,100,50.5
1102,2755,110.2,100,50.5
1103,2757.5,110.30000000000001,100,50.5
1104,2760,110.4,100,50.5
1105,2762.5,110.5,100,50.5
1106,2765,110.60000000000001,100,50.5
1107,2767.5,110.7,100,50.5
1108,2770,110.80000000000001,100,50.5
1109,2772.5,110.9,100,50.5
1110,2775,111,100,50.5
1111,2777.5,111.10000000000001,100,50.5
1112,2780,111.2,100,50.5
1113,2782.5,111.30000000000001,100,50.5
1114,2785,111.4,100,50.5
1115,2787.5,111.5,100,50.5
1116,2790,111.60000000000001,100,50.5
1117,2792.5,111.7,100,50.5
1118,2795,111.80000000000001,100,50.5
1119,2797.5,111.9,100,50.5
1120,2800,112,100,50.5
1121,2802.5,112.10000000000001,100,50.5
1122,2805,112.2,100,50.5
1123,2807.5,112.30000000000001,100,50.5
1124,2810,112.4,100,50.5
1125,2812.5,112.5,100,50.5
1126,2815,112.60000000000001,100,50.5
1127,2817.5,112.7,100,50.5
1128,2820,112.80000000000001,100,50.5
1129,2822.5,112.9,100,50.5
1130,2825,113,100,50.5
1131,2827.5,113.10000000000001,100,50.5
1132,2830,113.2,100,50.5
1133,2832.5,113.30000000000001,100,50.5
1134,2835,113.4,100,50.5
1135,2837.5,113.5,100,50.5
1136,2840,113.60000000000001,100,50.5
1137,2842.5,113.7,100,50.5
1138,2845,113.80000000000001,100,50.5
1139,2847.5,113.9,100,50.5
1140,2850,114,100,50.5
1141,2852.5,114.10000000000001,100,50.5
1142,2855,114.2,100,50.5
1143,2857.5,114.30000000000001,100,50.5
1144,2860,114.4,100,50.5
1145,2862.5,114.5,100,50.5
1146,2865,114.60000000000001,100,50.5
1147,2867.5,114.7,100,50.5
1148,2870,114.80000000000001,100,50.5
1149,2872.5,114.9,100,50.5
1150,2875,115,100,50.5
1151,2877.5,115.10000000000001,100,50.5
1152,2880,115.2,100,50.5
1153,2882.5,115.30000000000001,100,50.5
1154,2885,115.4,100,50.5
1155,2887.5,115.5,100,50.5
1156,2890,115.60000000000001,100,50.5
1157,2892.5,115.7,100,50.5
1158,2895,115.80000000000001,100,50.5
1159,2897.5,115.9,100,50.5
1160,2900,116,100,50.5
1161,2902.5,116.10000000000001,100,50.5
1162,2905,116.2,100,50.5
1163,2907.5,116.30000000000001,100,50.5
1164,2910,116.4,100,50.5
1165,2912.5,116.5,100,50.5
1166,2915,116.60000000000001,100,50.5
1167,2917.5,116.7,100,50.5
1168,2920,116.80000000000001,100,50.5
1169,2922.5,116.9,100,50.5
1170,2925,117,100,50.5
1171,2927.5,117.10000000000001,100,50.5
1172,2930,117.2,100,50.5
1173,2932.5,117.30000000000001,100,50.5
1174,2935,117.4,100,50.5
1175,2937.5,117.5,100,50.5
1176,2940,117.60000000000001,100,50.5
1177,2942.5,117.7,100,50.5
1178,2945,117.80000000000001,100,50.5
1179,2947.5,117.9,100,50.5
1180,2950,118,100,50.5
1181,2952.5,118.10000000000001,100,50.5
1182,2955,118.2,100,50.5
1183,2957.5,118.30000000000001,100,50.5
1184,2960,118.4,100,50.5
1185,2962.5,118.5,100,50.5
1186,2965,118.60000000000001,100,50.5
1187,2967.5,118.7,100,50.5
1188,2970,118.80000000000001,100,50.5
1189,2972.5,118.9,100,50.5
1190,2975,119,100,50.5
1191,2977.5,119.10000000000001,100,50.5
1192,2980,119.2,100,50.5
1193,2982.5,119.30000000000001,100,50.5
1194,2985,119.4,100,50.5
1195,2987.5,119.5,100,50.5
1196,2990,119.60000000000001,100,50.5
1197,2992.5,119.7,100,50.5
1198,2995,119.80000000000001,100,50.5
1199,2997.5,119.9,100,50.5
1200,3000,120,100,50.5
1201,3002.5,120.10000000000001,100,50.5
1202,3005,120.2,100,50.5
1203,3007.5,120.30000000000001,100,50.5
1204,3010,120.4,100,50.5
1205,3012.5,120.5,100,50.5
1206,3015,120.60000000000001,100,50.5
1207,3017.5,120.7,100,50.5
1208,3020,120.80000000000001,100,50.5
1209,3022.5,120.9,100,50.5
1210,3025,121,100,50.5
1211,3027.5,121.10000000000001,100,50.5
1212,3030,121.2,100,50.5
1213,3032.5,121.30000000000001,100,50.5
1214,3035,121.4,100,50.5
1215,3037.5,121.5,100,50.5
1216,3040,121.60000000000001,100,50.5
1217,3042.5,121.7,100,50.5
1218,3045,121.80000000000001,100,50.5
1219,3047.5,121.9,100,50.5
1220,3050,122,100,50.5
1221,3052.5,122.10000000000001,100,50.5
1222,3055,122.2,100,50.5
1223,3057.5,122.30000000000001,100,50.5
1224,3060,122.4,100,50.5
1225,3062.5,122.5,100,50.5
1226,3065,122.60000000000001,100,50.5
1227,3067.5,122.7,100,50.5
1228,3070,122.80000000000001,100,50.5
1229,3072.5,122.9,100,50.5
1230,3075,123,100,50.5
1231,3077.5,123.10000000000001,100,50.5
1232,3080,123.2,100,50.5
1233,3082.5,123.30000000000001,100,50.5
1234,3085,123.4,100,50.5
1235,3087.5,123.5,100,50.5
1236,3090,123.60000000000001,100,50.5
1237,3092.5,123.7,100,50.5
1238,3095,123.80000000000001,100,50.5
1239,3097.5,123.9,100,50.5
1240,3100,124,100,50.5
1241,3102.5,124.10000000000001,100,50.5
1242,3105,124.2,100,50.5
1243,3107.5,124.30000000000001,100,50.5
1244,3110,124.4,100,50.5
1245,3112.5,124.5,100,50.5
1246,3115,124.60000000000001,100,50.5
1247,3117.5,124.7,100,50.5
1248,3120,124.80000000000001,100,50.5
1249,3122.5,124.9,100,50.5
1250,3125,125,100,50.5
1251,3127.5,125.10000000000001,100,50.5
1252,3130,125.2,100,50.5
1253,3132.5,125.30000000000001,100,50.5
1254,3135,125.4,100,50.5
1255,3137.5,125.5,100,50.5
1256,3140,125.60000000000001,100,50.5
1257,3142.5,125.7,100,50.5
1258,3145,125.80000000000001,100,50.5
1259,3147.5,125.9,100,50.5
1260,3150,126,100,50.5
1261,3152.5,126.10000000000001,100,50.5
1262,3155,126.2,100,50.5
1263,3157.5,126.30000000000001,100,50.5
1264,3160,126.4,100,50.5
1265,3162.5,126.5,100,50.5
1266,3165,126.60000000000001,100,50.5
1267,3167.5,126.7,100,50.5
1268,3170,126.80000000000001,100,50.5
1269,3172.5,126.9,100,50.5
1270,3175,127,100,50.5
1271,3177.5,127.10000000000001,100,50.5
1272,3180,127.2,100,50.5
1273,3182.5,127.30000000000001,100,50.5
1274,3185,127.4,100,50.5
1275,3187.5,127.5,100,50.5
1276,3190,127.60000000000001,100,50.5
1277,3192.5,127.7,100,50.5
1278,3195,127.80000000000001,100,50.5
1279,3197.5,127.9,100,50.5
1280,3200,128,100,50.5
1281,3202.5,128.1,100,50.5
1282,3205,128.20000000000002,100,50.5
1283,3207.5,128.3,100,50.5
1284,3210,128.4,100,50.5
1285,3212.5,128.5,100,50.5
1286,3215,128.6,100,50.5
1287,3217.5,128.70000000000002,100,50.5
1288,3220,128.8,100,50.5
1289,3222.5,128.9,100,50.5
1290,3225,129,100,50.5
1291,3227.5,129.1,100,50.5
1292,3230,129.20000000000002,100,50.5
1293,3232.5,129.3,100,50.5
1294,3235,129.4,100,50.5
1295,3237.5,129.5,100,50.5
1296,3240,129.6,100,50.5
1297,3242.5,129.70000000000002,100,50.5
1298,3245,129.8,100,50.5
1299,3247.5,129.9,100,50.5
1300,3250,130,100,50.5
1301,3252.5,130.1,100,50.5
1302,3255,130.20000000000002,100,50.5
1303,3257.5,130.3,100,50.5
1304,3260,130.4,100,50.5
1305,3262.5,130.5,100,50.5
1306,3265,130.6,100,50.5
1307,3267.5,130.70000000000002,100,50.5
1308,3270,130.8,100,50.5
1309,3272.5,130.9,100,50.5
1310,3275,131,100,50.5
1311,3277.5,131.1,100,50.5
1312,3280,131.20000000000002,100,50.5
1313,3282.5,131.3,100,50.5
1314,3285,131.4,100,50.5
1315,3287.5,131.5,100,50.5
1316,3290,131.6,100,50.5
1317,3292.5,131.70000000000002,100,50.5
1318,3295,131.8,100,50.5
1319,3297.5,131.9,100,50.5
1320,3300,132,100,50.5
1321,3302.5,132.1,100,50.5
1322,3305,132.20000000000002,100,50.5
1323,3307.5,132.3,100,50.5
1324,3310,132.4,100,50.5
1325,3312.5,132.5,100,50.5
1326,3315,132.6,100,50.5
1327,3317.5,132.70000000000002,100,50.5
1328,3320,132.8,100,50.5
1329,3322.5,132.9,100,50.5
1330,3325,133,100,50.5
1331,3327.5,133.1,100,50.5
1332,3330,133.20000000000002,100,50.5
1333,3332.5,133.3,100,50.5
1334,3335,133.4,100,50.5
1335,3337.5,133.5,100,50.5
1336,3340,133.6,100,50.5
1337,3342.5,133.70000000000002,100,50.5
1338,3345,133.8,100,50.5
1339,3347.5,133.9,100,50.5
1340,3350,134,100,50.5
1341,3352.5,134.1,100,50.5
1342,3355,134.20000000000002,100,50.5
1343,3357.5,134.3,100,50.5
1344,3360,134.4,100,50.5
1345,3362.5,134.5,100,50.5
1346,3365,134.6,100,50.5
1347,3367.5,134.70000000000002,100,50.5
1348,3370,134.8,100,50.5
1349,3372.5,134.9,100,50.5
1350,3375,135,100,50.5
1351,3377.5,135.1,100,50.5
1352,3380,135.20000000000002,100,50.5
1353,3382.5,135.3,100,50.5
1354,3385,135.4,100,50.5
1355,3387.5,135.5,100,50.5
1356,3390,135.6,100,50.5
1357,3392.5,135.70000000000002,100,50.5
1358,3395,135.8,100,50.5
1359,3397.5,135.9,100,50.5
1360,3400,136,100,50.5
1361,3402.5,136.1,100,50.5
1362,3405,136.20000000000002,100,50.5
1363,3407.5,136.3,100,50.5
1364,3410,136.4,100,50.5
1365,3412.5,136.5,100,50.5
1366,3415,136.6,100,50.5
1367,3417.5,136.70000000000002,100,50.5
1368,3420,136.8,100,50.5
1369,3422.5,136.9,100,50.5
1370,3425,137,100,50.5
1371,3427.5,137.1,100,50.5
1372,3430,137.20000000000002,100,50.5
1373,3432.5,137.3,100,50.5
1374,3435,137.4,100,50.5
1375,3437.5,137.5,100,50.5
1376,3440,137.6,100,50.5
1377,3442.5,137.70000000000002,100,50.5
1378,3445,137.8,100,50.5
1379,3447.5,137.9,100,50.5
1380,3450,138,100,50.5
1381,3452.5,138.1,100,50.5
1382,3455,138.20000000000002,100,50.5
1383,3457.5,138.3,100,50.5
1384,3460,138.4,100,50.5
1385,3462.5,138.5,100,50.5
1386,3465,138.6,100,50.5
1387,3467.5,138.70000000000002,100,50.5
1388,3470,138.8,100,50.5
1389,3472.5,138.9,100,50.5
1390,3475,139,100,50.5
1391,3477.5,139.1,100,50.5
1392,3480,139.20000000000002,100,50.5
1393,3482.5,139.3,100,50.5
1394,3485,139.4,100,50.5
1395,3487.5,139.5,100,50.5
1396,3490,139.6,100,50.5
1397,3492.5,139.70000000000002,100,50.5
1398,3495,139.8,100,50.5
1399,3497.5,139.9,100,50.5
1400,3500,140,100,50.5
1401,3502.5,140.1,100,50.5
1402,3505,140.20000000000002,100,50.5
1403,3507.5,140.3,100,50.5
1404,3510,140.4,100,50.5
1405,3512.5,140.5,100,50.5
1406,3515,140.6,100,50.5
1407,3517.5,140.70000000000002,100,50.5
1408,3520,140.8,100,50.5
1409,3522.5,140.9,100,50.5
1410,3525,141,100,50.5
1411,3527.5,141.1,100,50.5
1412,3530,141.20000000000002,100,50.5
1413,3532.5,141.3,100,50.5
1414,3535,141.4,100,50.5
1415,3537.5,141.5,100,50.5
1416,3540,141.6,100,50.5
1417,3542.5,141.70000000000002,100,50.5
1418,3545,141.8,100,50.5
1419,3547.5,141.9,100,50.5
1420,3550,142,100,50.5
1421,3552.5,142.1,100,50.5
1422,3555,142.20000000000002,100,50.5
1423,3557.5,142.3,100,50.5
1424,3560,142.4,100,50.5
1425,3562.5,142.5,100,50.5
1426,3565,142.6,100,50.5
1427,3567.5,142.70000000000002,100,50.5
1428,3570,142.8,100,50.5
1429,3572.5,142.9,100,50.5
1430,3575,143,100,50.5
1431,3577.5,143.1,100,50.5
1432,3580,143.20000000000002,100,50.5
1433,3582.5,143.3,100,50.5
1434,3585,143.4,100,50.5
1435,3587.5,143.5,100,50.5
1436,3590,143.6,100,50.5
1437,3592.5,143.70000000000002,100,50.5
1438,3595,143.8,100,50.5
1439,3597.5,143.9,100,50.5
1440,3600,144,100,50.5
1441,3602.5,144.1,100,50.5
1442,3605,144.20000000000002,100,50.5
1443,3607.5,144.3,100,50.5
1444,3610,144.4,100,50.5
1445,3612.5,144.5,100,50.5
1446,3615,144.6,100,50.5
1447,3617.5,144.70000000000002,100,50.5
1448,3620,144.8,100,50.5
1449,3622.5,144.9,100,50.5
1450,3625,145,100,50.5
1451,3627.5,145.1,100,50.5
1452,3630,145.20000000000002,100,50.5
1453,3632.5,145.3,100,50.5
1454,3635,145.4,100,50.5
1455,3637.5,145.5,100,50.5
1456,3640,145.6,100,50.5
1457,3642.5,145.70000000000002,100,50.5
1458,3645,145.8,100,50.5
1459,3647.5,145.9,100,50.5
1460,3650,146,100,50.5
1461,3652.5,146.1,100,50.5
1462,3655,146.20000000000002,100,50.5
1463,3657.5,146.3,100,50.5
1464,3660,146.4,100,50.5
1465,3662.5,146.5,100,50.5
1466,3665,146.6,100,50.5
1467,3667.5,146.70000000000002,100,50.5
1468,3670,146.8,100,50.5
1469,3672.5,146.9,100,50.5
1470,3675,147,100,50.5
1471,3677.5,147.1,100,50.5
1472,3680,147.20000000000002,100,50.5
1473,3682.5,147.3,100,50.5
1474,3685,147.4,100,50.5
1475,3687.5,147.5,100,50.5
1476,3690,147.6,100,50.5
1477,3692.5,147.70000000000002,100,50.5
1478,3695,147.8,100,50.5
1479,3697.5,147.9,100,50.5
1480,3700,148,100,50.5
1481,3702.5,148.1,100,50.5
1482,3705,148.20000000000002,100,50.5
1483,3707.5,148.3,100,50.5
1484,3710,148.4,100,50.5
1485,3712.5,148.5,100,50.5
1486,3715,148.6,100,50.5
1487,3717.5,148.70000000000002,100,50.5
1488,3720,148.8,100,50.5
1489,3722.5,148.9,100,50.5
1490,3725,149,100,50.5
1491,3727.5,149.1,100,50.5
1492,3730,149.20000000000002,100,50.5
1493,3732.5,149.3,100,50.5
1494,3735,149.4,100,50.5
1495,3737.5,149.5,100,50.5
1496,3740,149.6,100,50.5
1497,3742.5,149.70000000000002,100,50.5
1498,3745,149.8,100,50.5
1499,3747.5,149.9,100,50.5
1500,3750,150,100,50.5
1501,3752.5,150.1,100,50.5
1502,3755,150.20000000000002,100,50.5
1503,3757.5,150.3,100,50.5
1504,3760,150.4,100,50.5
1505,3762.5,150.5,100,50.5
1506,3765,150.6,100,50.5
1507,3767.5,150.70000000000002,100,50.5
1508,3770,150.8,100,50.5
1509,3772.5,150.9,100,50.5
1510,3775,151,100,50.5
1511,3777.5,151.1,100,50.5
1512,3780,151.20000000000002,100,50.5
1513,3782.5,151.3,100,50.5
1514,3785,151.4,100,50.5
1515,3787.5,151.5,100,50.5
1516,3790,151.6,100,50.5
1517,3792.5,151.70000000000002,100,50.5
1518,3795,151.8,100,50.5
1519,3797.5,151.9,100,50.5
1520,3800,152,100,50.5
1521,3802.5,152.1,100,50.5
1522,3805,152.20000000000002,100,50.5
1523,3807.5,152.3,100,50.5
1524,3810,152.4,100,50.5
1525,3812.5,152.5,100,50.5
1526,3815,152.6,100,50.5
1527,3817.5,152.70000000000002,100,50.5
1528,3820,152.8,100,50.5
1529,3822.5,152.9,100,50.5
1530,3825,153,100,50.5
1531,3827.5,153.1,100,50.5
1532,3830,153.20000000000002,100,50.5
1533,3832.5,153.3,100,50.5
1534,3835,153.4,100,50.5
1535,3837.5,153.5,100,50.5
1536,3840,153.60000000000002,100,50.5
1537,3842.5,153.70000000000002,100,50.5
1538,3845,153.8,100,50.5
1539,3847.5,153.9,100,50.5
1540,3850,154,100,50.5
1541,3852.5,154.10000000000002,100,50.5
1542,3855,154.20000000000002,100,50.5
1543,3857.5,154.3,100,50.5
1544,3860,154.4,100,50.5
1545,3862.5,154.5,100,50.5
1546,3865,154.60000000000002,100,50.5
1547,3867.5,154.70000000000002,100,50.5
1548,3870,154.8,100,50.5
1549,3872.5,154.9,100,50.5
1550,3875,155,100,50.5
1551,3877.5,155.10000000000002,100,50.5
1552,3880,155.20000000000002,100,50.5
1553,3882.5,155.3,100,50.5
1554,3885,155.4,100,50.5
1555,3887.5,155.5,100,50.5
1556,3890,155.60000000000002,100,50.5
1557,3892.5,155.70000000000002,100,50.5
1558,3895,155.8,100,50.5
1559,3897.5,155.9,100,50.5
1560,3900,156,100,50.5
1561,3902.5,156.10000000000002,100,50.5
1562,3905,156.20000000000002,100,50.5
1563,3907.5,156.3,100,50.5
1564,3910,156.4,100,50.5
1565,3912.5,156.5,100,50.5
1566,3915,156.60000000000002,100,50.5
1567,3917.5,156.70000000000002,100,50.5
1568,3920,156.8,100,50.5
1569,3922.5,156.9,100,50.5
1570,3925,157,100,50.5
1571,3927.5,157.10000000000002,100,50.5
1572,3930,157.20000000000002,100,50.5
1573,3932.5,157.3,100,50.5
1574,3935,157.4,100,50.5
1575,3937.5,157.5,100,50.5
1576,3940,157.60000000000002,100,50.5
1577,3942.5,157.70000000000002,100,50.5
1578,3945,157.8,100,50.5
1579,3947.5,157.9,100,50.5
1580,3950,158,100,50.5
1581,3952.5,158.10000000000002,100,50.5
1582,3955,158.20000000000002,100,50.5
1583,3957.5,158.3,100,50.5
1584,3960,158.4,100,50.5
1585,3962.5,158.5,100,50.5
1586,3965,158.60000000000002,100,50.5
1587,3967.5,158.70000000000002,100,50.5
1588,3970,158.8,100,50.5
1589,3972.5,158.9,100,50.5
1590,3975,159,100,50.5
1591,3977.5,159.10000000000002,100,50.5
1592,3980,159.20000000000002,100,50.5
1593,3982.5,159.3,100,50.5
1594,3985,159.4,100,50.5
1595,3987.5,159.5,100,50.5
1596,3990,159.60000000000002,100,50.5
1597,3992.5,159.70000000000002,100,50.5
1598,3995,159.8,100,50.5
1599,3997.5,159.9,100,50.5
1600,4000,160,100,50.5
1601,4002.5,160.10000000000002,100,50.5
1602,4005,160.20000000000002,100,50.5
1603,4007.5,160.3,100,50.5
1604,4010,160.4,100,50.5
1605,4012.5,160.5,100,50.5
1606,4015,160.60000000000002,100,50.5
1607,4017.5,160.70000000000002,100,50.5
1608,4020,160.8,100,50.5
1609,4022.5,160.9,100,50.5
1610,4025,161,100,50.5
1611,4027.5,161.10000000000002,100,50.5
1612,4030,161.20000000000002,100,50.5
1613,4032.5,161.3,100,50.5
1614,4035,161.4,100,50.5
1615,4037.5,161.5,100,50.5
1616,4040,161.60000000000002,100,50.5
1617,4042.5,161.70000000000002,100,50.5
1618,4045,161.8,100,50.5
1619,4047.5,161.9,100,50.5
1620,4050,162,100,50.5
1621,4052.5,162.10000000000002,100,50.5
1622,4055,162.20000000000002,100,50.5
1623,4057.5,162.3,100,50.5
1624,4060,162.4,100,50.5
1625,4062.5,162.5,100,50.5
1626,4065,162.60000000000002,100,50.5
1627,4067.5,162.70000000000002,100,50.5
1628,4070,162.8,100,50.5
1629,4072.5,162.9,100,50.5
1630,4075,163,100,50.5
1631,4077.5,163.10000000000002,100,50.5
1632,4080,163.20000000000002,100,50.5
1633,4082.5,163.3,100,50.5
1634,4085,163.4,100,50.5
1635,4087.5,163.5,100,50.5
1636,4090,163.60000000000002,100,50.5
1637,4092.5,163.70000000000002,100,50.5
1638,4095,163.8,100,50.5
1639,4097.5,163.9,100,50.5
1640,4100,164,100,50.5
1641,4102.5,164.10000000000002,100,50.5
1642,4105,164.20000000000002,100,50.5
1643,4107.5,164.3,100,50.5
1644,4110,164.4,100,50.5
1645,4112.5,164.5,100,50.5
1646,4115,164.60000000000002,100,50.5
1647,4117.5,164.70000000000002,100,50.5
1648,4120,164.8,100,50.5
1649,4122.5,164.9,100,50.5
1650,4125,165,100,50.5
1651,4127.5,165.10000000000002,100,50.5
1652,4130,165.20000000000002,100,50.5
1653,4132.5,165.3,100,50.5
1654,4135,165.4,100,50.5
1655,4137.5,165.5,100,50.5
1656,4140,165.60000000000002,100,50.5
1657,4142.5,165.70000000000002,100,50.5
1658,4145,165.8,100,50.5
1659,4147.5,165.9,100,50.5
1660,4150,166,100,50.5
1661,4152.5,166.10000000000002,100,50.5
1662,4155,166.20000000000002,100,50.5
1663,4157.5,166.3,100,50.5
1664,4160,166.4,100,50.5
1665,4162.5,166.5,100,50.5
1666,4165,166.60000000000002,100,50.5
1667,4167.5,166.70000000000002,100,50.5
1668,4170,166.8,100,50.5
1669,4172.5,166.9,100,50.5
1670,4175,167,100,50.5
1671,4177.5,167.10000000000002,100,50.5
1672,4180,167.20000000000002,100,50.5
1673,4182.5,167.3,100,50.5
1674,4185,167.4,100,50.5
1675,4187.5,167.5,100,50.5
1676,4190,167.60000000000002,100,50.5
1677,4192.5,167.70000000000002,100,50.5
1678,4195,167.8,100,50.5
1679,4197.5,167.9,100,50.5
1680,4200,168,100,50.5
1681,4202.5,168.10000000000002,100,50.5
1682,4205,168.20000000000002,100,50.5
1683,4207.5,168.3,100,50.5
1684,4210,168.4,100,50.5
1685,4212.5,168.5,100,50.5
1686,4215,168.60000000000002,100,50.5
1687,4217.5,168.70000000000002,100,50.5
1688,4220,168.8,100,50.5
1689,4222.5,168.9,100,50.5
1690,4225,169,100,50.5
1691,4227.5,169.10000000000002,100,50.5
1692,4230,169.20000000000002,100,50.5
1693,4232.5,169.3,100,50.5
1694,4235,169.4,100,50.5
1695,4237.5,169.5,100,50.5
1696,4240,169.60000000000002,100,50.5
1697,4242.5,169.70000000000002,100,50.5
1698,4245,169.8,100,50.5
1699,4247.5,169.9,100,50.5
1700,4250,170,100,50.5
1701,4252.5,170.10000000000002,100,50.5
1702,4255,170.20000000000002,100,50.5
1703,4257.5,170.3,100,50.5
1704,4260,170.4,100,50.5
1705,4262.5,170.5,100,50.5
1706,4265,170.60000000000002,100,50.5
1707,4267.5,170.70000000000002,100,50.5
1708,4270,170.8,100,50.5
1709,4272.5,170.9,100,50.5
1710,4275,171,100,50.5
1711,4277.5,171.10000000000002,100,50.5
1712,4280,171.20000000000002,100,50.5
1713,4282.5,171.3,100,50.5
1714,4285,171.4,100,50.5
1715,4287.5,171.5,100,50.5
1716,4290,171.60000000000002,100,50.5
1717,4292.5,171.70000000000002,100,50.5
1718,4295,171.8,100,50.5
1719,4297.5,171.9,100,50.5
1720,4300,172,100,50.5
1721,4302.5,172.10000000000002,100,50.5
1722,4305,172.20000000000002,100,50.5
1723,4307.5,172.3,100,50.5
1724,4310,172.4,100,50.5
1725,4312.5,172.5,100,50.5
1726,4315,172.60000000000002,100,50.5
1727,4317.5,172.70000000000002,100,50.5
1728,4320,172.8,100,50.5
1729,4322.5,172.9,100,50.5
1730,4325,173,100,50.5
1731,4327.5,173.10000000000002,100,50.5
1732,4330,173.20000000000002,100,50.5
1733,4332.5,173.3,100,50.5
1734,4335,173.4,100,50.5
1735,4337.5,173.5,100,50.5
1736,4340,173.60000000000002,100,50.5
1737,4342.5,173.70000000000002,100,50.5
1738,4345,173.8,100,50.5
1739,4347.5,173.9,100,50.5
1740,4350,174,100,50.5
1741,4352.5,174.10000000000002,100,50.5
1742,4355,174.20000000000002,100,50.5
1743,4357.5,174.3,100,50.5
1744,4360,174.4,100,50.5
1745,4362.5,174.5,100,50.5
1746,4365,174.60000000000002,100,50.5
1747,4367.5,174.70000000000002,100,50.5
1748,4370,174.8,100,50.5
1749,4372.5,174.9,100,50.5
1750,4375,175,100,50.5
1751,4377.5,175.10000000000002,100,50.5
1752,4380,175.20000000000002,100,50.5
1753,4382.5,175.3,100,50.5
1754,4385,175.4,100,50.5
1755,4387.5,175.5,100,50.5
1756,4390,175.60000000000002,100,50.5
1757,4392.5,175.70000000000002,100,50.5
1758,4395,175.8,100,50.5
1759,4397.5,175.9,100,50.5
1760,4400,176,100,50.5
1761,4402.5,176.10000000000002,100,50.5
1762,4405,176.20000000000002,100,50.5
1763,4407.5,176.3,100,50.5
1764,4410,176.4,100,50.5
1765,4412.5,176.5,100,50.5
1766,4415,176.60000000000002,100,50.5
1767,4417.5,176.70000000000002,100,50.5
1768,4420,176.8,100,50.5
1769,4422.5,176.9,100,50.5
1770,4425,177,100,50.5
1771,4427.5,177.10000000000002,100,50.5
1772,4430,177.20000000000002,100,50.5
1773,4432.5,177.3,100,50.5
1774,4435,177.4,100,50.5
1775,4437.5,177.5,100,50.5
1776,4440,177.60000000000002,100,50.5
1777,4442.5,177.70000000000002,100,50.5
1778,4445,177.8,100,50.5
1779,4447.5,177.9,100,50.5
1780,4450,178,100,50.5
1781,4452.5,178.10000000000002,100,50.5
1782,4455,178.20000000000002,100,50.5
1783,4457.5,178.3,100,50.5
1784,4460,178.4,100,50.5
1785,4462.5,178.5,100,50.5
1786,4465,178.60000000000002,100,50.5
1787,4467.5,178.70000000000002,100,50.5
1788,4470,178.8,100,50.5
1789,4472.5,178.9,100,50.5
1790,4475,179,100,50.5
1791,4477.5,179.10000000000002,100,50.5
1792,4480,179.20000000000002,100,50.5
1793,4482.5,179.3,100,50.5
1794,4485,179.4,100,50.5
1795,4487.5,179.5,100,50.5
1796,4490,179.60000000000002,100,50.5
1797,4492.5,179.70000000000002,100,50.5
1798,4495,179.8,100,50.5
1799,4497.5,179.9,100,50.5
1800,4500,180,100,50.5
1801,4502.5,180.10000000000002,100,50.5
1802,4505,180.20000000000002,100,50.5
1803,4507.5,180.3,100,50.5
1804,4510,180.4,100,50.5
1805,4512.5,180.5,100,50.5
1806,4515,180.60000000000002,100,50.5
1807,4517.5,180.70000000000002,100,50.5
1808,4520,180.8,100,50.5
1809,4522.5,180.9,100,50.5
1810,4525,181,100,50.5
1811,4527.5,181.10000000000002,100,50.5
1812,4530,181.20000000000002,100,50.5
1813,4532.5,181.3,100,50.5
1814,4535,181.4,100,50.5
1815,4537.5,181.5,100,50.5
1816,4540,181.60000000000002,100,50.5
1817,4542.5,181.70000000000002,100,50.5
1818,4545,181.8,100,50.5
1819,4547.5,181.9,100,50.5
1820,4550,182,100,50.5
1821,4552.5,182.10000000000002,100,50.5
1822,4555,182.20000000000002,100,50.5
1823,4557.5,182.3,100,50.5
1824,4560,182.4,100,50.5
1825,4562.5,182.5,100,50.5
1826,4565,182.60000000000002,100,50.5
1827,4567.5,182.70000000000002,100,50.5
1828,4570,182.8,100,50.5
1829,4572.5,182.9,100,50.5
1830,4575,183,100,50.5
1831,4577.5,183.10000000000002,100,50.5
1832,4580,183.20000000000002,100,50.5
1833,4582.5,183.3,100,50.5
1834,4585,183.4,100,50.5
1835,4587.5,183.5,100,50.5
1836,4590,183.60000000000002,100,50.5
1837,4592.5,183.70000000000002,100,50.5
1838,4595,183.8,100,50.5
1839,4597.5,183.9,100,50.5
1840,4600,184,100,50.5
1841,4602.5,184.10000000000002,100,50.5
1842,4605,184.20000000000002,100,50.5
1843,4607.5,184.3,100,50.5
1844,4610,184.4,100,50.5
1845,4612.5,184.5,100,50.5
1846,4615,184.60000000000002,100,50.5
1847,4617.5,184.70000000000002,100,50.5
1848,4620,184.8,100,50.5
1849,4622.5,184.9,100,50.5
1850,4625,185,100,50.5
1851,4627.5,185.10000000000002,100,50.5
1852,4630,185.20000000000002,100,50.5
1853,4632.5,185.3,100,50.5
1854,4635,185.4,100,50.5
1855,4637.5,185.5,100,50.5
1856,4640,185.60000000000002,100,50.5
1857,4642.5,185.70000000000002,100,50.5
1858,4645,185.8,100,50.5
1859,4647.5,185.9,100,50.5
1860,4650,186,100,50.5
1861,4652.5,186.10000000000002,100,50.5
1862,4655,186.20000000000002,100,50.5
1863,4657.5,186.3,100,50.5
1864,4660,186.4,100,50.5
1865,4662.5,186.5,100,50.5
1866,4665,186.60000000000002,100,50.5
1867,4667.5,186.70000000000002,100,50.5
1868,4670,186.8,100,50.5
1869,4672.5,186.9,100,50.5
1870,4675,187,100,50.5
1871,4677.5,187.10000000000002,100,50.5
1872,4680,187.20000000000002,100,50.5
1873,4682.5,187.3,100,50.5
1874,4685,187.4,100,50.5
1875,4687.5,187.5,100,50.5
1876,4690,187.60000000000002,100,50.5
1877,4692.5,187.70000000000002,100,50.5
1878,4695,187.8,100,50.5
1879,4697.5,187.9,100,50.5
1880,4700,188,100,50.5
1881,4702.5,188.10000000000002,100,50.5
1882,4705,188.20000000000002,100,50.5
1883,4707.5,188.3,100,50.5
1884,4710,188.4,100,50.5
1885,4712.5,188.5,100,50.5
1886,4715,188.60000000000002,100,50.5
1887,4717.5,188.70000000000002,100,50.5
1888,4720,188.8,100,50.5
1889,4722.5,188.9,100,50.5
1890,4725,189,100,50.5
1891,4727.5,189.10000000000002,100,50.5
1892,4730,189.20000000000002,100,50.5
1893,4732.5,189.3,100,50.5
1894,4735,189.4,100,50.5
1895,4737.5,189.5,100,50.5
1896,4740,189.60000000000002,100,50.5
1897,4742.5,189.70000000000002,100,50.5
1898,4745,189.8,100,50.5
1899,4747.5,189.9,100,50.5
1900,4750,190,100,50.5
1901,4752.5,190.10000000000002,100,50.5
1902,4755,190.20000000000002,100,50.5
1903,4757.5,190.3,100,50.5
1904,4760,190.4,100,50.5
1905,4762.5,190.5,100,50.5
1906,4765,190.60000000000002,100,50.5
1907,4767.5,190.70000000000002,100,50.5
1908,4770,190.8,100,50.5
1909,4772.5,190.9,100,50.5
1910,4775,191,100,50.5
1911,4777.5,191.10000000000002,100,50.5
1912,4780,191.20000000000002,100,50.5
1913,4782.5,191.3,100,50.5
1914,4785,191.4,100,50.5
1915,4787.5,191.5,100,50.5
1916,4790,191.60000000000002,100,50.5
1917,4792.5,191.70000000000002,100,50.5
1918,4795,191.8,100,50.5
1919,4797.5,191.9,100,50.5
1920,4800,192,100,50.5
1921,4802.5,192.10000000000002,100,50.5
1922,4805,192.20000000000002,100,50.5
1923,4807.5,192.3,100,50.5
1924,4810,192.4,100,50.5
1925,4812.5,192.5,100,50.5
1926,4815,192.60000000000002,100,50.5
1927,4817.5,192.70000000000002,100,50.5
1928,4820,192.8,100,50.5
1929,4822.5,192.9,100,50.5
1930,4825,193,100,50.5
1931,4827.5,193.10000000000002,100,50.5
1932,4830,193.20000000000002,100,50.5
1933,4832.5,193.3,100,50.5
1934,4835,193.4,100,50.5
1935,4837.5,193.5,100,50.5
1936,4840,193.60000000000002,100,50.5
1937,4842.5,193.70000000000002,100,50.5
1938,4845,193.8,100,50.5
1939,4847.5,193.9,100,50.5
1940,4850,194,100,50.5
1941,4852.5,194.10000000000002,100,50.5
1942,4855,194.20000000000002,100,50.5
1943,4857.5,194.3,100,50.5
1944,4860,194.4,100,50.5
1945,4862.5,194.5,100,50.5
1946,4865,194.60000000000002,100,50.5
1947,4867.5,194.70000000000002,100,50.5
1948,4870,194.8,100,50.5
1949,4872.5,194.9,100,50.5
1950,4875,195,100,50.5
1951,4877.5,195.10000000000002,100,50.5
1952,4880,195.20000000000002,100,50.5
1953,4882.5,195.3,100,50.5
1954,4885,195.4,100,50.5
1955,4887.5,195.5,100,50.5
1956,4890,195.60000000000002,100,50.5
1957,4892.5,195.70000000000002,100,50.5
1958,4895,195.8,100,50.5
1959,4897.5,195.9,100,50.5
1960,4900,196,100,50.5
1961,4902.5,196.10000000000002,100,50.5
1962,4905,196.20000000000002,100,50.5
1963,4907.5,196.3,100,50.5
1964,4910,196.4,100,50.5
1965,4912.5,196.5,100,50.5
1966,4915,196.60000000000002,100,50.5
1967,4917.5,196.70000000000002,100,50.5
1968,4920,196.8,100,50.5
1969,4922.5,196.9,100,50.5
1970,4925,197,100,50.5
1971,4927.5,197.10000000000002,100,50.5
1972,4930,197.20000000000002,100,50.5
1973,4932.5,197.3,100,50.5
1974,4935,197.4,100,50.5
1975,4937.5,197.5,100,50.5
1976,4940,197.60000000000002,100,50.5
1977,4942.5,197.70000000000002,100,50.5
1978,4945,197.8,100,50.5
1979,4947.5,197.9,100,50.5
1980,4950,198,100,50.5
1981,4952.5,198.10000000000002,100,50.5
1982,4955,198.20000000000002,100,50.5
1983,4957.5,198.3,100,50.5
1984,4960,198.4,100,50.5
1985,4962.5,198.5,100,50.5
1986,4965,198.60000000000002,100,50.5
1987,4967.5,198.70000000000002,100,50.5
1988,4970,198.8,100,50.5
1989,4972.5,198.9,100,50.5
1990,4975,199,100,50.5
1991,4977.5,199.10000000000002,100,50.5
1992,4980,199.20000000000002,100,50.5
1993,4982.5,199.3,100,50.5
1994,4985,199.4,100,50.5
1995,4987.5,199.5,100,50.5
1996,4990,199.60000000000002,100,50.5
1997,4992.5,199.70000000000002,100,50.5
1998,4995,199.8,100,50.5
1999,4997.5,199.9,100,50.5
2000,5000,200,100,50.5
2001,5002.5,200.10000000000002,100,50.5
2002,5005,200.20000000000002,100,50.5
2003,5007.5,200.3,100,50.5
2004,5010,200.4,100,50.5
2005,5012.5,200.5,100,50.5
2006,5015,200.60000000000002,100,50.5
2007,5017.5,200.70000000000002,100,50.5
2008,5020,200.8,100,50.5
2009,5022.5,200.9,100,50.5
2010,5025,201,100,50.5
2011,5027.5,201.10000000000002,100,50.5
2012,5030,201.20000000000002,100,50.5
2013,5032.5,201.3,100,50.5
2014,5035,201.4,100,50.5
2015,5037.5,201.5,100,50.5
2016,5040,201.60000000000002,100,50.5
2017,5042.5,201.70000000000002,100,50.5
2018,5045,201.8,100,50.5
2019,5047.5,201.9,100,50.5
2020,5050,202,100,50.5
2021,5052.5,202.10000000000002,100,50.5
2022,5055,202.20000000000002,100,50.5
2023,5057.5,202.3,100,50.5
2024,5060,202.4,100,50.5
2025,5062.5,202.5,100,50.5
2026,5065,202.60000000000002,100,50.5
2027,5067.5,202.70000000000002,100,50.5
2028,5070,202.8,100,50.5
2029,5072.5,202.9,100,50.5
2030,5075,203,100,50.5
2031,5077.5,203.10000000000002,100,50.5
2032,5080,203.20000000000002,100,50.5
2033,5082.5,203.3,100,50.5
2034,5085,203.4,100,50.5
2035,5087.5,203.5,100,50.5
2036,5090,203.60000000000002,100,50.5
2037,5092.5,203.70000000000002,100,50.5
2038,5095,203.8,100,50.5
2039,5097.5,203.9,100,50.5
2040,5100,204,100,50.5
2041,5102.5,204.10000000000002,100,50.5
2042,5105,204.20000000000002,100,50.5
2043,5107.5,204.3,100,50.5
2044,5110,204.4,100,50.5
2045,5112.5,204.5,100,50.5
2046,5115,204.60000000000002,100,50.5
2047,5117.5,204.70000000000002,100,50.5
2048,5120,204.8,100,50.5
2049,5122.5,204.9,100,50.5
2050,5125,205,100,50.5
2051,5127.5,205.10000000000002,100,50.5
2052,5130,205.20000000000002,100,50.5
2053,5132.5,205.3,100,50.5
2054,5135,205.4,100,50.5
2055,5137.5,205.5,100,50.5
2056,5140,205.60000000000002,100,50.5
2057,5142.5,205.70000000000002,100,50.5
2058,5145,205.8,100,50.5
2059,5147.5,205.9,100,50.5
2060,5150,206,100,50.5
2061,5152.5,206.10000000000002,100,50.5
2062,5155,206.20000000000002,100,50.5
2063,5157.5,206.3,100,50.5
2064,5160,206.4,100,50.5
2065,5162.5,206.5,100,50.5
2066,5165,206.60000000000002,100,50.5
2067,5167.5,206.70000000000002,100,50.5
2068,5170,206.8,100,50.5
2069,5172.5,206.9,100,50.5
2070,5175,207,100,50.5
2071,5177.5,207.10000000000002,100,50.5
2072,5180,207.20000000000002,100,50.5
2073,5182.5,207.3,100,50.5
2074,5185,207.4,100,50.5
2075,5187.5,207.5,100,50.5
2076,5190,207.60000000000002,100,50.5
2077,5192.5,207.70000000000002,100,50.5
2078,5195,207.8,100,50.5
2079,5197.5,207.9,100,50.5
2080,5200,208,100,50.5
2081,5202.5,208.10000000000002,100,50.5
2082,5205,208.20000000000002,100,50.5
2083,5207.5,208.3,100,50.5
2084,5210,208.4,100,50.5
2085,5212.5,208.5,100,50.5
2086,5215,208.60000000000002,100,50.5
2087,5217.5,208.70000000000002,100,50.5
2088,5220,208.8,100,50.5
2089,5222.5,208.9,100,50.5
2090,5225,209,100,50.5
2091,5227.5,209.10000000000002,100,50.5
2092,5230,209.20000000000002,100,50.5
2093,5232.5,209.3,100,50.5
2094,5235,209.4,100,50.5
2095,5237.5,209.5,100,50.5
2096,5240,209.60000000000002,100,50.5
2097,5242.5,209.70000000000002,100,50.5
2098,5245,209.8,100,50.5
2099,5247.5,209.9,100,50.5
2100,5250,210,100,50.5
2101,5252.5,210.10000000000002,100,50.5
2102,5255,210.20000000000002,100,50.5
2103,5257.5,210.3,100,50.5
2104,5260,210.4,100,50.5
2105,5262.5,210.5,100,50.5
2106,5265,210.60000000000002,100,50.5
2107,5267.5,210.70000000000002,100,50.5
2108,5270,210.8,100,50.5
2109,5272.5,210.9,100,50.5
2110,5275,211,100,50.5
2111,5277.5,211.10000000000002,100,50.5
2112,5280,211.20000000000002,100,50.5
2113,5282.5,211.3,100,50.5
2114,5285,211.4,100,50.5
2115,5287.5,211.5,100,50.5
2116,5290,211.60000000000002,100,50.5
2117,5292.5,211.70000000000002,100,50.5
2118,5295,211.8,100,50.5
2119,5297.5,211.9,100,50.5
2120,5300,212,100,50.5
2121,5302.5,212.10000000000002,100,50.5
2122,5305,212.20000000000002,100,50.5
2123,5307.5,212.3,100,50.5
2124,5310,212.4,100,50.5
2125,5312.5,212.5,100,50.5
2126,5315,212.60000000000002,100,50.5
2127,5317.5,212.70000000000002,100,50.5
2128,5320,212.8,100,50.5
2129,5322.5,212.9,100,50.5
2130,5325,213,100,50.5
2131,5327.5,213.10000000000002,100,50.5
2132,5330,213.20000000000002,100,50.5
2133,5332.5,213.3,100,50.5
2134,5335,213.4,100,50.5
2135,5337.5,213.5,100,50.5
2136,5340,213.60000000000002,100,50.5
2137,5342.5,213.70000000000002,100,50.5
2138,5345,213.8,100,50.5
2139,5347.5,213.9,100,50.5
2140,5350,214,100,50.5
2141,5352.5,214.10000000000002,100,50.5
2142,5355,214.20000000000002,100,50.5
2143,5357.5,214.3,100,50.5
2144,5360,214.4,100,50.5
2145,5362.5,214.5,100,50.5
2146,5365,214.60000000000002,100,50.5
2147,5367.5,214.70000000000002,100,50.5
2148,5370,214.8,100,50.5
2149,5372.5,214.9,100,50.5
2150,5375,215,100,50.5
2151,5377.5,215.10000000000002,100,50.5
2152,5380,215.20000000000002,100,50.5
2153,5382.5,215.3,100,50.5
2154,5385,215.4,100,50.5
2155,5387.5,215.5,100,50.5
2156,5390,215.60000000000002,100,50.5
2157,5392.5,215.70000000000002,100,50.5
2158,5395,215.8,100,50.5
2159,5397.5,215.9,100,50.5
2160,5400,216,100,50.5
2161,5402.5,216.10000000000002,100,50.5
2162,5405,216.20000000000002,100,50.5
2163,5407.5,216.3,100,50.5
2164,5410,216.4,100,50.5
2165,5412.5,216.5,100,50.5
2166,5415,216.60000000000002,100,50.5
2167,5417.5,216.70000000000002,100,50.5
2168,5420,216.8,100,50.5
2169,5422.5,216.9,100,50.5
2170,5425,217,100,50.5
2171,5427.5,217.10000000000002,100,50.5
2172,5430,217.20000000000002,100,50.5
2173,5432.5,217.3,100,50.5
2174,5435,217.4,100,50.5
2175,5437.5,217.5,100,50.5
2176,5440,217.60000000000002,100,50.5
2177,5442.5,217.70000000000002,100,50.5
2178,5445,217.8,100,50.5
2179,5447.5,217.9,100,50.5
2180,5450,218,100,50.5
2181,5452.5,218.10000000000002,100,50.5
2182,5455,218.20000000000002,100,50.5
2183,5457.5,218.3,100,50.5
2184,5460,218.4,100,50.5
2185,5462.5,218.5,100,50.5
2186,5465,218.60000000000002,100,50.5
2187,5467.5,218.70000000000002,100,50.5
2188,5470,218.8,100,50.5
2189,5472.5,218.9,100,50.5
2190,5475,219,100,50.5
2191,5477.5,219.10000000000002,100,50.5
2192,5480,219.20000000000002,100,50.5
2193,5482.5,219.3,100,50.5
2194,5485,219.4,100,50.5
2195,5487.5,219.5,100,50.5
2196,5490,219.60000000000002,100,50.5
2197,5492.5,219.70000000000002,100,50.5
2198,5495,219.8,100,50.5
2199,5497.5,219.9,100,50.5
2200,5500,220,100,50.5
2201,5502.5,220.10000000000002,100,50.5
2202,5505,220.20000000000002,100,50.5
2203,5507.5,220.3,100,50.5
2204,5510,220.4,100,50.5
2205,5512.5,220.5,100,50.5
2206,5515,220.60000000000002,100,50.5
2207,5517.5,220.70000000000002,100,50.5
2208,5520,220.8,100,50.5
2209,5522.5,220.9,100,50.5
2210,5525,221,100,50.5
2211,5527.5,221.10000000000002,100,50.5
2212,5530,221.20000000000002,100,50.5
2213,5532.5,221.3,100,50.5
2214,5535,221.4,100,50.5
2215,5537.5,221.5,100,50.5
2216,5540,221.60000000000002,100,50.5
2217,5542.5,221.70000000000002,100,50.5
2218,5545,221.8,100,50.5
2219,5547.5,221.9,100,50.5
2220,5550,222,100,50.5
2221,5552.5,222.10000000000002,100,50.5
2222,5555,222.20000000000002,100,50.5
2223,5557.5,222.3,100,50.5
2224,5560,222.4,100,50.5
2225,5562.5,222.5,100,50.5
2226,5565,222.60000000000002,100,50.5
2227,5567.5,222.70000000000002,100,50.5
2228,5570,222.8,100,50.5
2229,5572.5,222.9,100,50.5
2230,5575,223,100,50.5
2231,5577.5,223.10000000000002,100,50.5
2232,5580,223.20000000000002,100,50.5
2233,5582.5,223.3,100,50.5
2234,5585,223.4,100,50.5
2235,5587.5,223.5,100,50.5
2236,5590,223.60000000000002,100,50.5
2237,5592.5,223.70000000000002,100,50.5
2238,5595,223.8,100,50.5
2239,5597.5,223.9,100,50.5
2240,5600,224,100,50.5
2241,5602.5,224.10000000000002,100,50.5
2242,5605,224.20000000000002,100,50.5
2243,5607.5,224.3,100,50.5
2244,5610,224.4,100,50.5
2245,5612.5,224.5,100,50.5
2246,5615,224.60000000000002,100,50.5
2247,5617.5,224.70000000000002,100,50.5
2248,5620,224.8,100,50.5
2249,5622.5,224.9,100,50.5
2250,5625,225,100,50.5
2251,5627.5,225.10000000000002,100,50.5
2252,5630,225.20000000000002,100,50.5
2253,5632.5,225.3,100,50.5
2254,5635,225.4,100,50.5
2255,5637.5,225.5,100,50.5
2256,5640,225.60000000000002,100,50.5
2257,5642.5,225.70000000000002,100,50.5
2258,5645,225.8,100,50.5
2259,5647.5,225.9,100,50.5
2260,5650,226,100,50.5
2261,5652.5,226.10000000000002,100,50.5
2262,5655,226.20000000000002,100,50.5
2263,5657.5,226.3,100,50.5
2264,5660,226.4,100,50.5
2265,5662.5,226.5,100,50.5
2266,5665,226.60000000000002,100,50.5
2267,5667.5,226.70000000000002,100,50.5
2268,5670,226.8,100,50.5
2269,5672.5,226.9,100,50.5
2270,5675,227,100,50.5
2271,5677.5,227.10000000000002,100,50.5
2272,5680,227.20000000000002,100,50.5
2273,5682.5,227.3,100,50.5
2274,5685,227.4,100,50.5
2275,5687.5,227.5,100,50.5
2276,5690,227.60000000000002,100,50.5
2277,5692.5,227.70000000000002,100,50.5
2278,5695,227.8,100,50.5
2279,5697.5,227.9,100,50.5
2280,5700,228,100,50.5
2281,5702.5,228.10000000000002,100,50.5
2282,5705,228.20000000000002,100,50.5
2283,5707.5,228.3,100,50.5
2284,5710,228.4,100,50.5
2285,5712.5,228.5,100,50.5
2286,5715,228.60000000000002,100,50.5
2287,5717.5,228.70000000000002,100,50.5
2288,5720,228.8,100,50.5
2289,5722.5,228.9,100,50.5
2290,5725,229,100,50.5
2291,5727.5,229.10000000000002,100,50.5
2292,5730,229.20000000000002,100,50.5
2293,5732.5,229.3,100,50.5
2294,5735,229.4,100,50.5
2295,5737.5,229.5,100,50.5
2296,5740,229.60000000000002,100,50.5
2297,5742.5,229.70000000000002,100,50.5
2298,5745,229.8,100,50.5
2299,5747.5,229.9,100,50.5
2300,5750,230,100,50.5
2301,5752.5,230.10000000000002,100,50.5
2302,5755,230.20000000000002,100,50.5
2303,5757.5,230.3,100,50.5
2304,5760,230.4,100,50.5
2305,5762.5,230.5,100,50.5
2306,5765,230.60000000000002,100,50.5
2307,5767.5,230.70000000000002,100,50.5
2308,5770,230.8,100,50.5
2309,5772.5,230.9,100,50.5
2310,5775,231,100,50.5
2311,5777.5,231.10000000000002,100,50.5
2312,5780,231.20000000000002,100,50.5
2313,5782.5,231.3,100,50.5
2314,5785,231.4,100,50.5
2315,5787.5,231.5,100,50.5
2316,5790,231.60000000000002,100,50.5
2317,5792.5,231.70000000000002,100,50.5
2318,5795,231.8,100,50.5
2319,5797.5,231.9,100,50.5
2320,5800,232,100,50.5
2321,5802.5,232.10000000000002,100,50.5
2322,5805,232.20000000000002,100,50.5
2323,5807.5,232.3,100,50.5
2324,5810,232.4,100,50.5
2325,5812.5,232.5,100,50.5
2326,5815,232.60000000000002,100,50.5
2327,5817.5,232.70000000000002,100,50.5
2328,5820,232.8,100,50.5
2329,5822.5,232.9,100,50.5
2330,5825,233,100,50.5
2331,5827.5,233.10000000000002,100,50.5
2332,5830,233.20000000000002,100,50.5
2333,5832.5,233.3,100,50.5
2334,5835,233.4,100,50.5
2335,5837.5,233.5,100,50.5
2336,5840,233.60000000000002,100,50.5
2337,5842.5,233.70000000000002,100,50.5
2338,5845,233.8,100,50.5
2339,5847.5,233.9,100,50.5
2340,5850,234,100,50.5
2341,5852.5,234.10000000000002,100,50.5
2342,5855,234.20000000000002,100,50.5
2343,5857.5,234.3,100,50.5
2344,5860,234.4,100,50.5
2345,5862.5,234.5,100,50.5
2346,5865,234.60000000000002,100,50.5
2347,5867.5,234.70000000000002,100,50.5
2348,5870,234.8,100,50.5
2349,5872.5,234.9,100,50.5
2350,5875,235,100,50.5
2351,5877.5,235.10000000000002,100,50.5
2352,5880,235.20000000000002,100,50.5
2353,5882.5,235.3,100,50.5
2354,5885,235.4,100,50.5
2355,5887.5,235.5,100,50.5
2356,5890,235.60000000000002,100,50.5
2357,5892.5,235.70000000000002,100,50.5
2358,5895,235.8,100,50.5
2359,5897.5,235.9,100,50.5
2360,5900,236,100,50.5
2361,5902.5,236.10000000000002,100,50.5
2362,5905,236.20000000000002,100,50.5
2363,5907.5,236.3,100,50.5
2364,5910,236.4,100,50.5
2365,5912.5,236.5,100,50.5
2366,5915,236.60000000000002,100,50.5
2367,5917.5,236.70000000000002,100,50.5
2368,5920,236.8,100,50.5
2369,5922.5,236.9,100,50.5
2370,5925,237,100,50.5
2371,5927.5,237.10000000000002,100,50.5
2372,5930,237.20000000000002,100,50.5
2373,5932.5,237.3,100,50.5
2374,5935,237.4,100,50.5
2375,5937.5,237.5,100,50.5
2376,5940,237.60000000000002,100,50.5
2377,5942.5,237.70000000000002,100,50.5
2378,5945,237.8,100,50.5
2379,5947.5,237.9,100,50.5
2380,5950,238,100,50.5
2381,5952.5,238.10000000000002,100,50.5
2382,5955,238.20000000000002,100,50.5
2383,5957.5,238.3,100,50.5
2384,5960,238.4,100,50.5
2385,5962.5,238.5,100,50.5
2386,5965,238.60000000000002,100,50.5
2387,5967.5,238.70000000000002,100,50.5
2388,5970,238.8,100,50.5
2389,5972.5,238.9,100,50.5
2390,5975,239,100,50.5
2391,5977.5,239.10000000000002,100,50.5
2392,5980,239.20000000000002,100,50.5
2393,5982.5,239.3,100,50.5
2394,5985,239.4,100,50.5
2395,5987.5,239.5,100,50.5
2396,5990,239.60000000000002,100,50.5
2397,5992.5,239.70000000000002,100,50.5
2398,5995,239.8,100,50.5
2399,5997.5,239.9,100,50.5
2400,6000,240,100,50.5
2401,6002.5,240.10000000000002,100,50.5
2402,6005,240.20000000000002,100,50.5
2403,6007.5,240.3,100,50.5
2404,6010,240.4,100,50.5
2405,6012.5,240.5,100,50.5
2406,6015,240.60000000000002,100,50.5
2407,6017.5,240.70000000000002,100,50.5
2408,6020,240.8,100,50.5
2409,6022.5,240.9,100,50.5
2410,6025,241,100,50.5
2411,6027.5,241.10000000000002,100,50.5
2412,6030,241.20000000000002,100,50.5
2413,6032.5,241.3,100,50.5
2414,6035,241.4,100,50.5
2415,6037.5,241.5,100,50.5
2416,6040,241.60000000000002,100,50.5
2417,6042.5,241.70000000000002,100,50.5
2418,6045,241.8,100,50.5
2419,6047.5,241.9,100,50.5
2420,6050,242,100,50.5
2421,6052.5,242.10000000000002,100,50.5
2422,6055,242.20000000000002,100,50.5
2423,6057.5,242.3,100,50.5
2424,6060,242.4,100,50.5
2425,6062.5,242.5,100,50.5
2426,6065,242.60000000000002,100,50.5
2427,6067.5,242.70000000000002,100,50.5
2428,6070,242.8,100,50.5
2429,6072.5,242.9,100,50.5
2430,6075,243,100,50.5
2431,6077.5,243.10000000000002,100,50.5
2432,6080,243.20000000000002,100,50.5
2433,6082.5,243.3,100,50.5
2434,6085,243.4,100,50.5
2435,6087.5,243.5,100,50.5
2436,6090,243.60000000000002,100,50.5
2437,6092.5,243.70000000000002,100,50.5
2438,6095,243.8,100,50.5
2439,6097.5,243.9,100,50.5
2440,6100,244,100,50.5
2441,6102.5,244.10000000000002,100,50.5
2442,6105,244.20000000000002,100,50.5
2443,6107.5,244.3,100,50.5
2444,6110,244.4,100,50.5
2445,6112.5,244.5,100,50.5
2446,6115,244.60000000000002,100,50.5
2447,6117.5,244.70000000000002,100,50.5
2448,6120,244.8,100,50.5
2449,6122.5,244.9,100,50.5
2450,6125,245,100,50.5
2451,6127.5,245.10000000000002,100,50.5
2452,6130,245.20000000000002,100,50.5
2453,6132.5,245.3,100,50.5
2454,6135,245.4,100,50.5
2455,6137.5,245.5,100,50.5
2456,6140,245.60000000000002,100,50.5
2457,6142.5,245.70000000000002,100,50.5
2458,6145,245.8,100,50.5
2459,6147.5,245.9,100,50.5
2460,6150,246,100,50.5
2461,6152.5,246.10000000000002,100,50.5
2462,6155,246.20000000000002,100,50.5
2463,6157.5,246.3,100,50.5
2464,6160,246.4,100,50.5
2465,6162.5,246.5,100,50.5
2466,6165,246.60000000000002,100,50.5
2467,6167.5,246.70000000000002,100,50.5
2468,6170,246.8,100,50.5
2469,6172.5,246.9,100,50.5
2470,6175,247,100,50.5
2471,6177.5,247.10000000000002,100,50.5
2472,6180,247.20000000000002,100,50.5
2473,6182.5,247.3,100,50.5
2474,6185,247.4,100,50.5
2475,6187.5,247.5,100,50.5
2476,6190,247.60000000000002,100,50.5
2477,6192.5,247.70000000000002,100,50.5
2478,6195,247.8,100,50.5
2479,6197.5,247.9,100,50.5
2480,6200,248,100,50.5
2481,6202.5,248.10000000000002,100,50.5
2482,6205,248.20000000000002,100,50.5
2483,6207.5,248.3,100,50.5
2484,6210,248.4,100,50.5
2485,6212.5,248.5,100,50.5
2486,6215,248.60000000000002,100,50.5
2487,6217.5,248.70000000000002,100,50.5
2488,6220,248.8,100,50.5
2489,6222.5,248.9,100,50.5
2490,6225,249,100,50.5
2491,6227.5,249.10000000000002,100,50.5
2492,6230,249.20000000000002,100,50.5
2493,6232.5,249.3,100,50.5
2494,6235,249.4,100,50.5
2495,6237.5,249.5,100,50.5
2496,6240,249.60000000000002,100,50.5
2497,6242.5,249.70000000000002,100,50.5
2498,6245,249.8,100,50.5
2499,6247.5,249.9,100,50.5
2500,6250,250,100,50.5
2501,6252.5,250.10000000000002,100,50.5
2502,6255,250.20000000000002,100,50.5
2503,6257.5,250.3,100,50.5
2504,6260,250.4,100,50.5
2505,6262.5,250.5,100,50.5
2506,6265,250.60000000000002,100,50.5
2507,6267.5,250.70000000000002,100,50.5
2508,6270,250.8,100,50.5
2509,6272.5,250.9,100,50.5
2510,6275,251,100,50.5
2511,6277.5,251.10000000000002,100,50.5
2512,6280,251.20000000000002,100,50.5
2513,6282.5,251.3,100,50.5
2514,6285,251.4,100,50.5
2515,6287.5,251.5,100,50.5
2516,6290,251.60000000000002,100,50.5
2517,6292.5,251.70000000000002,100,50.5
2518,6295,251.8,100,50.5
2519,6297.5,251.9,100,50.5
2520,6300,252,100,50.5
2521,6302.5,252.10000000000002,100,50.5
2522,6305,252.20000000000002,100,50.5
2523,6307.5,252.3,100,50.5
2524,6310,252.4,100,50.5
2525,6312.5,252.5,100,50.5
2526,6315,252.60000000000002,100,50.5
2527,6317.5,252.70000000000002,100,50.5
2528,6320,252.8,100,50.5
2529,6322.5,252.9,100,50.5
2530,6325,253,100,50.5
2531,6327.5,253.10000000000002,100,50.5
2532,6330,253.20000000000002,100,50.5
2533,6332.5,253.3,100,50.5
2534,6335,253.4,100,50.5
2535,6337.5,253.5,100,50.5
2536,6340,253.60000000000002,100,50.5
2537,6342.5,253.70000000000002,100,50.5
2538,6345,253.8,100,50.5
2539,6347.5,253.9,100,50.5
2540,6350,254,100,50.5
2541,6352.5,254.10000000000002,100,50.5
2542,6355,254.20000000000002,100,50.5
2543,6357.5,254.3,100,50.5
2544,6360,254.4,100,50.5
2545,6362.5,254.5,100,50.5
2546,6365,254.60000000000002,100,50.5
2547,6367.5,254.70000000000002,100,50.5
2548,6370,254.8,100,50.5
2549,6372.5,254.9,100,50.5
2550,6375,255,100,50.5
2551,6377.5,255.10000000000002,100,50.5
2552,6380,255.20000000000002,100,50.5
2553,6382.5,255.3,100,50.5
2554,6385,255.4,100,50.5
2555,6387.5,255.5,100,50.5
2556,6390,255.60000000000002,100,50.5
2557,6392.5,255.70000000000002,100,50.5
2558,6395,255.8,100,50.5
2559,6397.5,255.9,100,50.5
2560,6400,256,100,50.5
2561,6402.5,256.1,100,50.5
2562,6405,256.2,100,50.5
2563,6407.5,256.3,100,50.5
2564,6410,256.40000000000003,100,50.5
2565,6412.5,256.5,100,50.5
2566,6415,256.6,100,50.5
2567,6417.5,256.7,100,50.5
2568,6420,256.8,100,50.5
2569,6422.5,256.90000000000003,100,50.5
2570,6425,257,100,50.5
2571,6427.5,257.1,100,50.5
2572,6430,257.2,100,50.5
2573,6432.5,257.3,100,50.5
2574,6435,257.40000000000003,100,50.5
2575,6437.5,257.5,100,50.5
2576,6440,257.6,100,50.5
2577,6442.5,257.7,100,50.5
2578,6445,257.8,100,50.5
2579,6447.5,257.90000000000003,100,50.5
2580,6450,258,100,50.5
2581,6452.5,258.1,100,50.5
2582,6455,258.2,100,50.5
2583,6457.5,258.3,100,50.5
2584,6460,258.40000000000003,100,50.5
2585,6462.5,258.5,100,50.5
2586,6465,258.6,100,50.5
2587,6467.5,258.7,100,50.5
2588,6470,258.8,100,50.5
2589,6472.5,258.90000000000003,100,50.5
2590,6475,259,100,50.5
2591,6477.5,259.1,100,50.5
2592,6480,259.2,100,50.5
2593,6482.5,259.3,100,50.5
2594,6485,259.40000000000003,100,50.5
2595,6487.5,259.5,100,50.5
2596,6490,259.6,100,50.5
2597,6492.5,259.7,100,50.5
2598,6495,259.8,100,50.5
2599,6497.5,259.90000000000003,100,50.5
2600,6500,260,100,50.5
2601,6502.5,260.1,100,50.5
2602,6505,260.2,100,50.5
2603,6507.5,260.3,100,50.5
2604,6510,260.40000000000003,100,50.5
2605,6512.5,260.5,100,50.5
2606,6515,260.6,100,50.5
2607,6517.5,260.7,100,50.5
2608,6520,260.8,100,50.5
2609,6522.5,260.90000000000003,100,50.5
2610,6525,261,100,50.5
2611,6527.5,261.1,100,50.5
2612,6530,261.2,100,50.5
2613,6532.5,261.3,100,50.5
2614,6535,261.40000000000003,100,50.5
2615,6537.5,261.5,100,50.5
2616,6540,261.6,100,50.5
2617,6542.5,261.7,100,50.5
2618,6545,261.8,100,50.5
2619,6547.5,261.90000000000003,100,50.5
2620,6550,262,100,50.5
2621,6552.5,262.1,100,50.5
2622,6555,262.2,100,50.5
2623,6557.5,262.3,100,50.5
2624,6560,262.40000000000003,100,50.5
2625,6562.5,262.5,100,50.5
2626,6565,262.6,100,50.5
2627,6567.5,262.7,100,50.5
2628,6570,262.8,100,50.5
2629,6572.5,262.90000000000003,100,50.5
2630,6575,263,100,50.5
2631,6577.5,263.1,100,50.5
2632,6580,263.2,100,50.5
2633,6582.5,263.3,100,50.5
2634,6585,263.40000000000003,100,50.5
2635,6587.5,263.5,100,50.5
2636,6590,263.6,100,50.5
2637,6592.5,263.7,100,50.5
2638,6595,263.8,100,50.5
2639,6597.5,263.90000000000003,100,50.5
2640,6600,264,100,50.5
2641,6602.5,264.1,100,50.5
2642,6605,264.2,100,50.5
2643,6607.5,264.3,100,50.5
2644,6610,264.40000000000003,100,50.5
2645,6612.5,264.5,100,50.5
2646,6615,264.6,100,50.5
2647,6617.5,264.7,100,50.5
2648,6620,264.8,100,50.5
2649,6622.5,264.90000000000003,100,50.5
2650,6625,265,100,50.5
2651,6627.5,265.1,100,50.5
2652,6630,265.2,100,50.5
2653,6632.5,265.3,100,50.5
2654,6635,265.40000000000003,100,50.5
2655,6637.5,265.5,100,50.5
2656,6640,265.6,100,50.5
2657,6642.5,265.7,100,50.5
2658,6645,265.8,100,50.5
2659,6647.5,265.90000000000003,100,50.5
2660,6650,266,100,50.5
2661,6652.5,266.1,100,50.5
2662,6655,266.2,100,50.5
2663,6657.5,266.3,100,50.5
2664,6660,266.40000000000003,100,50.5
2665,6662.5,266.5,100,50.5
2666,6665,266.6,100,50.5
2667,6667.5,266.7,100,50.5
2668,6670,266.8,100,50.5
2669,6672.5,266.90000000000003,100,50.5
2670,6675,267,100,50.5
2671,6677.5,267.1,100,50.5
2672,6680,267.2,100,50.5
2673,6682.5,267.3,100,50.5
2674,6685,267.40000000000003,100,50.5
2675,6687.5,267.5,100,50.5
2676,6690,267.6,100,50.5
2677,6692.5,267.7,100,50.5
2678,6695,267.8,100,50.5
2679,6697.5,267.90000000000003,100,50.5
2680,6700,268,100,50.5
2681,6702.5,268.1,100,50.5
2682,6705,268.2,100,50.5
2683,6707.5,268.3,100,50.5
2684,6710,268.40000000000003,100,50.5
2685,6712.5,268.5,100,50.5
2686,6715,268.6,100,50.5
2687,6717.5,268.7,100,50.5
2688,6720,268.8,100,50.5
2689,6722.5,268.90000000000003,100,50.5
2690,6725,269,100,50.5
2691,6727.5,269.1,100,50.5
2692,6730,269.2,100,50.5
2693,6732.5,269.3,100,50.5
2694,6735,269.40000000000003,100,50.5
2695,6737.5,269.5,100,50.5
2696,6740,269.6,100,50.5
2697,6742.5,269.7,100,50.5
2698,6745,269.8,100,50.5
2699,6747.5,269.90000000000003,100,50.5
2700,6750,270,100,50.5
2701,6752.5,270.1,100,50.5
2702,6755,270.2,100,50.5
2703,6757.5,270.3,100,50.5
2704,6760,270.40000000000003,100,50.5
2705,6762.5,270.5,100,50.5
2706,6765,270.6,100,50.5
2707,6767.5,270.7,100,50.5
2708,6770,270.8,100,50.5
2709,6772.5,270.90000000000003,100,50.5
2710,6775,271,100,50.5
2711,6777.5,271.1,100,50.5
2712,6780,271.2,100,50.5
2713,6782.5,271.3,100,50.5
2714,6785,271.40000000000003,100,50.5
2715,6787.5,271.5,100,50.5
2716,6790,271.6,100,50.5
2717,6792.5,271.7,100,50.5
2718,6795,271.8,100,50.5
2719,6797.5,271.90000000000003,100,50.5
2720,6800,272,100,50.5
2721,6802.5,272.1,100,50.5
2722,6805,272.2,100,50.5
2723,6807.5,272.3,100,50.5
2724,6810,272.40000000000003,100,50.5
2725,6812.5,272.5,100,50.5
2726,6815,272.6,100,50.5
2727,6817.5,272.7,100,50.5
2728,6820,272.8,100,50.5
2729,6822.5,272.90000000000003,100,50.5
2730,6825,273,100,50.5
2731,6827.5,273.1,100,50.5
2732,6830,273.2,100,50.5
2733,6832.5,273.3,100,50.5
2734,6835,273.40000000000003,100,50.5
2735,6837.5,273.5,100,50.5
2736,6840,273.6,100,50.5
2737,6842.5,273.7,100,50.5
2738,6845,273.8,100,50.5
2739,6847.5,273.90000000000003,100,50.5
2740,6850,274,100,50.5
2741,6852.5,274.1,100,50.5
2742,6855,274.2,100,50.5
2743,6857.5,274.3,100,50.5
2744,6860,274.40000000000003,100,50.5
2745,6862.5,274.5,100,50.5
2746,6865,274.6,100,50.5
2747,6867.5,274.7,100,50.5
2748,6870,274.8,100,50.5
2749,6872.5,274.90000000000003,100,50.5
2750,6875,275,100,50.5
2751,6877.5,275.1,100,50.5
2752,6880,275.2,100,50.5
2753,6882.5,275.3,100,50.5
2754,6885,275.40000000000003,100,50.5
2755,6887.5,275.5,100,50.5
2756,6890,275.6,100,50.5
2757,6892.5,275.7,100,50.5
2758,6895,275.8,100,50.5
2759,6897.5,275.90000000000003,100,50.5
2760,6900,276,100,50.5
2761,6902.5,276.1,100,50.5
2762,6905,276.2,100,50.5
2763,6907.5,276.3,100,50.5
2764,6910,276.40000000000003,100,50.5
2765,6912.5,276.5,100,50.5
2766,6915,276.6,100,50.5
2767,6917.5,276.7,100,50.5
2768,6920,276.8,100,50.5
2769,6922.5,276.90000000000003,100,50.5
2770,6925,277,100,50.5
2771,6927.5,277.1,100,50.5
2772,6930,277.2,100,50.5
2773,6932.5,277.3,100,50.5
2774,6935,277.40000000000003,100,50.5
2775,6937.5,277.5,100,50.5
2776,6940,277.6,100,50.5
2777,6942.5,277.7,100,50.5
2778,6945,277.8,100,50.5
2779,6947.5,277.90000000000003,100,50.5
2780,6950,278,100,50.5
2781,6952.5,278.1,100,50.5
2782,6955,278.2,100,50.5
2783,6957.5,278.3,100,50.5
2784,6960,278.40000000000003,100,50.5
2785,6962.5,278.5,100,50.5
2786,6965,278.6,100,50.5
2787,6967.5,278.7,100,50.5
2788,6970,278.8,100,50.5
2789,6972.5,278.90000000000003,100,50.5
2790,6975,279,100,50.5
2791,6977.5,279.1,100,50.5
2792,6980,279.2,100,50.5
2793,6982.5,279.3,100,50.5
2794,6985,279.40000000000003,100,50.5
2795,6987.5,279.5,100,50.5
2796,6990,279.6,100,50.5
2797,6992.5,279.7,100,50.5
2798,6995,279.8,100,50.5
2799,6997.5,279.90000000000003,100,50.5
2800,7000,280,100,50.5
2801,7002.5,280.1,100,50.5
2802,7005,280.2,100,50.5
2803,7007.5,280.3,100,50.5
2804,7010,280.40000000000003,100,50.5
2805,7012.5,280.5,100,50.5
2806,7015,280.6,100,50.5
2807,7017.5,280.7,100,50.5
2808,7020,280.8,100,50.5
2809,7022.5,280.90000000000003,100,50.5
2810,7025,281,100,50.5
2811,7027.5,281.1,100,50.5
2812,7030,281.2,100,50.5
2813,7032.5,281.3,100,50.5
2814,7035,281.40000000000003,100,50.5
2815,7037.5,281.5,100,50.5
2816,7040,281.6,100,50.5
2817,7042.5,281.7,100,50.5
2818,7045,281.8,100,50.5
2819,7047.5,281.90000000000003,100,50.5
2820,7050,282,100,50.5
2821,7052.5,282.1,100,50.5
2822,7055,282.2,100,50.5
2823,7057.5,282.3,100,50.5
2824,7060,282.40000000000003,100,50.5
2825,7062.5,282.5,100,50.5
2826,7065,282.6,100,50.5
2827,7067.5,282.7,100,50.5
2828,7070,282.8,100,50.5
2829,7072.5,282.90000000000003,100,50.5
2830,7075,283,100,50.5
2831,7077.5,283.1,100,50.5
2832,7080,283.2,100,50.5
2833,7082.5,283.3,100,50.5
2834,7085,283.40000000000003,100,50.5
2835,7087.5,283.5,100,50.5
2836,7090,283.6,100,50.5
2837,7092.5,283.7,100,50.5
2838,7095,283.8,100,50.5
2839,7097.5,283.90000000000003,100,50.5
2840,7100,284,100,50.5
2841,7102.5,284.1,100,50.5
2842,7105,284.2,100,50.5
2843,7107.5,284.3,100,50.5
2844,7110,284.40000000000003,100,50.5
2845,7112.5,284.5,100,50.5
2846,7115,284.6,100,50.5
2847,7117.5,284.7,100,50.5
2848,7120,284.8,100,50.5
2849,7122.5,284.90000000000003,100,50.5
2850,7125,285,100,50.5
2851,7127.5,285.1,100,50.5
2852,7130,285.2,100,50.5
2853,7132.5,285.3,100,50.5
2854,7135,285.40000000000003,100,50.5
2855,7137.5,285.5,100,50.5
2856,7140,285.6,100,50.5
2857,7142.5,285.7,100,50.5
2858,7145,285.8,100,50.5
2859,7147.5,285.90000000000003,100,50.5
2860,7150,286,100,50.5
2861,7152.5,286.1,100,50.5
2862,7155,286.2,100,50.5
2863,7157.5,286.3,100,50.5
2864,7160,286.40000000000003,100,50.5
2865,7162.5,286.5,100,50.5
2866,7165,286.6,100,50.5
2867,7167.5,286.7,100,50.5
2868,7170,286.8,100,50.5
2869,7172.5,286.90000000000003,100,50.5
2870,7175,287,100,50.5
2871,7177.5,287.1,100,50.5
2872,7180,287.2,100,50.5
2873,7182.5,287.3,100,50.5
2874,7185,287.40000000000003,100,50.5
2875,7187.5,287.5,100,50.5
2876,7190,287.6,100,50.5
2877,7192.5,287.7,100,50.5
2878,7195,287.8,100,50.5
2879,7197.5,287.90000000000003,100,50.5
2880,7200,288,100,50.5
2881,7202.5,288.1,100,50.5
2882,7205,288.2,100,50.5
2883,7207.5,288.3,100,50.5
2884,7210,288.40000000000003,100,50.5
2885,7212.5,288.5,100,50.5
2886,7215,288.6,100,50.5
2887,7217.5,288.7,100,50.5
2888,7220,288.8,100,50.5
2889,7222.5,288.90000000000003,100,50.5
2890,7225,289,100,50.5
2891,7227.5,289.1,100,50.5
2892,7230,289.2,100,50.5
2893,7232.5,289.3,100,50.5
2894,7235,289.40000000000003,100,50.5
2895,7237.5,289.5,100,50.5
2896,7240,289.6,100,50.5
2897,7242.5,289.7,100,50.5
2898,7245,289.8,100,50.5
2899,7247.5,289.90000000000003,100,50.5
2900,7250,290,100,50.5
2901,7252.5,290.1,100,50.5
2902,7255,290.2,100,50.5
2903,7257.5,290.3,100,50.5
2904,7260,290.40000000000003,100,50.5
2905,7262.5,290.5,100,50.5
2906,7265,290.6,100,50.5
2907,7267.5,290.7,100,50.5
2908,7270,290.8,100,50.5
2909,7272.5,290.90000000000003,100,50.5
2910,7275,291,100,50.5
2911,7277.5,291.1,100,50.5
2912,7280,291.2,100,50.5
2913,7282.5,291.3,100,50.5
2914,7285,291.40000000000003,100,50.5
2915,7287.5,291.5,100,50.5
2916,7290,291.6,100,50.5
2917,7292.5,291.7,100,50.5
2918,7295,291.8,100,50.5
2919,7297.5,291.90000000000003,100,50.5
2920,7300,292,100,50.5
2921,7302.5,292.1,100,50.5
2922,7305,292.2,100,50.5
2923,7307.5,292.3,100,50.5
2924,7310,292.40000000000003,100,50.5
2925,7312.5,292.5,100,50.5
2926,7315,292.6,100,50.5
2927,7317.5,292.7,100,50.5
2928,7320,292.8,100,50.5
2929,7322.5,292.90000000000003,100,50.5
2930,7325,293,100,50.5
2931,7327.5,293.1,100,50.5
2932,7330,293.2,100,50.5
2933,7332.5,293.3,100,50.5
2934,7335,293.40000000000003,100,50.5
2935,7337.5,293.5,100,50.5
2936,7340,293.6,100,50.5
2937,7342.5,293.7,100,50.5
2938,7345,293.8,100,50.5
2939,7347.5,293.90000000000003,100,50.5
2940,7350,294,100,50.5
2941,7352.5,294.1,100,50.5
2942,7355,294.2,100,50.5
2943,7357.5,294.3,100,50.5
2944,7360,294.40000000000003,100,50.5
2945,7362.5,294.5,100,50.5
2946,7365,294.6,100,50.5
2947,7367.5,294.7,100,50.5
2948,7370,294.8,100,50.5
2949,7372.5,294.90000000000003,100,50.5
2950,7375,295,100,50.5
2951,7377.5,295.1,100,50.5
2952,7380,295.2,100,50.5
2953,7382.5,295.3,100,50.5
2954,7385,295.40000000000003,100,50.5
2955,7387.5,295.5,100,50.5
2956,7390,295.6,100,50.5
2957,7392.5,295.7,100,50.5
2958,7395,295.8,100,50.5
2959,7397.5,295.90000000000003,100,50.5
2960,7400,296,100,50.5
2961,7402.5,296.1,100,50.5
2962,7405,296.2,100,50.5
2963,7407.5,296.3,100,50.5
2964,7410,296.40000000000003,100,50.5
2965,7412.5,296.5,100,50.5
2966,7415,296.6,100,50.5
2967,7417.5,296.7,100,50.5
2968,7420,296.8,100,50.5
2969,7422.5,296.90000000000003,100,50.5
2970,7425,297,100,50.5
2971,7427.5,297.1,100,50.5
2972,7430,297.2,100,50.5
2973,7432.5,297.3,100,50.5
2974,7435,297.40000000000003,100,50.5
2975,7437.5,297.5,100,50.5
2976,7440,297.6,100,50.5
2977,7442.5,297.7,100,50.5
2978,7445,297.8,100,50.5
2979,7447.5,297.90000000000003,100,50.5
2980,7450,298,100,50.5
2981,7452.5,298.1,100,50.5
2982,7455,298.2,100,50.5
2983,7457.5,298.3,100,50.5
2984,7460,298.40000000000003,100,50.5
2985,7462.5,298.5,100,50.5
2986,7465,298.6,100,50.5
2987,7467.5,298.7,100,50.5
2988,7470,298.8,100,50.5
2989,7472.5,298.90000000000003,100,50.5
2990,7475,299,100,50.5
2991,7477.5,299.1,100,50.5
2992,7480,299.2,100,50.5
2993,7482.5,299.3,100,50.5
2994,7485,299.40000000000003,100,50.5
2995,7487.5,299.5,100,50.5
2996,7490,299.6,100,50.5
2997,7492.5,299.7,100,50.5
2998,7495,299.8,100,50.5
2999,7497.5,299.90000000000003,100,50.5
3000,7500,300,100,50.5
3001,7502.5,300.1,100,50.5
3002,7505,300.2,100,50.5
3003,7507.5,300.3,100,50.5
3004,7510,300.40000000000003,100,50.5
3005,7512.5,300.5,100,50.5
3006,7515,300.6,100,50.5
3007,7517.5,300.7,100,50.5
3008,7520,300.8,100,50.5
3009,7522.5,300.90000000000003,100,50.5
3010,7525,301,100,50.5
3011,7527.5,301.1,100,50.5
3012,7530,301.2,100,50.5
3013,7532.5,301.3,100,50.5
3014,7535,301.40000000000003,100,50.5
3015,7537.5,301.5,100,50.5
3016,7540,301.6,100,50.5
3017,7542.5,301.7,100,50.5
3018,7545,301.8,100,50.5
3019,7547.5,301.90000000000003,100,50.5
3020,7550,302,100,50.5
3021,7552.5,302.1,100,50.5
3022,7555,302.2,100,50.5
3023,7557.5,302.3,100,50.5
3024,7560,302.40000000000003,100,50.5
3025,7562.5,302.5,100,50.5
3026,7565,302.6,100,50.5
3027,7567.5,302.7,100,50.5
3028,7570,302.8,100,50.5
3029,7572.5,302.90000000000003,100,50.5
3030,7575,303,100,50.5
3031,7577.5,303.1,100,50.5
3032,7580,303.2,100,50.5
3033,7582.5,303.3,100,50.5
3034,7585,303.40000000000003,100,50.5
3035,7587.5,303.5,100,50.5
3036,7590,303.6,100,50.5
3037,7592.5,303.7,100,50.5
3038,7595,303.8,100,50.5
3039,7597.5,303.90000000000003,100,50.5
3040,7600,304,100,50.5
3041,7602.5,304.1,100,50.5
3042,7605,304.2,100,50.5
3043,7607.5,304.3,100,50.5
3044,7610,304.40000000000003,100,50.5
3045,7612.5,304.5,100,50.5
3046,7615,304.6,100,50.5
3047,7617.5,304.7,100,50.5
3048,7620,304.8,100,50.5
3049,7622.5,304.90000000000003,100,50.5
3050,7625,305,100,50.5
3051,7627.5,305.1,100,50.5
3052,7630,305.2,100,50.5
3053,7632.5,305.3,100,50.5
3054,7635,305.40000000000003,100,50.5
3055,7637.5,305.5,100,50.5
3056,7640,305.6,100,50.5
3057,7642.5,305.7,100,50.5
3058,7645,305.8,100,50.5
3059,7647.5,305.90000000000003,100,50.5
3060,7650,306,100,50.5
3061,7652.5,306.1,100,50.5
3062,7655,306.2,100,50.5
3063,7657.5,306.3,100,50.5
3064,7660,306.40000000000003,100,50.5
3065,7662.5,306.5,100,50.5
3066,7665,306.6,100,50.5
3067,7667.5,306.7,100,50.5
3068,7670,306.8,100,50.5
3069,7672.5,306.90000000000003,100,50.5
3070,7675,307,100,50.5
3071,7677.5,307.1,100,50.5
3072,7680,307.20000000000005,100,50.5
3073,7682.5,307.3,100,50.5
3074,7685,307.40000000000003,100,50.5
3075,7687.5,307.5,100,50.5
3076,7690,307.6,100,50.5
3077,7692.5,307.70000000000005,100,50.5
3078,7695,307.8,100,50.5
3079,7697.5,307.90000000000003,100,50.5
3080,7700,308,100,50.5
3081,7702.5,308.1,100,50.5
3082,7705,308.20000000000005,100,50.5
3083,7707.5,308.3,100,50.5
3084,7710,308.40000000000003,100,50.5
3085,7712.5,308.5,100,50.5
3086,7715,308.6,100,50.5
3087,7717.5,308.70000000000005,100,50.5
3088,7720,308.8,100,50.5
3089,7722.5,308.90000000000003,100,50.5
3090,7725,309,100,50.5
3091,7727.5,309.1,100,50.5
3092,7730,309.20000000000005,100,50.5
3093,7732.5,309.3,100,50.5
3094,7735,309.40000000000003,100,50.5
3095,7737.5,309.5,100,50.5
3096,7740,309.6,100,50.5
3097,7742.5,309.70000000000005,100,50.5
3098,7745,309.8,100,50.5
3099,7747.5,309.90000000000003,100,50.5
3100,7750,310,100,50.5
3101,7752.5,310.1,100,50.5
3102,7755,310.20000000000005,100,50.5
3103,7757.5,310.3,100,50.5
3104,7760,310.40000000000003,100,50.5
3105,7762.5,310.5,100,50.5
3106,7765,310.6,100,50.5
3107,7767.5,310.70000000000005,100,50.5
3108,7770,310.8,100,50.5
3109,7772.5,310.90000000000003,100,50.5
3110,7775,311,100,50.5
3111,7777.5,311.1,100,50.5
3112,7780,311.20000000000005,100,50.5
3113,7782.5,311.3,100,50.5
3114,7785,311.40000000000003,100,50.5
3115,7787.5,311.5,100,50.5
3116,7790,311.6,100,50.5
3117,7792.5,311.70000000000005,100,50.5
3118,7795,311.8,100,50.5
3119,7797.5,311.90000000000003,100,50.5
3120,7800,312,100,50.5
3121,7802.5,312.1,100,50.5
3122,7805,312.20000000000005,100,50.5
3123,7807.5,312.3,100,50.5
3124,7810,312.40000000000003,100,50.5
3125,7812.5,312.5,100,50.5
3126,7815,312.6,100,50.5
3127,7817.5,312.70000000000005,100,50.5
3128,7820,312.8,100,50.5
3129,7822.5,312.90000000000003,100,50.5
3130,7825,313,100,50.5
3131,7827.5,313.1,100,50.5
3132,7830,313.20000000000005,100,50.5
3133,7832.5,313.3,100,50.5
3134,7835,313.40000000000003,100,50.5
3135,7837.5,313.5,100,50.5
3136,7840,313.6,100,50.5
3137,7842.5,313.70000000000005,100,50.5
3138,7845,313.8,100,50.5
3139,7847.5,313.90000000000003,100,50.5
3140,7850,314,100,50.5
3141,7852.5,314.1,100,50.5
3142,7855,314.20000000000005,100,50.5
3143,7857.5,314.3,100,50.5
3144,7860,314.40000000000003,100,50.5
3145,7862.5,314.5,100,50.5
3146,7865,314.6,100,50.5
3147,7867.5,314.70000000000005,100,50.5
3148,7870,314.8,100,50.5
3149,7872.5,314.90000000000003,100,50.5
3150,7875,315,100,50.5
3151,7877.5,315.1,100,50.5
3152,7880,315.20000000000005,100,50.5
3153,7882.5,315.3,100,50.5
3154,7885,315.40000000000003,100,50.5
3155,7887.5,315.5,100,50.5
3156,7890,315.6,100,50.5
3157,7892.5,315.70000000000005,100,50.5
3158,7895,315.8,100,50.5
3159,7897.5,315.90000000000003,100,50.5
3160,7900,316,100,50.5
3161,7902.5,316.1,100,50.5
3162,7905,316.20000000000005,100,50.5
3163,7907.5,316.3,100,50.5
3164,7910,316.40000000000003,100,50.5
3165,7912.5,316.5,100,50.5
3166,7915,316.6,100,50.5
3167,7917.5,316.70000000000005,100,50.5
3168,7920,316.8,100,50.5
3169,7922.5,316.90000000000003,100,50.5
3170,7925,317,100,50.5
3171,7927.5,317.1,100,50.5
3172,7930,317.20000000000005,100,50.5
3173,7932.5,317.3,100,50.5
3174,7935,317.40000000000003,100,50.5
3175,7937.5,317.5,100,50.5
3176,7940,317.6,100,50.5
3177,7942.5,317.70000000000005,100,50.5
3178,7945,317.8,100,50.5
3179,7947.5,317.90000000000003,100,50.5
3180,7950,318,100,50.5
3181,7952.5,318.1,100,50.5
3182,7955,318.20000000000005,100,50.5
3183,7957.5,318.3,100,50.5
3184,7960,318.40000000000003,100,50.5
3185,7962.5,318.5,100,50.5
3186,7965,318.6,100,50.5
3187,7967.5,318.70000000000005,100,50.5
3188,7970,318.8,100,50.5
3189,7972.5,318.90000000000003,100,50.5
3190,7975,319,100,50.5
3191,7977.5,319.1,100,50.5
3192,7980,319.20000000000005,100,50.5
3193,7982.5,319.3,100,50.5
3194,7985,319.40000000000003,100,50.5
3195,7987.5,319.5,100,50.5
3196,7990,319.6,100,50.5
3197,7992.5,319.70000000000005,100,50.5
3198,7995,319.8,100,50.5
3199,7997.5,319.90000000000003,100,50.5
3200,8000,320,100,50.5
3201,8002.5,320.1,100,50.5
3202,8005,320.20000000000005,100,50.5
3203,8007.5,320.3,100,50.5
3204,8010,320.40000000000003,100,50.5
3205,8012.5,320.5,100,50.5
3206,8015,320.6,100,50.5
3207,8017.5,320.70000000000005,100,50.5
3208,8020,320.8,100,50.5
3209,8022.5,320.90000000000003,100,50.5
3210,8025,321,100,50.5
3211,8027.5,321.1,100,50.5
3212,8030,321.20000000000005,100,50.5
3213,8032.5,321.3,100,50.5
3214,8035,321.40000000000003,100,50.5
3215,8037.5,321.5,100,50.5
3216,8040,321.6,100,50.5
3217,8042.5,321.70000000000005,100,50.5
3218,8045,321.8,100,50.5
3219,8047.5,321.90000000000003,100,50.5
3220,8050,322,100,50.5
3221,8052.5,322.1,100,50.5
3222,8055,322.20000000000005,100,50.5
3223,8057.5,322.3,100,50.5
3224,8060,322.40000000000003,100,50.5
3225,8062.5,322.5,100,50.5
3226,8065,322.6,100,50.5
3227,8067.5,322.70000000000005,100,50.5
3228,8070,322.8,100,50.5
3229,8072.5,322.90000000000003,100,50.5
3230,8075,323,100,50.5
3231,8077.5,323.1,100,50.5
3232,8080,323.20000000000005,100,50.5
3233,8082.5,323.3,100,50.5
3234,8085,323.40000000000003,100,50.5
3235,8087.5,323.5,100,50.5
3236,8090,323.6,100,50.5
3237,8092.5,323.70000000000005,100,50.5
3238,8095,323.8,100,50.5
3239,8097.5,323.90000000000003,100,50.5
3240,8100,324,100,50.5
3241,8102.5,324.1,100,50.5
3242,8105,324.20000000000005,100,50.5
3243,8107.5,324.3,100,50.5
3244,8110,324.40000000000003,100,50.5
3245,8112.5,324.5,100,50.5
3246,8115,324.6,100,50.5
3247,8117.5,324.70000000000005,100,50.5
3248,8120,324.8,100,50.5
3249,8122.5,324.90000000000003,100,50.5
3250,8125,325,100,50.5
3251,8127.5,325.1,100,50.5
3252,8130,325.20000000000005,100,50.5
3253,8132.5,325.3,100,50.5
3254,8135,325.40000000000003,100,50.5
3255,8137.5,325.5,100,50.5
3256,8140,325.6,100,50.5
3257,8142.5,325.70000000000005,100,50.5
3258,8145,325.8,100,50.5
3259,8147.5,325.90000000000003,100,50.5
3260,8150,326,100,50.5
3261,8152.5,326.1,100,50.5
3262,8155,326.20000000000005,100,50.5
3263,8157.5,326.3,100,50.5
3264,8160,326.40000000000003,100,50.5
3265,8162.5,326.5,100,50.5
3266,8165,326.6,100,50.5
3267,8167.5,326.70000000000005,100,50.5
3268,8170,326.8,100,50.5
3269,8172.5,326.90000000000003,100,50.5
3270,8175,327,100,50.5
3271,8177.5,327.1,100,50.5
3272,8180,327.20000000000005,100,50.5
3273,8182.5,327.3,100,50.5
3274,8185,327.40000000000003,100,50.5
3275,8187.5,327.5,100,50.5
3276,8190,327.6,100,50.5
3277,8192.5,327.70000000000005,100,50.5
3278,8195,327.8,100,50.5
3279,8197.5,327.90000000000003,100,50.5
3280,8200,328,100,50.5
3281,8202.5,328.1,100,50.5
3282,8205,328.20000000000005,100,50.5
3283,8207.5,328.3,100,50.5
3284,8210,328.40000000000003,100,50.5
3285,8212.5,328.5,100,50.5
3286,8215,328.6,100,50.5
3287,8217.5,328.70000000000005,100,50.5
3288,8220,328.8,100,50.5
3289,8222.5,328.90000000000003,100,50.5
3290,8225,329,100,50.5
3291,8227.5,329.1,100,50.5
3292,8230,329.20000000000005,100,50.5
3293,8232.5,329.3,100,50.5
3294,8235,329.40000000000003,100,50.5
3295,8237.5,329.5,100,50.5
3296,8240,329.6,100,50.5
3297,8242.5,329.70000000000005,100,50.5
3298,8245,329.8,100,50.5
3299,8247.5,329.90000000000003,100,50.5
3300,8250,330,100,50.5
3301,8252.5,330.1,100,50.5
3302,8255,330.20000000000005,100,50.5
3303,8257.5,330.3,100,50.5
3304,8260,330.40000000000003,100,50.5
3305,8262.5,330.5,100,50.5
3306,8265,330.6,100,50.5
3307,8267.5,330.70000000000005,100,50.5
3308,8270,330.8,100,50.5
3309,8272.5,330.90000000000003,100,50.5
3310,8275,331,100,50.5
3311,8277.5,331.1,100,50.5
3312,8280,331.20000000000005,100,50.5
3313,8282.5,331.3,100,50.5
3314,8285,331.40000000000003,100,50.5
3315,8287.5,331.5,100,50.5
3316,8290,331.6,100,50.5
3317,8292.5,331.70000000000005,100,50.5
3318,8295,331.8,100,50.5
3319,8297.5,331.90000000000003,100,50.5
3320,8300,332,100,50.5
3321,8302.5,332.1,100,50.5
3322,8305,332.20000000000005,100,50.5
3323,8307.5,332.3,100,50.5
3324,8310,332.40000000000003,100,50.5
3325,8312.5,332.5,100,50.5
3326,8315,332.6,100,50.5
3327,8317.5,332.70000000000005,100,50.5
3328,8320,332.8,100,50.5
3329,8322.5,332.90000000000003,100,50.5
3330,8325,333,100,50.5
3331,8327.5,333.1,100,50.5
3332,8330,333.20000000000005,100,50.5
3333,8332.5,333.3,100,50.5
3334,8335,333.40000000000003,100,50.5
3335,8337.5,333.5,100,50.5
3336,8340,333.6,100,50.5
3337,8342.5,333.70000000000005,100,50.5
3338,8345,333.8,100,50.5
3339,8347.5,333.90000000000003,100,50.5
3340,8350,334,100,50.5
3341,8352.5,334.1,100,50.5
3342,8355,334.20000000000005,100,50.5
3343,8357.5,334.3,100,50.5
3344,8360,334.40000000000003,100,50.5
3345,8362.5,334.5,100,50.5
3346,8365,334.6,100,50.5
3347,8367.5,334.70000000000005,100,50.5
3348,8370,334.8,100,50.5
3349,8372.5,334.90000000000003,100,50.5
3350,8375,335,100,50.5
3351,8377.5,335.1,100,50.5
3352,8380,335.20000000000005,100,50.5
3353,8382.5,335.3,100,50.5
3354,8385,335.40000000000003,100,50.5
3355,8387.5,335.5,100,50.5
3356,8390,335.6,100,50.5
3357,8392.5,335.70000000000005,100,50.5
3358,8395,335.8,100,50.5
3359,8397.5,335.90000000000003,100,50.5
3360,8400,336,100,50.5
3361,8402.5,336.1,100,50.5
3362,8405,336.20000000000005,100,50.5
3363,8407.5,336.3,100,50.5
3364,8410,336.40000000000003,100,50.5
3365,8412.5,336.5,100,50.5
3366,8415,336.6,100,50.5
3367,8417.5,336.70000000000005,100,50.5
3368,8420,336.8,100,50.5
3369,8422.5,336.90000000000003,100,50.5
3370,8425,337,100,50.5
3371,8427.5,337.1,100,50.5
3372,8430,337.20000000000005,100,50.5
3373,8432.5,337.3,100,50.5
3374,8435,337.40000000000003,100,50.5
3375,8437.5,337.5,100,50.5
3376,8440,337.6,100,50.5
3377,8442.5,337.70000000000005,100,50.5
3378,8445,337.8,100,50.5
3379,8447.5,337.90000000000003,100,50.5
3380,8450,338,100,50.5
3381,8452.5,338.1,100,50.5
3382,8455,338.20000000000005,100,50.5
3383,8457.5,338.3,100,50.5
3384,8460,338.40000000000003,100,50.5
3385,8462.5,338.5,100,50.5
3386,8465,338.6,100,50.5
3387,8467.5,338.70000000000005,100,50.5
3388,8470,338.8,100,50.5
3389,8472.5,338.90000000000003,100,50.5
3390,8475,339,100,50.5
3391,8477.5,339.1,100,50.5
3392,8480,339.20000000000005,100,50.5
3393,8482.5,339.3,100,50.5
3394,8485,339.40000000000003,100,50.5
3395,8487.5,339.5,100,50.5
3396,8490,339.6,100,50.5
3397,8492.5,339.70000000000005,100,50.5
3398,8495,339.8,100,50.5
3399,8497.5,339.90000000000003,100,50.5
3400,8500,340,100,50.5
3401,8502.5,340.1,100,50.5
3402,8505,340.20000000000005,100,50.5
3403,8507.5,340.3,100,50.5
3404,8510,340.40000000000003,100,50.5
3405,8512.5,340.5,100,50.5
3406,8515,340.6,100,50.5
3407,8517.5,340.70000000000005,100,50.5
3408,8520,340.8,100,50.5
3409,8522.5,340.90000000000003,100,50.5
3410,8525,341,100,50.5
3411,8527.5,341.1,100,50.5
3412,8530,341.20000000000005,100,50.5
3413,8532.5,341.3,100,50.5
3414,8535,341.40000000000003,100,50.5
3415,8537.5,341.5,100,50.5
3416,8540,341.6,100,50.5
3417,8542.5,341.70000000000005,100,50.5
3418,8545,341.8,100,50.5
3419,8547.5,341.90000000000003,100,50.5
3420,8550,342,100,50.5
3421,8552.5,342.1,100,50.5
3422,8555,342.20000000000005,100,50.5
3423,8557.5,342.3,100,50.5
3424,8560,342.40000000000003,100,50.5
3425,8562.5,342.5,100,50.5
3426,8565,342.6,100,50.5
3427,8567.5,342.70000000000005,100,50.5
3428,8570,342.8,100,50.5
3429,8572.5,342.90000000000003,100,50.5
3430,8575,343,100,50.5
3431,8577.5,343.1,100,50.5
3432,8580,343.20000000000005,100,50.5
3433,8582.5,343.3,100,50.5
3434,8585,343.40000000000003,100,50.5
3435,8587.5,343.5,100,50.5
3436,8590,343.6,100,50.5
3437,8592.5,343.70000000000005,100,50.5
3438,8595,343.8,100,50.5
3439,8597.5,343.90000000000003,100,50.5
3440,8600,344,100,50.5
3441,8602.5,344.1,100,50.5
3442,8605,344.20000000000005,100,50.5
3443,8607.5,344.3,100,50.5
3444,8610,344.40000000000003,100,50.5
3445,8612.5,344.5,100,50.5
3446,8615,344.6,100,50.5
3447,8617.5,344.70000000000005,100,50.5
3448,8620,344.8,100,50.5
3449,8622.5,344.90000000000003,100,50.5
3450,8625,345,100,50.5
3451,8627.5,345.1,100,50.5
3452,8630,345.20000000000005,100,50.5
3453,8632.5,345.3,100,50.5
3454,8635,345.40000000000003,100,50.5
3455,8637.5,345.5,100,50.5
3456,8640,345.6,100,50.5
3457,8642.5,345.70000000000005,100,50.5
3458,8645,345.8,100,50.5
3459,8647.5,345.90000000000003,100,50.5
3460,8650,346,100,50.5
3461,8652.5,346.1,100,50.5
3462,8655,346.20000000000005,100,50.5
3463,8657.5,346.3,100,50.5
3464,8660,346.40000000000003,100,50.5
3465,8662.5,346.5,100,50.5
3466,8665,346.6,100,50.5
3467,8667.5,346.70000000000005,100,50.5
3468,8670,346.8,100,50.5
3469,8672.5,346.90000000000003,100,50.5
3470,8675,347,100,50.5
3471,8677.5,347.1,100,50.5
3472,8680,347.20000000000005,100,50.5
3473,8682.5,347.3,100,50.5
3474,8685,347.40000000000003,100,50.5
3475,8687.5,347.5,100,50.5
3476,8690,347.6,100,50.5
3477,8692.5,347.70000000000005,100,50.5
3478,8695,347.8,100,50.5
3479,8697.5,347.90000000000003,100,50.5
3480,8700,348,100,50.5
3481,8702.5,348.1,100,50.5
3482,8705,348.20000000000005,100,50.5
3483,8707.5,348.3,100,50.5
3484,8710,348.40000000000003,100,50.5
3485,8712.5,348.5,100,50.5
3486,8715,348.6,100,50.5
3487,8717.5,348.70000000000005,100,50.5
3488,8720,348.8,100,50.5
3489,8722.5,348.90000000000003,100,50.5
3490,8725,349,100,50.5
3491,8727.5,349.1,100,50.5
3492,8730,349.20000000000005,100,50.5
3493,8732.5,349.3,100,50.5
3494,8735,349.40000000000003,100,50.5
3495,8737.5,349.5,100,50.5
3496,8740,349.6,100,50.5
3497,8742.5,349.70000000000005,100,50.5
3498,8745,349.8,100,50.5
3499,8747.5,349.90000000000003,100,50.5
3500,8750,350,100,50.5
3501,8752.5,350.1,100,50.5
3502,8755,350.20000000000005,100,50.5
3503,8757.5,350.3,100,50.5
3504,8760,350.40000000000003,100,50.5
3505,8762.5,350.5,100,50.5
3506,8765,350.6,100,50.5
3507,8767.5,350.70000000000005,100,50.5
3508,8770,350.8,100,50.5
3509,8772.5,350.90000000000003,100,50.5
3510,8775,351,100,50.5
3511,8777.5,351.1,100,50.5
3512,8780,351.20000000000005,100,50.5
3513,8782.5,351.3,100,50.5
3514,8785,351.40000000000003,100,50.5
3515,8787.5,351.5,100,50.5
3516,8790,351.6,100,50.5
3517,8792.5,351.70000000000005,100,50.5
3518,8795,351.8,100,50.5
3519,8797.5,351.90000000000003,100,50.5
3520,8800,352,100,50.5
3521,8802.5,352.1,100,50.5
3522,8805,352.20000000000005,100,50.5
3523,8807.5,352.3,100,50.5
3524,8810,352.40000000000003,100,50.5
3525,8812.5,352.5,100,50.5
3526,8815,352.6,100,50.5
3527,8817.5,352.70000000000005,100,50.5
3528,8820,352.8,100,50.5
3529,8822.5,352.90000000000003,100,50.5
3530,8825,353,100,50.5
3531,8827.5,353.1,100,50.5
3532,8830,353.20000000000005,100,50.5
3533,8832.5,353.3,100,50.5
3534,8835,353.40000000000003,100,50.5
3535,8837.5,353.5,100,50.5
3536,8840,353.6,100,50.5
3537,8842.5,353.70000000000005,100,50.5
3538,8845,353.8,100,50.5
3539,8847.5,353.90000000000003,100,50.5
3540,8850,354,100,50.5
3541,8852.5,354.1,100,50.5
3542,8855,354.20000000000005,100,50.5
3543,8857.5,354.3,100,50.5
3544,8860,354.40000000000003,100,50.5
3545,8862.5,354.5,100,50.5
3546,8865,354.6,100,50.5
3547,8867.5,354.70000000000005,100,50.5
3548,8870,354.8,100,50.5
3549,8872.5,354.90000000000003,100,50.5
3550,8875,355,100,50.5
3551,8877.5,355.1,100,50.5
3552,8880,355.20000000000005,100,50.5
3553,8882.5,355.3,100,50.5
3554,8885,355.40000000000003,100,50.5
3555,8887.5,355.5,100,50.5
3556,8890,355.6,100,50.5
3557,8892.5,355.70000000000005,100,50.5
3558,8895,355.8,100,50.5
3559,8897.5,355.90000000000003,100,50.5
3560,8900,356,100,50.5
3561,8902.5,356.1,100,50.5
3562,8905,356.20000000000005,100,50.5
3563,8907.5,356.3,100,50.5
3564,8910,356.40000000000003,100,50.5
3565,8912.5,356.5,100,50.5
3566,8915,356.6,100,50.5
3567,8917.5,356.70000000000005,100,50.5
3568,8920,356.8,100,50.5
3569,8922.5,356.90000000000003,100,50.5
3570,8925,357,100,50.5
3571,8927.5,357.1,100,50.5
3572,8930,357.20000000000005,100,50.5
3573,8932.5,357.3,100,50.5
3574,8935,357.40000000000003,100,50.5
3575,8937.5,357.5,100,50.5
3576,8940,357.6,100,50.5
3577,8942.5,357.70000000000005,100,50.5
3578,8945,357.8,100,50.5
3579,8947.5,357.90000000000003,100,50.5
3580,8950,358,100,50.5
3581,8952.5,358.1,100,50.5
3582,8955,358.20000000000005,100,50.5
3583,8957.5,358.3,100,50.5
3584,8960,358.40000000000003,100,50.5
3585,8962.5,358.5,100,50.5
3586,8965,358.6,100,50.5
3587,8967.5,358.70000000000005,100,50.5
3588,8970,358.8,100,50.5
3589,8972.5,358.90000000000003,100,50.5
3590,8975,359,100,50.5
3591,8977.5,359.1,100,50.5
3592,8980,359.20000000000005,100,50.5
3593,8982.5,359.3,100,50.5
3594,8985,359.40000000000003,100,50.5
3595,8987.5,359.5,100,50.5
3596,8990,359.6,100,50.5
3597,8992.5,359.70000000000005,100,50.5
3598,8995,359.8,100,50.5
3599,8997.5,359.90000000000003,100,50.5
3600,9000,360,100,50.5
3601,9002.5,360.1,100,50.5
3602,9005,360.20000000000005,100,50.5
3603,9007.5,360.3,100,50.5
3604,9010,360.40000000000003,100,50.5
3605,9012.5,360.5,100,50.5
3606,9015,360.6,100,50.5
3607,9017.5,360.70000000000005,100,50.5
3608,9020,360.8,100,50.5
3609,9022.5,360.90000000000003,100,50.5
3610,9025,361,100,50.5
3611,9027.5,361.1,100,50.5
3612,9030,361.20000000000005,100,50.5
3613,9032.5,361.3,100,50.5
3614,9035,361.40000000000003,100,50.5
3615,9037.5,361.5,100,50.5
3616,9040,361.6,100,50.5
3617,9042.5,361.70000000000005,100,50.5
3618,9045,361.8,100,50.5
3619,9047.5,361.90000000000003,100,50.5
3620,9050,362,100,50.5
3621,9052.5,362.1,100,50.5
3622,9055,362.20000000000005,100,50.5
3623,9057.5,362.3,100,50.5
3624,9060,362.40000000000003,100,50.5
3625,9062.5,362.5,100,50.5
3626,9065,362.6,100,50.5
3627,9067.5,362.70000000000005,100,50.5
3628,9070,362.8,100,50.5
3629,9072.5,362.90000000000003,100,50.5
3630,9075,363,100,50.5
3631,9077.5,363.1,100,50.5
3632,9080,363.20000000000005,100,50.5
3633,9082.5,363.3,100,50.5
3634,9085,363.40000000000003,100,50.5
3635,9087.5,363.5,100,50.5
3636,9090,363.6,100,50.5
3637,9092.5,363.70000000000005,100,50.5
3638,9095,363.8,100,50.5
3639,9097.5,363.90000000000003,100,50.5
3640,9100,364,100,50.5
3641,9102.5,364.1,100,50.5
3642,9105,364.20000000000005,100,50.5
3643,9107.5,364.3,100,50.5
3644,9110,364.40000000000003,100,50.5
3645,9112.5,364.5,100,50.5
3646,9115,364.6,100,50.5
3647,9117.5,364.70000000000005,100,50.5
3648,9120,364.8,100,50.5
3649,9122.5,364.90000000000003,100,50.5
3650,9125,365,100,50.5
3651,9127.5,365.1,100,50.5
3652,9130,365.20000000000005,100,50.5
3653,9132.5,365.3,100,50.5
3654,9135,365.40000000000003,100,50.5
3655,9137.5,365.5,100,50.5
3656,9140,365.6,100,50.5
3657,9142.5,365.70000000000005,100,50.5
3658,9145,365.8,100,50.5
3659,9147.5,365.90000000000003,100,50.5
3660,9150,366,100,50.5
3661,9152.5,366.1,100,50.5
3662,9155,366.20000000000005,100,50.5
3663,9157.5,366.3,100,50.5
3664,9160,366.40000000000003,100,50.5
3665,9162.5,366.5,100,50.5
3666,9165,366.6,100,50.5
3667,9167.5,366.70000000000005,100,50.5
3668,9170,366.8,100,50.5
3669,9172.5,366.90000000000003,100,50.5
3670,9175,367,100,50.5
3671,9177.5,367.1,100,50.5
3672,9180,367.20000000000005,100,50.5
3673,9182.5,367.3,100,50.5
3674,9185,367.40000000000003,100,50.5
3675,9187.5,367.5,100,50.5
3676,9190,367.6,100,50.5
3677,9192.5,367.70000000000005,100,50.5
3678,9195,367.8,100,50.5
3679,9197.5,367.90000000000003,100,50.5
3680,9200,368,100,50.5
3681,9202.5,368.1,100,50.5
3682,9205,368.20000000000005,100,50.5
3683,9207.5,368.3,100,50.5
3684,9210,368.40000000000003,100,50.5
3685,9212.5,368.5,100,50.5
3686,9215,368.6,100,50.5
3687,9217.5,368.70000000000005,100,50.5
3688,9220,368.8,100,50.5
3689,9222.5,368.90000000000003,100,50.5
3690,9225,369,100,50.5
3691,9227.5,369.1,100,50.5
3692,9230,369.20000000000005,100,50.5
3693,9232.5,369.3,100,50.5
3694,9235,369.40000000000003,100,50.5
3695,9237.5,369.5,100,50.5
3696,9240,369.6,100,50.5
3697,9242.5,369.70000000000005,100,50.5
3698,9245,369.8,100,50.5
3699,9247.5,369.90000000000003,100,50.5
3700,9250,370,100,50.5
3701,9252.5,370.1,100,50.5
3702,9255,370.20000000000005,100,50.5
3703,9257.5,370.3,100,50.5
3704,9260,370.40000000000003,100,50.5
3705,9262.5,370.5,100,50.5
3706,9265,370.6,100,50.5
3707,9267.5,370.70000000000005,100,50.5
3708,9270,370.8,100,50.5
3709,9272.5,370.90000000000003,100,50.5
3710,9275,371,100,50.5
3711,9277.5,371.1,100,50.5
3712,9280,371.20000000000005,100,50.5
3713,9282.5,371.3,100,50.5
3714,9285,371.40000000000003,100,50.5
3715,9287.5,371.5,100,50.5
3716,9290,371.6,100,50.5
3717,9292.5,371.70000000000005,100,50.5
3718,9295,371.8,100,50.5
3719,9297.5,371.90000000000003,100,50.5
3720,9300,372,100,50.5
3721,9302.5,372.1,100,50.5
3722,9305,372.20000000000005,100,50.5
3723,9307.5,372.3,100,50.5
3724,9310,372.40000000000003,100,50.5
3725,9312.5,372.5,100,50.5
3726,9315,372.6,100,50.5
3727,9317.5,372.70000000000005,100,50.5
3728,9320,372.8,100,50.5
3729,9322.5,372.90000000000003,100,50.5
3730,9325,373,100,50.5
3731,9327.5,373.1,100,50.5
3732,9330,373.20000000000005,100,50.5
3733,9332.5,373.3,100,50.5
3734,9335,373.40000000000003,100,50.5
3735,9337.5,373.5,100,50.5
3736,9340,373.6,100,50.5
3737,9342.5,373.70000000000005,100,50.5
3738,9345,373.8,100,50.5
3739,9347.5,373.90000000000003,100,50.5
3740,9350,374,100,50.5
3741,9352.5,374.1,100,50.5
3742,9355,374.20000000000005,100,50.5
3743,9357.5,374.3,100,50.5
3744,9360,374.40000000000003,100,50.5
3745,9362.5,374.5,100,50.5
3746,9365,374.6,100,50.5
3747,9367.5,374.70000000000005,100,50.5
3748,9370,374.8,100,50.5
3749,9372.5,374.90000000000003,100,50.5
3750,9375,375,100,50.5
3751,9377.5,375.1,100,50.5
3752,9380,375.20000000000005,100,50.5
3753,9382.5,375.3,100,50.5
3754,9385,375.40000000000003,100,50.5
3755,9387.5,375.5,100,50.5
3756,9390,375.6,100,50.5
3757,9392.5,375.70000000000005,100,50.5
3758,9395,375.8,100,50.5
3759,9397.5,375.90000000000003,100,50.5
3760,9400,376,100,50.5
3761,9402.5,376.1,100,50.5
3762,9405,376.20000000000005,100,50.5
3763,9407.5,376.3,100,50.5
3764,9410,376.40000000000003,100,50.5
3765,9412.5,376.5,100,50.5
3766,9415,376.6,100,50.5
3767,9417.5,376.70000000000005,100,50.5
3768,9420,376.8,100,50.5
3769,9422.5,376.90000000000003,100,50.5
3770,9425,377,100,50.5
3771,9427.5,377.1,100,50.5
3772,9430,377.20000000000005,100,50.5
3773,9432.5,377.3,100,50.5
3774,9435,377.40000000000003,100,50.5
3775,9437.5,377.5,100,50.5
3776,9440,377.6,100,50.5
3777,9442.5,377.70000000000005,100,50.5
3778,9445,377.8,100,50.5
3779,9447.5,377.90000000000003,100,50.5
3780,9450,378,100,50.5
3781,9452.5,378.1,100,50.5
3782,9455,378.20000000000005,100,50.5
3783,9457.5,378.3,100,50.5
3784,9460,378.40000000000003,100,50.5
3785,9462.5,378.5,100,50.5
3786,9465,378.6,100,50.5
3787,9467.5,378.70000000000005,100,50.5
3788,9470,378.8,100,50.5
3789,9472.5,378.90000000000003,100,50.5
3790,9475,379,100,50.5
3791,9477.5,379.1,100,50.5
3792,9480,379.20000000000005,100,50.5
3793,9482.5,379.3,100,50.5
3794,9485,379.40000000000003,100,50.5
3795,9487.5,379.5,100,50.5
3796,9490,379.6,100,50.5
3797,9492.5,379.70000000000005,100,50.5
3798,9495,379.8,100,50.5
3799,9497.5,379.90000000000003,100,50.5
3800,9500,380,100,50.5
3801,9502.5,380.1,100,50.5
3802,9505,380.20000000000005,100,50.5
3803,9507.5,380.3,100,50.5
3804,9510,380.40000000000003,100,50.5
3805,9512.5,380.5,100,50.5
3806,9515,380.6,100,50.5
3807,9517.5,380.70000000000005,100,50.5
3808,9520,380.8,100,50.5
3809,9522.5,380.90000000000003,100,50.5
3810,9525,381,100,50.5
3811,9527.5,381.1,100,50.5
3812,9530,381.20000000000005,100,50.5
3813,9532.5,381.3,100,50.5
3814,9535,381.40000000000003,100,50.5
3815,9537.5,381.5,100,50.5
3816,9540,381.6,100,50.5
3817,9542.5,381.70000000000005,100,50.5
3818,9545,381.8,100,50.5
3819,9547.5,381.90000000000003,100,50.5
3820,9550,382,100,50.5
3821,9552.5,382.1,100,50.5
3822,9555,382.20000000000005,100,50.5
3823,9557.5,382.3,100,50.5
3824,9560,382.40000000000003,100,50.5
3825,9562.5,382.5,100,50.5
3826,9565,382.6,100,50.5
3827,9567.5,382.70000000000005,100,50.5
3828,9570,382.8,100,50.5
3829,9572.5,382.90000000000003,100,50.5
3830,9575,383,100,50.5
3831,9577.5,383.1,100,50.5
3832,9580,383.20000000000005,100,50.5
3833,9582.5,383.3,100,50.5
3834,9585,383.40000000000003,100,50.5
3835,9587.5,383.5,100,50.5
3836,9590,383.6,100,50.5
3837,9592.5,383.70000000000005,100,50.5
3838,9595,383.8,100,50.5
3839,9597.5,383.90000000000003,100,50.5
3840,9600,384,100,50.5
3841,9602.5,384.1,100,50.5
3842,9605,384.20000000000005,100,50.5
3843,9607.5,384.3,100,50.5
3844,9610,384.40000000000003,100,50.5
3845,9612.5,384.5,100,50.5
3846,9615,384.6,100,50.5
3847,9617.5,384.70000000000005,100,50.5
3848,9620,384.8,100,50.5
3849,9622.5,384.90000000000003,100,50.5
3850,9625,385,100,50.5
3851,9627.5,385.1,100,50.5
3852,9630,385.20000000000005,100,50.5
3853,9632.5,385.3,100,50.5
3854,9635,385.40000000000003,100,50.5
3855,9637.5,385.5,100,50.5
3856,9640,385.6,100,50.5
3857,9642.5,385.70000000000005,100,50.5
3858,9645,385.8,100,50.5
3859,9647.5,385.90000000000003,100,50.5
3860,9650,386,100,50.5
3861,9652.5,386.1,100,50.5
3862,9655,386.20000000000005,100,50.5
3863,9657.5,386.3,100,50.5
3864,9660,386.40000000000003,100,50.5
3865,9662.5,386.5,100,50.5
3866,9665,386.6,100,50.5
3867,9667.5,386.70000000000005,100,50.5
3868,9670,386.8,100,50.5
3869,9672.5,386.90000000000003,100,50.5
3870,9675,387,100,50.5
3871,9677.5,387.1,100,50.5
3872,9680,387.20000000000005,100,50.5
3873,9682.5,387.3,100,50.5
3874,9685,387.40000000000003,100,50.5
3875,9687.5,387.5,100,50.5
3876,9690,387.6,100,50.5
3877,9692.5,387.70000000000005,100,50.5
3878,9695,387.8,100,50.5
3879,9697.5,387.90000000000003,100,50.5
3880,9700,388,100,50.5
3881,9702.5,388.1,100,50.5
3882,9705,388.20000000000005,100,50.5
3883,9707.5,388.3,100,50.5
3884,9710,388.40000000000003,100,50.5
3885,9712.5,388.5,100,50.5
3886,9715,388.6,100,50.5
3887,9717.5,388.70000000000005,100,50.5
3888,9720,388.8,100,50.5
3889,9722.5,388.90000000000003,100,50.5
3890,9725,389,100,50.5
3891,9727.5,389.1,100,50.5
3892,9730,389.20000000000005,100,50.5
3893,9732.5,389.3,100,50.5
3894,9735,389.40000000000003,100,50.5
3895,9737.5,389.5,100,50.5
3896,9740,389.6,100,50.5
3897,9742.5,389.70000000000005,100,50.5
3898,9745,389.8,100,50.5
3899,9747.5,389.90000000000003,100,50.5
3900,9750,390,100,50.5
3901,9752.5,390.1,100,50.5
3902,9755,390.20000000000005,100,50.5
3903,9757.5,390.3,100,50.5
3904,9760,390.40000000000003,100,50.5
3905,9762.5,390.5,100,50.5
3906,9765,390.6,100,50.5
3907,9767.5,390.70000000000005,100,50.5
3908,9770,390.8,100,50.5
3909,9772.5,390.90000000000003,100,50.5
3910,9775,391,100,50.5
3911,9777.5,391.1,100,50.5
3912,9780,391.20000000000005,100,50.5
3913,9782.5,391.3,100,50.5
3914,9785,391.40000000000003,100,50.5
3915,9787.5,391.5,100,50.5
3916,9790,391.6,100,50.5
3917,9792.5,391.70000000000005,100,50.5
3918,9795,391.8,100,50.5
3919,9797.5,391.90000000000003,100,50.5
3920,9800,392,100,50.5
3921,9802.5,392.1,100,50.5
3922,9805,392.20000000000005,100,50.5
3923,9807.5,392.3,100,50.5
3924,9810,392.40000000000003,100,50.5
3925,9812.5,392.5,100,50.5
3926,9815,392.6,100,50.5
3927,9817.5,392.70000000000005,100,50.5
3928,9820,392.8,100,50.5
3929,9822.5,392.90000000000003,100,50.5
3930,9825,393,100,50.5
3931,9827.5,393.1,100,50.5
3932,9830,393.20000000000005,100,50.5
3933,9832.5,393.3,100,50.5
3934,9835,393.40000000000003,100,50.5
3935,9837.5,393.5,100,50.5
3936,9840,393.6,100,50.5
3937,9842.5,393.70000000000005,100,50.5
3938,9845,393.8,100,50.5
3939,9847.5,393.90000000000003,100,50.5
3940,9850,394,100,50.5
3941,9852.5,394.1,100,50.5
3942,9855,394.20000000000005,100,50.5
3943,9857.5,394.3,100,50.5
3944,9860,394.40000000000003,100,50.5
3945,9862.5,394.5,100,50.5
3946,9865,394.6,100,50.5
3947,9867.5,394.70000000000005,100,50.5
3948,9870,394.8,100,50.5
3949,9872.5,394.90000000000003,100,50.5
3950,9875,395,100,50.5
3951,9877.5,395.1,100,50.5
3952,9880,395.20000000000005,100,50.5
3953,9882.5,395.3,100,50.5
3954,9885,395.40000000000003,100,50.5
3955,9887.5,395.5,100,50.5
3956,9890,395.6,100,50.5
3957,9892.5,395.70000000000005,100,50.5
3958,9895,395.8,100,50.5
3959,9897.5,395.90000000000003,100,50.5
3960,9900,396,100,50.5
3961,9902.5,396.1,100,50.5
3962,9905,396.20000000000005,100,50.5
3963,9907.5,396.3,100,50.5
3964,9910,396.40000000000003,100,50.5
3965,9912.5,396.5,100,50.5
3966,9915,396.6,100,50.5
3967,9917.5,396.70000000000005,100,50.5
3968,9920,396.8,100,50.5
3969,9922.5,396.90000000000003,100,50.5
3970,9925,397,100,50.5
3971,9927.5,397.1,100,50.5
3972,9930,397.20000000000005,100,50.5
3973,9932.5,397.3,100,50.5
3974,9935,397.40000000000003,100,50.5
3975,9937.5,397.5,100,50.5
3976,9940,397.6,100,50.5
3977,9942.5,397.70000000000005,100,50.5
3978,9945,397.8,100,50.5
3979,9947.5,397.90000000000003,100,50.5
3980,9950,398,100,50.5
3981,9952.5,398.1,100,50.5
3982,9955,398.20000000000005,100,50.5
3983,9957.5,398.3,100,50.5
3984,9960,398.40000000000003,100,50.5
3985,9962.5,398.5,100,50.5
3986,9965,398.6,100,50.5
3987,9967.5,398.70000000000005,100,50.5
3988,9970,398.8,100,50.5
3989,9972.5,398.90000000000003,100,50.5
3990,9975,399,100,50.5
3991,9977.5,399.1,100,50.5
3992,9980,399.20000000000005,100,50.5
3993,9982.5,399.3,100,50.5
3994,9985,399.40000000000003,100,50.5
3995,9987.5,399.5,100,50.5
3996,9990,399.6,100,50.5
3997,9992.5,399.70000000000005,100,50.5
3998,9995,399.8,100,50.5
3999,9997.5,399.90000000000003,100,50.5
4000,10000,400,100,50.5
4001,10002.5,400.1,100,50.5
4002,10005,400.20000000000005,100,50.5
4003,10007.5,400.3,100,50.5
4004,10010,400.40000000000003,100,50.5
4005,10012.5,400.5,100,50.5
4006,10015,400.6,100,50.5
4007,10017.5,400.70000000000005,100,50.5
4008,10020,400.8,100,50.5
4009,10022.5,400.90000000000003,100,50.5
4010,10025,401,100,50.5
4011,10027.5,401.1,100,50.5
4012,10030,401.20000000000005,100,50.5
4013,10032.5,401.3,100,50.5
4014,10035,401.40000000000003,100,50.5
4015,10037.5,401.5,100,50.5
4016,10040,401.6,100,50.5
4017,10042.5,401.70000000000005,100,50.5
4018,10045,401.8,100,50.5
4019,10047.5,401.90000000000003,100,50.5
4020,10050,402,100,50.5
4021,10052.5,402.1,100,50.5
4022,10055,402.20000000000005,100,50.5
4023,10057.5,402.3,100,50.5
4024,10060,402.40000000000003,100,50.5
4025,10062.5,402.5,100,50.5
4026,10065,402.6,100,50.5
4027,10067.5,402.70000000000005,100,50.5
4028,10070,402.8,100,50.5
4029,10072.5,402.90000000000003,100,50.5
4030,10075,403,100,50.5
4031,10077.5,403.1,100,50.5
4032,10080,403.20000000000005,100,50.5
4033,10082.5,403.3,100,50.5
4034,10085,403.40000000000003,100,50.5
4035,10087.5,403.5,100,50.5
4036,10090,403.6,100,50.5
4037,10092.5,403.70000000000005,100,50.5
4038,10095,403.8,100,50.5
4039,10097.5,403.90000000000003,100,50.5
4040,10100,404,100,50.5
4041,10102.5,404.1,100,50.5
4042,10105,404.20000000000005,100,50.5
4043,10107.5,404.3,100,50.5
4044,10110,404.40000000000003,100,50.5
4045,10112.5,404.5,100,50.5
4046,10115,404.6,100,50.5
4047,10117.5,404.70000000000005,100,50.5
4048,10120,404.8,100,50.5
4049,10122.5,404.90000000000003,100,50.5
4050,10125,405,100,50.5
4051,10127.5,405.1,100,50.5
4052,10130,405.20000000000005,100,50.5
4053,10132.5,405.3,100,50.5
4054,10135,405.40000000000003,100,50.5
4055,10137.5,405.5,100,50.5
4056,10140,405.6,100,50.5
4057,10142.5,405.70000000000005,100,50.5
4058,10145,405.8,100,50.5
4059,10147.5,405.90000000000003,100,50.5
4060,10150,406,100,50.5
4061,10152.5,406.1,100,50.5
4062,10155,406.20000000000005,100,50.5
4063,10157.5,406.3,100,50.5
4064,10160,406.40000000000003,100,50.5
4065,10162.5,406.5,100,50.5
4066,10165,406.6,100,50.5
4067,10167.5,406.70000000000005,100,50.5
4068,10170,406.8,100,50.5
4069,10172.5,406.90000000000003,100,50.5
4070,10175,407,100,50.5
4071,10177.5,407.1,100,50.5
4072,10180,407.20000000000005,100,50.5
4073,10182.5,407.3,100,50.5
4074,10185,407.40000000000003,100,50.5
4075,10187.5,407.5,100,50.5
4076,10190,407.6,100,50.5
4077,10192.5,407.70000000000005,100,50.5
4078,10195,407.8,100,50.5
4079,10197.5,407.90000000000003,100,50.5
4080,10200,408,100,50.5
4081,10202.5,408.1,100,50.5
4082,10205,408.20000000000005,100,50.5
4083,10207.5,408.3,100,50.5
4084,10210,408.40000000000003,100,50.5
4085,10212.5,408.5,100,50.5
4086,10215,408.6,100,50.5
4087,10217.5,408.70000000000005,100,50.5
4088,10220,408.8,100,50.5
4089,10222.5,408.90000000000003,100,50.5
4090,10225,409,100,50.5
4091,10227.5,409.1,100,50.5
4092,10230,409.20000000000005,100,50.5
4093,10232.5,409.3,100,50.5
4094,10235,409.40000000000003,100,50.5
4095,10237.5,409.5,100,50.5
4096,10240,409.6,100,50.5
4097,10242.5,409.70000000000005,100,50.5
4098,10245,409.8,100,50.5
4099,10247.5,409.90000000000003,100,50.5
4100,10250,410,100,50.5
4101,10252.5,410.1,100,50.5
4102,10255,410.20000000000005,100,50.5
4103,10257.5,410.3,100,50.5
4104,10260,410.40000000000003,100,50.5
4105,10262.5,410.5,100,50.5
4106,10265,410.6,100,50.5
4107,10267.5,410.70000000000005,100,50.5
4108,10270,410.8,100,50.5
4109,10272.5,410.90000000000003,100,50.5
4110,10275,411,100,50.5
4111,10277.5,411.1,100,50.5
4112,10280,411.20000000000005,100,50.5
4113,10282.5,411.3,100,50.5
4114,10285,411.40000000000003,100,50.5
4115,10287.5,411.5,100,50.5
4116,10290,411.6,100,50.5
4117,10292.5,411.70000000000005,100,50.5
4118,10295,411.8,100,50.5
4119,10297.5,411.90000000000003,100,50.5
4120,10300,412,100,50.5
4121,10302.5,412.1,100,50.5
4122,10305,412.20000000000005,100,50.5
4123,10307.5,412.3,100,50.5
4124,10310,412.40000000000003,100,50.5
4125,10312.5,412.5,100,50.5
4126,10315,412.6,100,50.5
4127,10317.5,412.70000000000005,100,50.5
4128,10320,412.8,100,50.5
4129,10322.5,412.90000000000003,100,50.5
4130,10325,413,100,50.5
4131,10327.5,413.1,100,50.5
4132,10330,413.20000000000005,100,50.5
4133,10332.5,413.3,100,50.5
4134,10335,413.40000000000003,100,50.5
4135,10337.5,413.5,100,50.5
4136,10340,413.6,100,50.5
4137,10342.5,413.70000000000005,100,50.5
4138,10345,413.8,100,50.5
4139,10347.5,413.90000000000003,100,50.5
4140,10350,414,100,50.5
4141,10352.5,414.1,100,50.5
4142,10355,414.20000000000005,100,50.5
4143,10357.5,414.3,100,50.5
4144,10360,414.40000000000003,100,50.5
4145,10362.5,414.5,100,50.5
4146,10365,414.6,100,50.5
4147,10367.5,414.70000000000005,100,50.5
4148,10370,414.8,100,50.5
4149,10372.5,414.90000000000003,100,50.5
4150,10375,415,100,50.5
4151,10377.5,415.1,100,50.5
4152,10380,415.20000000000005,100,50.5
4153,10382.5,415.3,100,50.5
4154,10385,415.40000000000003,100,50.5
4155,10387.5,415.5,100,50.5
4156,10390,415.6,100,50.5
4157,10392.5,415.70000000000005,100,50.5
4158,10395,415.8,100,50.5
4159,10397.5,415.90000000000003,100,50.5
4160,10400,416,100,50.5
4161,10402.5,416.1,100,50.5
4162,10405,416.20000000000005,100,50.5
4163,10407.5,416.3,100,50.5
4164,10410,416.40000000000003,100,50.5
4165,10412.5,416.5,100,50.5
4166,10415,416.6,100,50.5
4167,10417.5,416.70000000000005,100,50.5
4168,10420,416.8,100,50.5
4169,10422.5,416.90000000000003,100,50.5
4170,10425,417,100,50.5
4171,10427.5,417.1,100,50.5
4172,10430,417.20000000000005,100,50.5
4173,10432.5,417.3,100,50.5
4174,10435,417.40000000000003,100,50.5
4175,10437.5,417.5,100,50.5
4176,10440,417.6,100,50.5
4177,10442.5,417.70000000000005,100,50.5
4178,10445,417.8,100,50.5
4179,10447.5,417.90000000000003,100,50.5
4180,10450,418,100,50.5
4181,10452.5,418.1,100,50.5
4182,10455,418.20000000000005,100,50.5
4183,10457.5,418.3,100,50.5
4184,10460,418.40000000000003,100,50.5
4185,10462.5,418.5,100,50.5
4186,10465,418.6,100,50.5
4187,10467.5,418.70000000000005,100,50.5
4188,10470,418.8,100,50.5
4189,10472.5,418.90000000000003,100,50.5
4190,10475,419,100,50.5
4191,10477.5,419.1,100,50.5
4192,10480,419.20000000000005,100,50.5
4193,10482.5,419.3,100,50.5
4194,10485,419.40000000000003,100,50.5
4195,10487.5,419.5,100,50.5
4196,10490,419.6,100,50.5
4197,10492.5,419.70000000000005,100,50.5
4198,10495,419.8,100,50.5
4199,10497.5,419.90000000000003,100,50.5
4200,10500,420,100,50.5
4201,10502.5,420.1,100,50.5
4202,10505,420.20000000000005,100,50.5
4203,10507.5,420.3,100,50.5
4204,10510,420.40000000000003,100,50.5
4205,10512.5,420.5,100,50.5
4206,10515,420.6,100,50.5
4207,10517.5,420.70000000000005,100,50.5
4208,10520,420.8,100,50.5
4209,10522.5,420.90000000000003,100,50.5
4210,10525,421,100,50.5
4211,10527.5,421.1,100,50.5
4212,10530,421.20000000000005,100,50.5
4213,10532.5,421.3,100,50.5
4214,10535,421.40000000000003,100,50.5
4215,10537.5,421.5,100,50.5
4216,10540,421.6,100,50.5
4217,10542.5,421.70000000000005,100,50.5
4218,10545,421.8,100,50.5
4219,10547.5,421.90000000000003,100,50.5
4220,10550,422,100,50.5
4221,10552.5,422.1,100,50.5
4222,10555,422.20000000000005,100,50.5
4223,10557.5,422.3,100,50.5
4224,10560,422.40000000000003,100,50.5
4225,10562.5,422.5,100,50.5
4226,10565,422.6,100,50.5
4227,10567.5,422.70000000000005,100,50.5
4228,10570,422.8,100,50.5
4229,10572.5,422.90000000000003,100,50.5
4230,10575,423,100,50.5
4231,10577.5,423.1,100,50.5
4232,10580,423.20000000000005,100,50.5
4233,10582.5,423.3,100,50.5
4234,10585,423.40000000000003,100,50.5
4235,10587.5,423.5,100,50.5
4236,10590,423.6,100,50.5
4237,10592.5,423.70000000000005,100,50.5
4238,10595,423.8,100,50.5
4239,10597.5,423.90000000000003,100,50.5
4240,10600,424,100,50.5
4241,10602.5,424.1,100,50.5
4242,10605,424.20000000000005,100,50.5
4243,10607.5,424.3,100,50.5
4244,10610,424.40000000000003,100,50.5
4245,10612.5,424.5,100,50.5
4246,10615,424.6,100,50.5
4247,10617.5,424.70000000000005,100,50.5
4248,10620,424.8,100,50.5
4249,10622.5,424.90000000000003,100,50.5
4250,10625,425,100,50.5
4251,10627.5,425.1,100,50.5
4252,10630,425.20000000000005,100,50.5
4253,10632.5,425.3,100,50.5
4254,10635,425.40000000000003,100,50.5
4255,10637.5,425.5,100,50.5
4256,10640,425.6,100,50.5
4257,10642.5,425.70000000000005,100,50.5
4258,10645,425.8,100,50.5
4259,10647.5,425.90000000000003,100,50.5
4260,10650,426,100,50.5
4261,10652.5,426.1,100,50.5
4262,10655,426.20000000000005,100,50.5
4263,10657.5,426.3,100,50.5
4264,10660,426.40000000000003,100,50.5
4265,10662.5,426.5,100,50.5
4266,10665,426.6,100,50.5
4267,10667.5,426.70000000000005,100,50.5
4268,10670,426.8,100,50.5
4269,10672.5,426.90000000000003,100,50.5
4270,10675,427,100,50.5
4271,10677.5,427.1,100,50.5
4272,10680,427.20000000000005,100,50.5
4273,10682.5,427.3,100,50.5
4274,10685,427.40000000000003,100,50.5
4275,10687.5,427.5,100,50.5
4276,10690,427.6,100,50.5
4277,10692.5,427.70000000000005,100,50.5
4278,10695,427.8,100,50.5
4279,10697.5,427.90000000000003,100,50.5
4280,10700,428,100,50.5
4281,10702.5,428.1,100,50.5
4282,10705,428.20000000000005,100,50.5
4283,10707.5,428.3,100,50.5
4284,10710,428.40000000000003,100,50.5
4285,10712.5,428.5,100,50.5
4286,10715,428.6,100,50.5
4287,10717.5,428.70000000000005,100,50.5
4288,10720,428.8,100,50.5
4289,10722.5,428.90000000000003,100,50.5
4290,10725,429,100,50.5
4291,10727.5,429.1,100,50.5
4292,10730,429.20000000000005,100,50.5
4293,10732.5,429.3,100,50.5
4294,10735,429.40000000000003,100,50.5
4295,10737.5,429.5,100,50.5
4296,10740,429.6,100,50.5
4297,10742.5,429.70000000000005,100,50.5
4298,10745,429.8,100,50.5
4299,10747.5,429.90000000000003,100,50.5
4300,10750,430,100,50.5
4301,10752.5,430.1,100,50.5
4302,10755,430.20000000000005,100,50.5
4303,10757.5,430.3,100,50.5
4304,10760,430.40000000000003,100,50.5
4305,10762.5,430.5,100,50.5
4306,10765,430.6,100,50.5
4307,10767.5,430.70000000000005,100,50.5
4308,10770,430.8,100,50.5
4309,10772.5,430.90000000000003,100,50.5
4310,10775,431,100,50.5
4311,10777.5,431.1,100,50.5
4312,10780,431.20000000000005,100,50.5
4313,10782.5,431.3,100,50.5
4314,10785,431.40000000000003,100,50.5
4315,10787.5,431.5,100,50.5
4316,10790,431.6,100,50.5
4317,10792.5,431.70000000000005,100,50.5
4318,10795,431.8,100,50.5
4319,10797.5,431.90000000000003,100,50.5
4320,10800,432,100,50.5
4321,10802.5,432.1,100,50.5
4322,10805,432.20000000000005,100,50.5
4323,10807.5,432.3,100,50.5
4324,10810,432.40000000000003,100,50.5
4325,10812.5,432.5,100,50.5
4326,10815,432.6,100,50.5
4327,10817.5,432.70000000000005,100,50.5
4328,10820,432.8,100,50.5
4329,10822.5,432.90000000000003,100,50.5
4330,10825,433,100,50.5
4331,10827.5,433.1,100,50.5
4332,10830,433.20000000000005,100,50.5
4333,10832.5,433.3,100,50.5
4334,10835,433.40000000000003,100,50.5
4335,10837.5,433.5,100,50.5
4336,10840,433.6,100,50.5
4337,10842.5,433.70000000000005,100,50.5
4338,10845,433.8,100,50.5
4339,10847.5,433.90000000000003,100,50.5
4340,10850,434,100,50.5
4341,10852.5,434.1,100,50.5
4342,10855,434.20000000000005,100,50.5
4343,10857.5,434.3,100,50.5
4344,10860,434.40000000000003,100,50.5
4345,10862.5,434.5,100,50.5
4346,10865,434.6,100,50.5
4347,10867.5,434.70000000000005,100,50.5
4348,10870,434.8,100,50.5
4349,10872.5,434.90000000000003,100,50.5
4350,10875,435,100,50.5
4351,10877.5,435.1,100,50.5
4352,10880,435.20000000000005,100,50.5
4353,10882.5,435.3,100,50.5
4354,10885,435.40000000000003,100,50.5
4355,10887.5,435.5,100,50.5
4356,10890,435.6,100,50.5
4357,10892.5,435.70000000000005,100,50.5
4358,10895,435.8,100,50.5
4359,10897.5,435.90000000000003,100,50.5
4360,10900,436,100,50.5
4361,10902.5,436.1,100,50.5
4362,10905,436.20000000000005,100,50.5
4363,10907.5,436.3,100,50.5
4364,10910,436.40000000000003,100,50.5
4365,10912.5,436.5,100,50.5
4366,10915,436.6,100,50.5
4367,10917.5,436.70000000000005,100,50.5
4368,10920,436.8,100,50.5
4369,10922.5,436.90000000000003,100,50.5
4370,10925,437,100,50.5
4371,10927.5,437.1,100,50.5
4372,10930,437.20000000000005,100,50.5
4373,10932.5,437.3,100,50.5
4374,10935,437.40000000000003,100,50.5
4375,10937.5,437.5,100,50.5
4376,10940,437.6,100,50.5
4377,10942.5,437.70000000000005,100,50.5
4378,10945,437.8,100,50.5
4379,10947.5,437.90000000000003,100,50.5
4380,10950,438,100,50.5
4381,10952.5,438.1,100,50.5
4382,10955,438.20000000000005,100,50.5
4383,10957.5,438.3,100,50.5
4384,10960,438.40000000000003,100,50.5
4385,10962.5,438.5,100,50.5
4386,10965,438.6,100,50.5
4387,10967.5,438.70000000000005,100,50.5
4388,10970,438.8,100,50.5
4389,10972.5,438.90000000000003,100,50.5
4390,10975,439,100,50.5
4391,10977.5,439.1,100,50.5
4392,10980,439.20000000000005,100,50.5
4393,10982.5,439.3,100,50.5
4394,10985,439.40000000000003,100,50.5
4395,10987.5,439.5,100,50.5
4396,10990,439.6,100,50.5
4397,10992.5,439.70000000000005,100,50.5
4398,10995,439.8,100,50.5
4399,10997.5,439.90000000000003,100,50.5
4400,11000,440,100,50.5
4401,11002.5,440.1,100,50.5
4402,11005,440.20000000000005,100,50.5
4403,11007.5,440.3,100,50.5
4404,11010,440.40000000000003,100,50.5
4405,11012.5,440.5,100,50.5
4406,11015,440.6,100,50.5
4407,11017.5,440.70000000000005,100,50.5
4408,11020,440.8,100,50.5
4409,11022.5,440.90000000000003,100,50.5
4410,11025,441,100,50.5
4411,11027.5,441.1,100,50.5
4412,11030,441.20000000000005,100,50.5
4413,11032.5,441.3,100,50.5
4414,11035,441.40000000000003,100,50.5
4415,11037.5,441.5,100,50.5
4416,11040,441.6,100,50.5
4417,11042.5,441.70000000000005,100,50.5
4418,11045,441.8,100,50.5
4419,11047.5,441.90000000000003,100,50.5
4420,11050,442,100,50.5
4421,11052.5,442.1,100,50.5
4422,11055,442.20000000000005,100,50.5
4423,11057.5,442.3,100,50.5
4424,11060,442.40000000000003,100,50.5
4425,11062.5,442.5,100,50.5
4426,11065,442.6,100,50.5
4427,11067.5,442.70000000000005,100,50.5
4428,11070,442.8,100,50.5
4429,11072.5,442.90000000000003,100,50.5
4430,11075,443,100,50.5
4431,11077.5,443.1,100,50.5
4432,11080,443.20000000000005,100,50.5
4433,11082.5,443.3,100,50.5
4434,11085,443.40000000000003,100,50.5
4435,11087.5,443.5,100,50.5
4436,11090,443.6,100,50.5
4437,11092.5,443.70000000000005,100,50.5
4438,11095,443.8,100,50.5
4439,11097.5,443.90000000000003,100,50.5
4440,11100,444,100,50.5
4441,11102.5,444.1,100,50.5
4442,11105,444.20000000000005,100,50.5
4443,11107.5,444.3,100,50.5
4444,11110,444.40000000000003,100,50.5
4445,11112.5,444.5,100,50.5
4446,11115,444.6,100,50.5
4447,11117.5,444.70000000000005,100,50.5
4448,11120,444.8,100,50.5
4449,11122.5,444.90000000000003,100,50.5
4450,11125,445,100,50.5
4451,11127.5,445.1,100,50.5
4452,11130,445.20000000000005,100,50.5
4453,11132.5,445.3,100,50.5
4454,11135,445.40000000000003,100,50.5
4455,11137.5,445.5,100,50.5
4456,11140,445.6,100,50.5
4457,11142.5,445.70000000000005,100,50.5
4458,11145,445.8,100,50.5
4459,11147.5,445.90000000000003,100,50.5
4460,11150,446,100,50.5
4461,11152.5,446.1,100,50.5
4462,11155,446.20000000000005,100,50.5
4463,11157.5,446.3,100,50.5
4464,11160,446.40000000000003,100,50.5
4465,11162.5,446.5,100,50.5
4466,11165,446.6,100,50.5
4467,11167.5,446.70000000000005,100,50.5
4468,11170,446.8,100,50.5
4469,11172.5,446.90000000000003,100,50.5
4470,11175,447,100,50.5
4471,11177.5,447.1,100,50.5
4472,11180,447.20000000000005,100,50.5
4473,11182.5,447.3,100,50.5
4474,11185,447.40000000000003,100,50.5
4475,11187.5,447.5,100,50.5
4476,11190,447.6,100,50.5
4477,11192.5,447.70000000000005,100,50.5
4478,11195,447.8,100,50.5
4479,11197.5,447.90000000000003,100,50.5
4480,11200,448,100,50.5
4481,11202.5,448.1,100,50.5
4482,11205,448.20000000000005,100,50.5
4483,11207.5,448.3,100,50.5
4484,11210,448.40000000000003,100,50.5
4485,11212.5,448.5,100,50.5
4486,11215,448.6,100,50.5
4487,11217.5,448.70000000000005,100,50.5
4488,11220,448.8,100,50.5
4489,11222.5,448.90000000000003,100,50.5
4490,11225,449,100,50.5
4491,11227.5,449.1,100,50.5
4492,11230,449.20000000000005,100,50.5
4493,11232.5,449.3,100,50.5
4494,11235,449.40000000000003,100,50.5
4495,11237.5,449.5,100,50.5
4496,11240,449.6,100,50.5
4497,11242.5,449.70000000000005,100,50.5
4498,11245,449.8,100,50.5
4499,11247.5,449.90000000000003,100,50.5
4500,11250,450,100,50.5
4501,11252.5,450.1,100,50.5
4502,11255,450.20000000000005,100,50.5
4503,11257.5,450.3,100,50.5
4504,11260,450.40000000000003,100,50.5
4505,11262.5,450.5,100,50.5
4506,11265,450.6,100,50.5
4507,11267.5,450.70000000000005,100,50.5
4508,11270,450.8,100,50.5
4509,11272.5,450.90000000000003,100,50.5
4510,11275,451,100,50.5
4511,11277.5,451.1,100,50.5
4512,11280,451.20000000000005,100,50.5
4513,11282.5,451.3,100,50.5
4514,11285,451.40000000000003,100,50.5
4515,11287.5,451.5,100,50.5
4516,11290,451.6,100,50.5
4517,11292.5,451.70000000000005,100,50.5
4518,11295,451.8,100,50.5
4519,11297.5,451.90000000000003,100,50.5
4520,11300,452,100,50.5
4521,11302.5,452.1,100,50.5
4522,11305,452.20000000000005,100,50.5
4523,11307.5,452.3,100,50.5
4524,11310,452.40000000000003,100,50.5
4525,11312.5,452.5,100,50.5
4526,11315,452.6,100,50.5
4527,11317.5,452.70000000000005,100,50.5
4528,11320,452.8,100,50.5
4529,11322.5,452.90000000000003,100,50.5
4530,11325,453,100,50.5
4531,11327.5,453.1,100,50.5
4532,11330,453.20000000000005,100,50.5
4533,11332.5,453.3,100,50.5
4534,11335,453.40000000000003,100,50.5
4535,11337.5,453.5,100,50.5
4536,11340,453.6,100,50.5
4537,11342.5,453.70000000000005,100,50.5
4538,11345,453.8,100,50.5
4539,11347.5,453.90000000000003,100,50.5
4540,11350,454,100,50.5
4541,11352.5,454.1,100,50.5
4542,11355,454.20000000000005,100,50.5
4543,11357.5,454.3,100,50.5
4544,11360,454.40000000000003,100,50.5
4545,11362.5,454.5,100,50.5
4546,11365,454.6,100,50.5
4547,11367.5,454.70000000000005,100,50.5
4548,11370,454.8,100,50.5
4549,11372.5,454.90000000000003,100,50.5
4550,11375,455,100,50.5
4551,11377.5,455.1,100,50.5
4552,11380,455.20000000000005,100,50.5
4553,11382.5,455.3,100,50.5
4554,11385,455.40000000000003,100,50.5
4555,11387.5,455.5,100,50.5
4556,11390,455.6,100,50.5
4557,11392.5,455.70000000000005,100,50.5
4558,11395,455.8,100,50.5
4559,11397.5,455.90000000000003,100,50.5
4560,11400,456,100,50.5
4561,11402.5,456.1,100,50.5
4562,11405,456.20000000000005,100,50.5
4563,11407.5,456.3,100,50.5
4564,11410,456.40000000000003,100,50.5
4565,11412.5,456.5,100,50.5
4566,11415,456.6,100,50.5
4567,11417.5,456.70000000000005,100,50.5
4568,11420,456.8,100,50.5
4569,11422.5,456.90000000000003,100,50.5
4570,11425,457,100,50.5
4571,11427.5,457.1,100,50.5
4572,11430,457.20000000000005,100,50.5
4573,11432.5,457.3,100,50.5
4574,11435,457.40000000000003,100,50.5
4575,11437.5,457.5,100,50.5
4576,11440,457.6,100,50.5
4577,11442.5,457.70000000000005,100,50.5
4578,11445,457.8,100,50.5
4579,11447.5,457.90000000000003,100,50.5
4580,11450,458,100,50.5
4581,11452.5,458.1,100,50.5
4582,11455,458.20000000000005,100,50.5
4583,11457.5,458.3,100,50.5
4584,11460,458.40000000000003,100,50.5
4585,11462.5,458.5,100,50.5
4586,11465,458.6,100,50.5
4587,11467.5,458.70000000000005,100,50.5
4588,11470,458.8,100,50.5
4589,11472.5,458.90000000000003,100,50.5
4590,11475,459,100,50.5
4591,11477.5,459.1,100,50.5
4592,11480,459.20000000000005,100,50.5
4593,11482.5,459.3,100,50.5
4594,11485,459.40000000000003,100,50.5
4595,11487.5,459.5,100,50.5
4596,11490,459.6,100,50.5
4597,11492.5,459.70000000000005,100,50.5
4598,11495,459.8,100,50.5
4599,11497.5,459.90000000000003,100,50.5
4600,11500,460,100,50.5
4601,11502.5,460.1,100,50.5
4602,11505,460.20000000000005,100,50.5
4603,11507.5,460.3,100,50.5
4604,11510,460.40000000000003,100,50.5
4605,11512.5,460.5,100,50.5
4606,11515,460.6,100,50.5
4607,11517.5,460.70000000000005,100,50.5
4608,11520,460.8,100,50.5
4609,11522.5,460.90000000000003,100,50.5
4610,11525,461,100,50.5
4611,11527.5,461.1,100,50.5
4612,11530,461.20000000000005,100,50.5
4613,11532.5,461.3,100,50.5
4614,11535,461.40000000000003,100,50.5
4615,11537.5,461.5,100,50.5
4616,11540,461.6,100,50.5
4617,11542.5,461.70000000000005,100,50.5
4618,11545,461.8,100,50.5
4619,11547.5,461.90000000000003,100,50.5
4620,11550,462,100,50.5
4621,11552.5,462.1,100,50.5
4622,11555,462.20000000000005,100,50.5
4623,11557.5,462.3,100,50.5
4624,11560,462.40000000000003,100,50.5
4625,11562.5,462.5,100,50.5
4626,11565,462.6,100,50.5
4627,11567.5,462.70000000000005,100,50.5
4628,11570,462.8,100,50.5
4629,11572.5,462.90000000000003,100,50.5
4630,11575,463,100,50.5
4631,11577.5,463.1,100,50.5
4632,11580,463.20000000000005,100,50.5
4633,11582.5,463.3,100,50.5
4634,11585,463.40000000000003,100,50.5
4635,11587.5,463.5,100,50.5
4636,11590,463.6,100,50.5
4637,11592.5,463.70000000000005,100,50.5
4638,11595,463.8,100,50.5
4639,11597.5,463.90000000000003,100,50.5
4640,11600,464,100,50.5
4641,11602.5,464.1,100,50.5
4642,11605,464.20000000000005,100,50.5
4643,11607.5,464.3,100,50.5
4644,11610,464.40000000000003,100,50.5
4645,11612.5,464.5,100,50.5
4646,11615,464.6,100,50.5
4647,11617.5,464.70000000000005,100,50.5
4648,11620,464.8,100,50.5
4649,11622.5,464.90000000000003,100,50.5
4650,11625,465,100,50.5
4651,11627.5,465.1,100,50.5
4652,11630,465.20000000000005,100,50.5
4653,11632.5,465.3,100,50.5
4654,11635,465.40000000000003,100,50.5
4655,11637.5,465.5,100,50.5
4656,11640,465.6,100,50.5
4657,11642.5,465.70000000000005,100,50.5
4658,11645,465.8,100,50.5
4659,11647.5,465.90000000000003,100,50.5
4660,11650,466,100,50.5
4661,11652.5,466.1,100,50.5
4662,11655,466.20000000000005,100,50.5
4663,11657.5,466.3,100,50.5
4664,11660,466.40000000000003,100,50.5
4665,11662.5,466.5,100,50.5
4666,11665,466.6,100,50.5
4667,11667.5,466.70000000000005,100,50.5
4668,11670,466.8,100,50.5
4669,11672.5,466.90000000000003,100,50.5
4670,11675,467,100,50.5
4671,11677.5,467.1,100,50.5
4672,11680,467.20000000000005,100,50.5
4673,11682.5,467.3,100,50.5
4674,11685,467.40000000000003,100,50.5
4675,11687.5,467.5,100,50.5
4676,11690,467.6,100,50.5
4677,11692.5,467.70000000000005,100,50.5
4678,11695,467.8,100,50.5
4679,11697.5,467.90000000000003,100,50.5
4680,11700,468,100,50.5
4681,11702.5,468.1,100,50.5
4682,11705,468.20000000000005,100,50.5
4683,11707.5,468.3,100,50.5
4684,11710,468.40000000000003,100,50.5
4685,11712.5,468.5,100,50.5
4686,11715,468.6,100,50.5
4687,11717.5,468.70000000000005,100,50.5
4688,11720,468.8,100,50.5
4689,11722.5,468.90000000000003,100,50.5
4690,11725,469,100,50.5
4691,11727.5,469.1,100,50.5
4692,11730,469.20000000000005,100,50.5
4693,11732.5,469.3,100,50.5
4694,11735,469.40000000000003,100,50.5
4695,11737.5,469.5,100,50.5
4696,11740,469.6,100,50.5
4697,11742.5,469.70000000000005,100,50.5
4698,11745,469.8,100,50.5
4699,11747.5,469.90000000000003,100,50.5
4700,11750,470,100,50.5
4701,11752.5,470.1,100,50.5
4702,11755,470.20000000000005,100,50.5
4703,11757.5,470.3,100,50.5
4704,11760,470.40000000000003,100,50.5
4705,11762.5,470.5,100,50.5
4706,11765,470.6,100,50.5
4707,11767.5,470.70000000000005,100,50.5
4708,11770,470.8,100,50.5
4709,11772.5,470.90000000000003,100,50.5
4710,11775,471,100,50.5
4711,11777.5,471.1,100,50.5
4712,11780,471.20000000000005,100,50.5
4713,11782.5,471.3,100,50.5
4714,11785,471.40000000000003,100,50.5
4715,11787.5,471.5,100,50.5
4716,11790,471.6,100,50.5
4717,11792.5,471.70000000000005,100,50.5
4718,11795,471.8,100,50.5
4719,11797.5,471.90000000000003,100,50.5
4720,11800,472,100,50.5
4721,11802.5,472.1,100,50.5
4722,11805,472.20000000000005,100,50.5
4723,11807.5,472.3,100,50.5
4724,11810,472.40000000000003,100,50.5
4725,11812.5,472.5,100,50.5
4726,11815,472.6,100,50.5
4727,11817.5,472.70000000000005,100,50.5
4728,11820,472.8,100,50.5
4729,11822.5,472.90000000000003,100,50.5
4730,11825,473,100,50.5
4731,11827.5,473.1,100,50.5
4732,11830,473.20000000000005,100,50.5
4733,11832.5,473.3,100,50.5
4734,11835,473.40000000000003,100,50.5
4735,11837.5,473.5,100,50.5
4736,11840,473.6,100,50.5
4737,11842.5,473.70000000000005,100,50.5
4738,11845,473.8,100,50.5
4739,11847.5,473.90000000000003,100,50.5
4740,11850,474,100,50.5
4741,11852.5,474.1,100,50.5
4742,11855,474.20000000000005,100,50.5
4743,11857.5,474.3,100,50.5
4744,11860,474.40000000000003,100,50.5
4745,11862.5,474.5,100,50.5
4746,11865,474.6,100,50.5
4747,11867.5,474.70000000000005,100,50.5
4748,11870,474.8,100,50.5
4749,11872.5,474.90000000000003,100,50.5
4750,11875,475,100,50.5
4751,11877.5,475.1,100,50.5
4752,11880,475.20000000000005,100,50.5
4753,11882.5,475.3,100,50.5
4754,11885,475.40000000000003,100,50.5
4755,11887.5,475.5,100,50.5
4756,11890,475.6,100,50.5
4757,11892.5,475.70000000000005,100,50.5
4758,11895,475.8,100,50.5
4759,11897.5,475.90000000000003,100,50.5
4760,11900,476,100,50.5
4761,11902.5,476.1,100,50.5
4762,11905,476.20000000000005,100,50.5
4763,11907.5,476.3,100,50.5
4764,11910,476.40000000000003,100,50.5
4765,11912.5,476.5,100,50.5
4766,11915,476.6,100,50.5
4767,11917.5,476.70000000000005,100,50.5
4768,11920,476.8,100,50.5
4769,11922.5,476.90000000000003,100,50.5
4770,11925,477,100,50.5
4771,11927.5,477.1,100,50.5
4772,11930,477.20000000000005,100,50.5
4773,11932.5,477.3,100,50.5
4774,11935,477.40000000000003,100,50.5
4775,11937.5,477.5,100,50.5
4776,11940,477.6,100,50.5
4777,11942.5,477.70000000000005,100,50.5
4778,11945,477.8,100,50.5
4779,11947.5,477.90000000000003,100,50.5
4780,11950,478,100,50.5
4781,11952.5,478.1,100,50.5
4782,11955,478.20000000000005,100,50.5
4783,11957.5,478.3,100,50.5
4784,11960,478.40000000000003,100,50.5
4785,11962.5,478.5,100,50.5
4786,11965,478.6,100,50.5
4787,11967.5,478.70000000000005,100,50.5
4788,11970,478.8,100,50.5
4789,11972.5,478.90000000000003,100,50.5
4790,11975,479,100,50.5
4791,11977.5,479.1,100,50.5
4792,11980,479.20000000000005,100,50.5
4793,11982.5,479.3,100,50.5
4794,11985,479.40000000000003,100,50.5
4795,11987.5,479.5,100,50.5
4796,11990,479.6,100,50.5
4797,11992.5,479.70000000000005,100,50.5
4798,11995,479.8,100,50.5
4799,11997.5,479.90000000000003,100,50.5
4800,12000,480,100,50.5
4801,12002.5,480.1,100,50.5
4802,12005,480.20000000000005,100,50.5
4803,12007.5,480.3,100,50.5
4804,12010,480.40000000000003,100,50.5
4805,12012.5,480.5,100,50.5
4806,12015,480.6,100,50.5
4807,12017.5,480.70000000000005,100,50.5
4808,12020,480.8,100,50.5
4809,12022.5,480.90000000000003,100,50.5
4810,12025,481,100,50.5
4811,12027.5,481.1,100,50.5
4812,12030,481.20000000000005,100,50.5
4813,12032.5,481.3,100,50.5
4814,12035,481.40000000000003,100,50.5
4815,12037.5,481.5,100,50.5
4816,12040,481.6,100,50.5
4817,12042.5,481.70000000000005,100,50.5
4818,12045,481.8,100,50.5
4819,12047.5,481.90000000000003,100,50.5
4820,12050,482,100,50.5
4821,12052.5,482.1,100,50.5
4822,12055,482.20000000000005,100,50.5
4823,12057.5,482.3,100,50.5
4824,12060,482.40000000000003,100,50.5
4825,12062.5,482.5,100,50.5
4826,12065,482.6,100,50.5
4827,12067.5,482.70000000000005,100,50.5
4828,12070,482.8,100,50.5
4829,12072.5,482.90000000000003,100,50.5
4830,12075,483,100,50.5
4831,12077.5,483.1,100,50.5
4832,12080,483.20000000000005,100,50.5
4833,12082.5,483.3,100,50.5
4834,12085,483.40000000000003,100,50.5
4835,12087.5,483.5,100,50.5
4836,12090,483.6,100,50.5
4837,12092.5,483.70000000000005,100,50.5
4838,12095,483.8,100,50.5
4839,12097.5,483.90000000000003,100,50.5
4840,12100,484,100,50.5
4841,12102.5,484.1,100,50.5
4842,12105,484.20000000000005,100,50.5
4843,12107.5,484.3,100,50.5
4844,12110,484.40000000000003,100,50.5
4845,12112.5,484.5,100,50.5
4846,12115,484.6,100,50.5
4847,12117.5,484.70000000000005,100,50.5
4848,12120,484.8,100,50.5
4849,12122.5,484.90000000000003,100,50.5
4850,12125,485,100,50.5
4851,12127.5,485.1,100,50.5
4852,12130,485.20000000000005,100,50.5
4853,12132.5,485.3,100,50.5
4854,12135,485.40000000000003,100,50.5
4855,12137.5,485.5,100,50.5
4856,12140,485.6,100,50.5
4857,12142.5,485.70000000000005,100,50.5
4858,12145,485.8,100,50.5
4859,12147.5,485.90000000000003,100,50.5
4860,12150,486,100,50.5
4861,12152.5,486.1,100,50.5
4862,12155,486.20000000000005,100,50.5
4863,12157.5,486.3,100,50.5
4864,12160,486.40000000000003,100,50.5
4865,12162.5,486.5,100,50.5
4866,12165,486.6,100,50.5
4867,12167.5,486.70000000000005,100,50.5
4868,12170,486.8,100,50.5
4869,12172.5,486.90000000000003,100,50.5
4870,12175,487,100,50.5
4871,12177.5,487.1,100,50.5
4872,12180,487.20000000000005,100,50.5
4873,12182.5,487.3,100,50.5
4874,12185,487.40000000000003,100,50.5
4875,12187.5,487.5,100,50.5
4876,12190,487.6,100,50.5
4877,12192.5,487.70000000000005,100,50.5
4878,12195,487.8,100,50.5
4879,12197.5,487.90000000000003,100,50.5
4880,12200,488,100,50.5
4881,12202.5,488.1,100,50.5
4882,12205,488.20000000000005,100,50.5
4883,12207.5,488.3,100,50.5
4884,12210,488.40000000000003,100,50.5
4885,12212.5,488.5,100,50.5
4886,12215,488.6,100,50.5
4887,12217.5,488.70000000000005,100,50.5
4888,12220,488.8,100,50.5
4889,12222.5,488.90000000000003,100,50.5
4890,12225,489,100,50.5
4891,12227.5,489.1,100,50.5
4892,12230,489.20000000000005,100,50.5
4893,12232.5,489.3,100,50.5
4894,12235,489.40000000000003,100,50.5
4895,12237.5,489.5,100,50.5
4896,12240,489.6,100,50.5
4897,12242.5,489.70000000000005,100,50.5
4898,12245,489.8,100,50.5
4899,12247.5,489.90000000000003,100,50.5
4900,12250,490,100,50.5
4901,12252.5,490.1,100,50.5
4902,12255,490.20000000000005,100,50.5
4903,12257.5,490.3,100,50.5
4904,12260,490.40000000000003,100,50.5
4905,12262.5,490.5,100,50.5
4906,12265,490.6,100,50.5
4907,12267.5,490.70000000000005,100,50.5
4908,12270,490.8,100,50.5
4909,12272.5,490.90000000000003,100,50.5
4910,12275,491,100,50.5
4911,12277.5,491.1,100,50.5
4912,12280,491.20000000000005,100,50.5
4913,12282.5,491.3,100,50.5
4914,12285,491.40000000000003,100,50.5
4915,12287.5,491.5,100,50.5
4916,12290,491.6,100,50.5
4917,12292.5,491.70000000000005,100,50.5
4918,12295,491.8,100,50.5
4919,12297.5,491.90000000000003,100,50.5
4920,12300,492,100,50.5
4921,12302.5,492.1,100,50.5
4922,12305,492.20000000000005,100,50.5
4923,12307.5,492.3,100,50.5
4924,12310,492.40000000000003,100,50.5
4925,12312.5,492.5,100,50.5
4926,12315,492.6,100,50.5
4927,12317.5,492.70000000000005,100,50.5
4928,12320,492.8,100,50.5
4929,12322.5,492.90000000000003,100,50.5
4930,12325,493,100,50.5
4931,12327.5,493.1,100,50.5
4932,12330,493.20000000000005,100,50.5
4933,12332.5,493.3,100,50.5
4934,12335,493.40000000000003,100,50.5
4935,12337.5,493.5,100,50.5
4936,12340,493.6,100,50.5
4937,12342.5,493.70000000000005,100,50.5
4938,12345,493.8,100,50.5
4939,12347.5,493.90000000000003,100,50.5
4940,12350,494,100,50.5
4941,12352.5,494.1,100,50.5
4942,12355,494.20000000000005,100,50.5
4943,12357.5,494.3,100,50.5
4944,12360,494.40000000000003,100,50.5
4945,12362.5,494.5,100,50.5
4946,12365,494.6,100,50.5
4947,12367.5,494.70000000000005,100,50.5
4948,12370,494.8,100,50.5
4949,12372.5,494.90000000000003,100,50.5
4950,12375,495,100,50.5
4951,12377.5,495.1,100,50.5
4952,12380,495.20000000000005,100,50.5
4953,12382.5,495.3,100,50.5
4954,12385,495.40000000000003,100,50.5
4955,12387.5,495.5,100,50.5
4956,12390,495.6,100,50.5
4957,12392.5,495.70000000000005,100,50.5
4958,12395,495.8,100,50.5
4959,12397.5,495.90000000000003,100,50.5
4960,12400,496,100,50.5
4961,12402.5,496.1,100,50.5
4962,12405,496.20000000000005,100,50.5
4963,12407.5,496.3,100,50.5
4964,12410,496.40000000000003,100,50.5
4965,12412.5,496.5,100,50.5
4966,12415,496.6,100,50.5
4967,12417.5,496.70000000000005,100,50.5
4968,12420,496.8,100,50.5
4969,12422.5,496.90000000000003,100,50.5
4970,12425,497,100,50.5
4971,12427.5,497.1,100,50.5
4972,12430,497.20000000000005,100,50.5
4973,12432.5,497.3,100,50.5
4974,12435,497.40000000000003,100,50.5
4975,12437.5,497.5,100,50.5
4976,12440,497.6,100,50.5
4977,12442.5,497.70000000000005,100,50.5
4978,12445,497.8,100,50.5
4979,12447.5,497.90000000000003,100,50.5
4980,12450,498,100,50.5
4981,12452.5,498.1,100,50.5
4982,12455,498.20000000000005,100,50.5
4983,12457.5,498.3,100,50.5
4984,12460,498.40000000000003,100,50.5
4985,12462.5,498.5,100,50.5
4986,12465,498.6,100,50.5
4987,12467.5,498.70000000000005,100,50.5
4988,12470,498.8,100,50.5
4989,12472.5,498.90000000000003,100,50.5
4990,12475,499,100,50.5
4991,12477.5,499.1,100,50.5
4992,12480,499.20000000000005,100,50.5
4993,12482.5,499.3,100,50.5
4994,12485,499.40000000000003,100,50.5
4995,12487.5,499.5,100,50.5
4996,12490,499.6,100,50.5
4997,12492.5,499.70000000000005,100,50.5
4998,12495,499.8,100,50.5
4999,12497.5,499.90000000000003,100,50.5
5000,12500,500,100,50.5
5001,12502.5,500.1,100,50.5
5002,12505,500.20000000000005,100,50.5
5003,12507.5,500.3,100,50.5
5004,12510,500.40000000000003,100,50.5
5005,12512.5,500.5,100,50.5
5006,12515,500.6,100,50.5
5007,12517.5,500.70000000000005,100,50.5
5008,12520,500.8,100,50.5
5009,12522.5,500.90000000000003,100,50.5
5010,12525,501,100,50.5
5011,12527.5,501.1,100,50.5
5012,12530,501.20000000000005,100,50.5
5013,12532.5,501.3,100,50.5
5014,12535,501.40000000000003,100,50.5
5015,12537.5,501.5,100,50.5
5016,12540,501.6,100,50.5
5017,12542.5,501.70000000000005,100,50.5
5018,12545,501.8,100,50.5
5019,12547.5,501.90000000000003,100,50.5
5020,12550,502,100,50.5
5021,12552.5,502.1,100,50.5
5022,12555,502.20000000000005,100,50.5
5023,12557.5,502.3,100,50.5
5024,12560,502.40000000000003,100,50.5
5025,12562.5,502.5,100,50.5
5026,12565,502.6,100,50.5
5027,12567.5,502.70000000000005,100,50.5
5028,12570,502.8,100,50.5
5029,12572.5,502.90000000000003,100,50.5
5030,12575,503,100,50.5
5031,12577.5,503.1,100,50.5
5032,12580,503.20000000000005,100,50.5
5033,12582.5,503.3,100,50.5
5034,12585,503.40000000000003,100,50.5
5035,12587.5,503.5,100,50.5
5036,12590,503.6,100,50.5
5037,12592.5,503.70000000000005,100,50.5
5038,12595,503.8,100,50.5
5039,12597.5,503.90000000000003,100,50.5
5040,12600,504,100,50.5
5041,12602.5,504.1,100,50.5
5042,12605,504.20000000000005,100,50.5
5043,12607.5,504.3,100,50.5
5044,12610,504.40000000000003,100,50.5
5045,12612.5,504.5,100,50.5
5046,12615,504.6,100,50.5
5047,12617.5,504.70000000000005,100,50.5
5048,12620,504.8,100,50.5
5049,12622.5,504.90000000000003,100,50.5
5050,12625,505,100,50.5
5051,12627.5,505.1,100,50.5
5052,12630,505.20000000000005,100,50.5
5053,12632.5,505.3,100,50.5
5054,12635,505.40000000000003,100,50.5
5055,12637.5,505.5,100,50.5
5056,12640,505.6,100,50.5
5057,12642.5,505.70000000000005,100,50.5
5058,12645,505.8,100,50.5
5059,12647.5,505.90000000000003,100,50.5
5060,12650,506,100,50.5
5061,12652.5,506.1,100,50.5
5062,12655,506.20000000000005,100,50.5
5063,12657.5,506.3,100,50.5
5064,12660,506.40000000000003,100,50.5
5065,12662.5,506.5,100,50.5
5066,12665,506.6,100,50.5
5067,12667.5,506.70000000000005,100,50.5
5068,12670,506.8,100,50.5
5069,12672.5,506.90000000000003,100,50.5
5070,12675,507,100,50.5
5071,12677.5,507.1,100,50.5
5072,12680,507.20000000000005,100,50.5
5073,12682.5,507.3,100,50.5
5074,12685,507.40000000000003,100,50.5
5075,12687.5,507.5,100,50.5
5076,12690,507.6,100,50.5
5077,12692.5,507.70000000000005,100,50.5
5078,12695,507.8,100,50.5
5079,12697.5,507.90000000000003,100,50.5
5080,12700,508,100,50.5
5081,12702.5,508.1,100,50.5
5082,12705,508.20000000000005,100,50.5
5083,12707.5,508.3,100,50.5
5084,12710,508.40000000000003,100,50.5
5085,12712.5,508.5,100,50.5
5086,12715,508.6,100,50.5
5087,12717.5,508.70000000000005,100,50.5
5088,12720,508.8,100,50.5
5089,12722.5,508.90000000000003,100,50.5
5090,12725,509,100,50.5
5091,12727.5,509.1,100,50.5
5092,12730,509.20000000000005,100,50.5
5093,12732.5,509.3,100,50.5
5094,12735,509.40000000000003,100,50.5
5095,12737.5,509.5,100,50.5
5096,12740,509.6,100,50.5
5097,12742.5,509.70000000000005,100,50.5
5098,12745,509.8,100,50.5
5099,12747.5,509.90000000000003,100,50.5
5100,12750,510,100,50.5
5101,12752.5,510.1,100,50.5
5102,12755,510.20000000000005,100,50.5
5103,12757.5,510.3,100,50.5
5104,12760,510.40000000000003,100,50.5
5105,12762.5,510.5,100,50.5
5106,12765,510.6,100,50.5
5107,12767.5,510.70000000000005,100,50.5
5108,12770,510.8,100,50.5
5109,12772.5,510.90000000000003,100,50.5
5110,12775,511,100,50.5
5111,12777.5,511.1,100,50.5
5112,12780,511.20000000000005,100,50.5
5113,12782.5,511.3,100,50.5
5114,12785,511.40000000000003,100,50.5
5115,12787.5,511.5,100,50.5
5116,12790,511.6,100,50.5
5117,12792.5,511.70000000000005,100,50.5
5118,12795,511.8,100,50.5
5119,12797.5,511.90000000000003,100,50.5
5120,12800,512,100,50.5
5121,12802.5,512.1,100,50.5
5122,12805,512.2,100,50.5
5123,12807.5,512.3000000000001,100,50.5
5124,12810,512.4,100,50.5
5125,12812.5,512.5,100,50.5
5126,12815,512.6,100,50.5
5127,12817.5,512.7,100,50.5
5128,12820,512.8000000000001,100,50.5
5129,12822.5,512.9,100,50.5
5130,12825,513,100,50.5
5131,12827.5,513.1,100,50.5
5132,12830,513.2,100,50.5
5133,12832.5,513.3000000000001,100,50.5
5134,12835,513.4,100,50.5
5135,12837.5,513.5,100,50.5
5136,12840,513.6,100,50.5
5137,12842.5,513.7,100,50.5
5138,12845,513.8000000000001,100,50.5
5139,12847.5,513.9,100,50.5
5140,12850,514,100,50.5
5141,12852.5,514.1,100,50.5
5142,12855,514.2,100,50.5
5143,12857.5,514.3000000000001,100,50.5
5144,12860,514.4,100,50.5
5145,12862.5,514.5,100,50.5
5146,12865,514.6,100,50.5
5147,12867.5,514.7,100,50.5
5148,12870,514.8000000000001,100,50.5
5149,12872.5,514.9,100,50.5
5150,12875,515,100,50.5
5151,12877.5,515.1,100,50.5
5152,12880,515.2,100,50.5
5153,12882.5,515.3000000000001,100,50.5
5154,12885,515.4,100,50.5
5155,12887.5,515.5,100,50.5
5156,12890,515.6,100,50.5
5157,12892.5,515.7,100,50.5
5158,12895,515.8000000000001,100,50.5
5159,12897.5,515.9,100,50.5
5160,12900,516,100,50.5
5161,12902.5,516.1,100,50.5
5162,12905,516.2,100,50.5
5163,12907.5,516.3000000000001,100,50.5
5164,12910,516.4,100,50.5
5165,12912.5,516.5,100,50.5
5166,12915,516.6,100,50.5
5167,12917.5,516.7,100,50.5
5168,12920,516.8000000000001,100,50.5
5169,12922.5,516.9,100,50.5
5170,12925,517,100,50.5
5171,12927.5,517.1,100,50.5
5172,12930,517.2,100,50.5
5173,12932.5,517.3000000000001,100,50.5
5174,12935,517.4,100,50.5
5175,12937.5,517.5,100,50.5
5176,12940,517.6,100,50.5
5177,12942.5,517.7,100,50.5
5178,12945,517.8000000000001,100,50.5
5179,12947.5,517.9,100,50.5
5180,12950,518,100,50.5
5181,12952.5,518.1,100,50.5
5182,12955,518.2,100,50.5
5183,12957.5,518.3000000000001,100,50.5
5184,12960,518.4,100,50.5
5185,12962.5,518.5,100,50.5
5186,12965,518.6,100,50.5
5187,12967.5,518.7,100,50.5
5188,12970,518.8000000000001,100,50.5
5189,12972.5,518.9,100,50.5
5190,12975,519,100,50.5
5191,12977.5,519.1,100,50.5
5192,12980,519.2,100,50.5
5193,12982.5,519.3000000000001,100,50.5
5194,12985,519.4,100,50.5
5195,12987.5,519.5,100,50.5
5196,12990,519.6,100,50.5
5197,12992.5,519.7,100,50.5
5198,12995,519.8000000000001,100,50.5
5199,12997.5,519.9,100,50.5
5200,13000,520,100,50.5
5201,13002.5,520.1,100,50.5
5202,13005,520.2,100,50.5
5203,13007.5,520.3000000000001,100,50.5
5204,13010,520.4,100,50.5
5205,13012.5,520.5,100,50.5
5206,13015,520.6,100,50.5
5207,13017.5,520.7,100,50.5
5208,13020,520.8000000000001,100,50.5
5209,13022.5,520.9,100,50.5
5210,13025,521,100,50.5
5211,13027.5,521.1,100,50.5
5212,13030,521.2,100,50.5
5213,13032.5,521.3000000000001,100,50.5
5214,13035,521.4,100,50.5
5215,13037.5,521.5,100,50.5
5216,13040,521.6,100,50.5
5217,13042.5,521.7,100,50.5
5218,13045,521.8000000000001,100,50.5
5219,13047.5,521.9,100,50.5
5220,13050,522,100,50.5
5221,13052.5,522.1,100,50.5
5222,13055,522.2,100,50.5
5223,13057.5,522.3000000000001,100,50.5
5224,13060,522.4,100,50.5
5225,13062.5,522.5,100,50.5
5226,13065,522.6,100,50.5
5227,13067.5,522.7,100,50.5
5228,13070,522.8000000000001,100,50.5
5229,13072.5,522.9,100,50.5
5230,13075,523,100,50.5
5231,13077.5,523.1,100,50.5
5232,13080,523.2,100,50.5
5233,13082.5,523.3000000000001,100,50.5
5234,13085,523.4,100,50.5
5235,13087.5,523.5,100,50.5
5236,13090,523.6,100,50.5
5237,13092.5,523.7,100,50.5
5238,13095,523.8000000000001,100,50.5
5239,13097.5,523.9,100,50.5
5240,13100,524,100,50.5
5241,13102.5,524.1,100,50.5
5242,13105,524.2,100,50.5
5243,13107.5,524.3000000000001,100,50.5
5244,13110,524.4,100,50.5
5245,13112.5,524.5,100,50.5
5246,13115,524.6,100,50.5
5247,13117.5,524.7,100,50.5
5248,13120,524.8000000000001,100,50.5
5249,13122.5,524.9,100,50.5
5250,13125,525,100,50.5
5251,13127.5,525.1,100,50.5
5252,13130,525.2,100,50.5
5253,13132.5,525.3000000000001,100,50.5
5254,13135,525.4,100,50.5
5255,13137.5,525.5,100,50.5
5256,13140,525.6,100,50.5
5257,13142.5,525.7,100,50.5
5258,13145,525.8000000000001,100,50.5
5259,13147.5,525.9,100,50.5
5260,13150,526,100,50.5
5261,13152.5,526.1,100,50.5
5262,13155,526.2,100,50.5
5263,13157.5,526.3000000000001,100,50.5
5264,13160,526.4,100,50.5
5265,13162.5,526.5,100,50.5
5266,13165,526.6,100,50.5
5267,13167.5,526.7,100,50.5
5268,13170,526.8000000000001,100,50.5
5269,13172.5,526.9,100,50.5
5270,13175,527,100,50.5
5271,13177.5,527.1,100,50.5
5272,13180,527.2,100,50.5
5273,13182.5,527.3000000000001,100,50.5
5274,13185,527.4,100,50.5
5275,13187.5,527.5,100,50.5
5276,13190,527.6,100,50.5
5277,13192.5,527.7,100,50.5
5278,13195,527.8000000000001,100,50.5
5279,13197.5,527.9,100,50.5
5280,13200,528,100,50.5
5281,13202.5,528.1,100,50.5
5282,13205,528.2,100,50.5
5283,13207.5,528.3000000000001,100,50.5
5284,13210,528.4,100,50.5
5285,13212.5,528.5,100,50.5
5286,13215,528.6,100,50.5
5287,13217.5,528.7,100,50.5
5288,13220,528.8000000000001,100,50.5
5289,13222.5,528.9,100,50.5
5290,13225,529,100,50.5
5291,13227.5,529.1,100,50.5
5292,13230,529.2,100,50.5
5293,13232.5,529.3000000000001,100,50.5
5294,13235,529.4,100,50.5
5295,13237.5,529.5,100,50.5
5296,13240,529.6,100,50.5
5297,13242.5,529.7,100,50.5
5298,13245,529.8000000000001,100,50.5
5299,13247.5,529.9,100,50.5
5300,13250,530,100,50.5
5301,13252.5,530.1,100,50.5
5302,13255,530.2,100,50.5
5303,13257.5,530.3000000000001,100,50.5
5304,13260,530.4,100,50.5
5305,13262.5,530.5,100,50.5
5306,13265,530.6,100,50.5
5307,13267.5,530.7,100,50.5
5308,13270,530.8000000000001,100,50.5
5309,13272.5,530.9,100,50.5
5310,13275,531,100,50.5
5311,13277.5,531.1,100,50.5
5312,13280,531.2,100,50.5
5313,13282.5,531.3000000000001,100,50.5
5314,13285,531.4,100,50.5
5315,13287.5,531.5,100,50.5
5316,13290,531.6,100,50.5
5317,13292.5,531.7,100,50.5
5318,13295,531.8000000000001,100,50.5
5319,13297.5,531.9,100,50.5
5320,13300,532,100,50.5
5321,13302.5,532.1,100,50.5
5322,13305,532.2,100,50.5
5323,13307.5,532.3000000000001,100,50.5
5324,13310,532.4,100,50.5
5325,13312.5,532.5,100,50.5
5326,13315,532.6,100,50.5
5327,13317.5,532.7,100,50.5
5328,13320,532.8000000000001,100,50.5
5329,13322.5,532.9,100,50.5
5330,13325,533,100,50.5
5331,13327.5,533.1,100,50.5
5332,13330,533.2,100,50.5
5333,13332.5,533.3000000000001,100,50.5
5334,13335,533.4,100,50.5
5335,13337.5,533.5,100,50.5
5336,13340,533.6,100,50.5
5337,13342.5,533.7,100,50.5
5338,13345,533.8000000000001,100,50.5
5339,13347.5,533.9,100,50.5
5340,13350,534,100,50.5
5341,13352.5,534.1,100,50.5
5342,13355,534.2,100,50.5
5343,13357.5,534.3000000000001,100,50.5
5344,13360,534.4,100,50.5
5345,13362.5,534.5,100,50.5
5346,13365,534.6,100,50.5
5347,13367.5,534.7,100,50.5
5348,13370,534.8000000000001,100,50.5
5349,13372.5,534.9,100,50.5
5350,13375,535,100,50.5
5351,13377.5,535.1,100,50.5
5352,13380,535.2,100,50.5
5353,13382.5,535.3000000000001,100,50.5
5354,13385,535.4,100,50.5
5355,13387.5,535.5,100,50.5
5356,13390,535.6,100,50.5
5357,13392.5,535.7,100,50.5
5358,13395,535.8000000000001,100,50.5
5359,13397.5,535.9,100,50.5
5360,13400,536,100,50.5
5361,13402.5,536.1,100,50.5
5362,13405,536.2,100,50.5
5363,13407.5,536.3000000000001,100,50.5
5364,13410,536.4,100,50.5
5365,13412.5,536.5,100,50.5
5366,13415,536.6,100,50.5
5367,13417.5,536.7,100,50.5
5368,13420,536.8000000000001,100,50.5
5369,13422.5,536.9,100,50.5
5370,13425,537,100,50.5
5371,13427.5,537.1,100,50.5
5372,13430,537.2,100,50.5
5373,13432.5,537.3000000000001,100,50.5
5374,13435,537.4,100,50.5
5375,13437.5,537.5,100,50.5
5376,13440,537.6,100,50.5
5377,13442.5,537.7,100,50.5
5378,13445,537.8000000000001,100,50.5
5379,13447.5,537.9,100,50.5
5380,13450,538,100,50.5
5381,13452.5,538.1,100,50.5
5382,13455,538.2,100,50.5
5383,13457.5,538.3000000000001,100,50.5
5384,13460,538.4,100,50.5
5385,13462.5,538.5,100,50.5
5386,13465,538.6,100,50.5
5387,13467.5,538.7,100,50.5
5388,13470,538.8000000000001,100,50.5
5389,13472.5,538.9,100,50.5
5390,13475,539,100,50.5
5391,13477.5,539.1,100,50.5
5392,13480,539.2,100,50.5
5393,13482.5,539.3000000000001,100,50.5
5394,13485,539.4,100,50.5
5395,13487.5,539.5,100,50.5
5396,13490,539.6,100,50.5
5397,13492.5,539.7,100,50.5
5398,13495,539.8000000000001,100,50.5
5399,13497.5,539.9,100,50.5
5400,13500,540,100,50.5
5401,13502.5,540.1,100,50.5
5402,13505,540.2,100,50.5
5403,13507.5,540.3000000000001,100,50.5
5404,13510,540.4,100,50.5
5405,13512.5,540.5,100,50.5
5406,13515,540.6,100,50.5
5407,13517.5,540.7,100,50.5
5408,13520,540.8000000000001,100,50.5
5409,13522.5,540.9,100,50.5
5410,13525,541,100,50.5
5411,13527.5,541.1,100,50.5
5412,13530,541.2,100,50.5
5413,13532.5,541.3000000000001,100,50.5
5414,13535,541.4,100,50.5
5415,13537.5,541.5,100,50.5
5416,13540,541.6,100,50.5
5417,13542.5,541.7,100,50.5
5418,13545,541.8000000000001,100,50.5
5419,13547.5,541.9,100,50.5
5420,13550,542,100,50.5
5421,13552.5,542.1,100,50.5
5422,13555,542.2,100,50.5
5423,13557.5,542.3000000000001,100,50.5
5424,13560,542.4,100,50.5
5425,13562.5,542.5,100,50.5
5426,13565,542.6,100,50.5
5427,13567.5,542.7,100,50.5
5428,13570,542.8000000000001,100,50.5
5429,13572.5,542.9,100,50.5
5430,13575,543,100,50.5
5431,13577.5,543.1,100,50.5
5432,13580,543.2,100,50.5
5433,13582.5,543.3000000000001,100,50.5
5434,13585,543.4,100,50.5
5435,13587.5,543.5,100,50.5
5436,13590,543.6,100,50.5
5437,13592.5,543.7,100,50.5
5438,13595,543.8000000000001,100,50.5
5439,13597.5,543.9,100,50.5
5440,13600,544,100,50.5
5441,13602.5,544.1,100,50.5
5442,13605,544.2,100,50.5
5443,13607.5,544.3000000000001,100,50.5
5444,13610,544.4,100,50.5
5445,13612.5,544.5,100,50.5
5446,13615,544.6,100,50.5
5447,13617.5,544.7,100,50.5
5448,13620,544.8000000000001,100,50.5
5449,13622.5,544.9,100,50.5
5450,13625,545,100,50.5
5451,13627.5,545.1,100,50.5
5452,13630,545.2,100,50.5
5453,13632.5,545.3000000000001,100,50.5
5454,13635,545.4,100,50.5
5455,13637.5,545.5,100,50.5
5456,13640,545.6,100,50.5
5457,13642.5,545.7,100,50.5
5458,13645,545.8000000000001,100,50.5
5459,13647.5,545.9,100,50.5
5460,13650,546,100,50.5
5461,13652.5,546.1,100,50.5
5462,13655,546.2,100,50.5
5463,13657.5,546.3000000000001,100,50.5
5464,13660,546.4,100,50.5
5465,13662.5,546.5,100,50.5
5466,13665,546.6,100,50.5
5467,13667.5,546.7,100,50.5
5468,13670,546.8000000000001,100,50.5
5469,13672.5,546.9,100,50.5
5470,13675,547,100,50.5
5471,13677.5,547.1,100,50.5
5472,13680,547.2,100,50.5
5473,13682.5,547.3000000000001,100,50.5
5474,13685,547.4,100,50.5
5475,13687.5,547.5,100,50.5
5476,13690,547.6,100,50.5
5477,13692.5,547.7,100,50.5
5478,13695,547.8000000000001,100,50.5
5479,13697.5,547.9,100,50.5
5480,13700,548,100,50.5
5481,13702.5,548.1,100,50.5
5482,13705,548.2,100,50.5
5483,13707.5,548.3000000000001,100,50.5
5484,13710,548.4,100,50.5
5485,13712.5,548.5,100,50.5
5486,13715,548.6,100,50.5
5487,13717.5,548.7,100,50.5
5488,13720,548.8000000000001,100,50.5
5489,13722.5,548.9,100,50.5
5490,13725,549,100,50.5
5491,13727.5,549.1,100,50.5
5492,13730,549.2,100,50.5
5493,13732.5,549.3000000000001,100,50.5
5494,13735,549.4,100,50.5
5495,13737.5,549.5,100,50.5
5496,13740,549.6,100,50.5
5497,13742.5,549.7,100,50.5
5498,13745,549.8000000000001,100,50.5
5499,13747.5,549.9,100,50.5
5500,13750,550,100,50.5
5501,13752.5,550.1,100,50.5
5502,13755,550.2,100,50.5
5503,13757.5,550.3000000000001,100,50.5
5504,13760,550.4,100,50.5
5505,13762.5,550.5,100,50.5
5506,13765,550.6,100,50.5
5507,13767.5,550.7,100,50.5
5508,13770,550.8000000000001,100,50.5
5509,13772.5,550.9,100,50.5
5510,13775,551,100,50.5
5511,13777.5,551.1,100,50.5
5512,13780,551.2,100,50.5
5513,13782.5,551.3000000000001,100,50.5
5514,13785,551.4,100,50.5
5515,13787.5,551.5,100,50.5
5516,13790,551.6,100,50.5
5517,13792.5,551.7,100,50.5
5518,13795,551.8000000000001,100,50.5
5519,13797.5,551.9,100,50.5
5520,13800,552,100,50.5
5521,13802.5,552.1,100,50.5
5522,13805,552.2,100,50.5
5523,13807.5,552.3000000000001,100,50.5
5524,13810,552.4,100,50.5
5525,13812.5,552.5,100,50.5
5526,13815,552.6,100,50.5
5527,13817.5,552.7,100,50.5
5528,13820,552.8000000000001,100,50.5
5529,13822.5,552.9,100,50.5
5530,13825,553,100,50.5
5531,13827.5,553.1,100,50.5
5532,13830,553.2,100,50.5
5533,13832.5,553.3000000000001,100,50.5
5534,13835,553.4,100,50.5
5535,13837.5,553.5,100,50.5
5536,13840,553.6,100,50.5
5537,13842.5,553.7,100,50.5
5538,13845,553.8000000000001,100,50.5
5539,13847.5,553.9,100,50.5
5540,13850,554,100,50.5
5541,13852.5,554.1,100,50.5
5542,13855,554.2,100,50.5
5543,13857.5,554.3000000000001,100,50.5
5544,13860,554.4,100,50.5
5545,13862.5,554.5,100,50.5
5546,13865,554.6,100,50.5
5547,13867.5,554.7,100,50.5
5548,13870,554.8000000000001,100,50.5
5549,13872.5,554.9,100,50.5
5550,13875,555,100,50.5
5551,13877.5,555.1,100,50.5
5552,13880,555.2,100,50.5
5553,13882.5,555.3000000000001,100,50.5
5554,13885,555.4,100,50.5
5555,13887.5,555.5,100,50.5
5556,13890,555.6,100,50.5
5557,13892.5,555.7,100,50.5
5558,13895,555.8000000000001,100,50.5
5559,13897.5,555.9,100,50.5
5560,13900,556,100,50.5
5561,13902.5,556.1,100,50.5
5562,13905,556.2,100,50.5
5563,13907.5,556.3000000000001,100,50.5
5564,13910,556.4,100,50.5
5565,13912.5,556.5,100,50.5
5566,13915,556.6,100,50.5
5567,13917.5,556.7,100,50.5
5568,13920,556.8000000000001,100,50.5
5569,13922.5,556.9,100,50.5
5570,13925,557,100,50.5
5571,13927.5,557.1,100,50.5
5572,13930,557.2,100,50.5
5573,13932.5,557.3000000000001,100,50.5
5574,13935,557.4,100,50.5
5575,13937.5,557.5,100,50.5
5576,13940,557.6,100,50.5
5577,13942.5,557.7,100,50.5
5578,13945,557.8000000000001,100,50.5
5579,13947.5,557.9,100,50.5
5580,13950,558,100,50.5
5581,13952.5,558.1,100,50.5
5582,13955,558.2,100,50.5
5583,13957.5,558.3000000000001,100,50.5
5584,13960,558.4,100,50.5
5585,13962.5,558.5,100,50.5
5586,13965,558.6,100,50.5
5587,13967.5,558.7,100,50.5
5588,13970,558.8000000000001,100,50.5
5589,13972.5,558.9,100,50.5
5590,13975,559,100,50.5
5591,13977.5,559.1,100,50.5
5592,13980,559.2,100,50.5
5593,13982.5,559.3000000000001,100,50.5
5594,13985,559.4,100,50.5
5595,13987.5,559.5,100,50.5
5596,13990,559.6,100,50.5
5597,13992.5,559.7,100,50.5
5598,13995,559.8000000000001,100,50.5
5599,13997.5,559.9,100,50.5
5600,14000,560,100,50.5
5601,14002.5,560.1,100,50.5
5602,14005,560.2,100,50.5
5603,14007.5,560.3000000000001,100,50.5
5604,14010,560.4,100,50.5
5605,14012.5,560.5,100,50.5
5606,14015,560.6,100,50.5
5607,14017.5,560.7,100,50.5
5608,14020,560.8000000000001,100,50.5
5609,14022.5,560.9,100,50.5
5610,14025,561,100,50.5
5611,14027.5,561.1,100,50.5
5612,14030,561.2,100,50.5
5613,14032.5,561.3000000000001,100,50.5
5614,14035,561.4,100,50.5
5615,14037.5,561.5,100,50.5
5616,14040,561.6,100,50.5
5617,14042.5,561.7,100,50.5
5618,14045,561.8000000000001,100,50.5
5619,14047.5,561.9,100,50.5
5620,14050,562,100,50.5
5621,14052.5,562.1,100,50.5
5622,14055,562.2,100,50.5
5623,14057.5,562.3000000000001,100,50.5
5624,14060,562.4,100,50.5
5625,14062.5,562.5,100,50.5
5626,14065,562.6,100,50.5
5627,14067.5,562.7,100,50.5
5628,14070,562.8000000000001,100,50.5
5629,14072.5,562.9,100,50.5
5630,14075,563,100,50.5
5631,14077.5,563.1,100,50.5
5632,14080,563.2,100,50.5
5633,14082.5,563.3000000000001,100,50.5
5634,14085,563.4,100,50.5
5635,14087.5,563.5,100,50.5
5636,14090,563.6,100,50.5
5637,14092.5,563.7,100,50.5
5638,14095,563.8000000000001,100,50.5
5639,14097.5,563.9,100,50.5
5640,14100,564,100,50.5
5641,14102.5,564.1,100,50.5
5642,14105,564.2,100,50.5
5643,14107.5,564.3000000000001,100,50.5
5644,14110,564.4,100,50.5
5645,14112.5,564.5,100,50.5
5646,14115,564.6,100,50.5
5647,14117.5,564.7,100,50.5
5648,14120,564.8000000000001,100,50.5
5649,14122.5,564.9,100,50.5
5650,14125,565,100,50.5
5651,14127.5,565.1,100,50.5
5652,14130,565.2,100,50.5
5653,14132.5,565.3000000000001,100,50.5
5654,14135,565.4,100,50.5
5655,14137.5,565.5,100,50.5
5656,14140,565.6,100,50.5
5657,14142.5,565.7,100,50.5
5658,14145,565.8000000000001,100,50.5
5659,14147.5,565.9,100,50.5
5660,14150,566,100,50.5
5661,14152.5,566.1,100,50.5
5662,14155,566.2,100,50.5
5663,14157.5,566.3000000000001,100,50.5
5664,14160,566.4,100,50.5
5665,14162.5,566.5,100,50.5
5666,14165,566.6,100,50.5
5667,14167.5,566.7,100,50.5
5668,14170,566.8000000000001,100,50.5
5669,14172.5,566.9,100,50.5
5670,14175,567,100,50.5
5671,14177.5,567.1,100,50.5
5672,14180,567.2,100,50.5
5673,14182.5,567.3000000000001,100,50.5
5674,14185,567.4,100,50.5
5675,14187.5,567.5,100,50.5
5676,14190,567.6,100,50.5
5677,14192.5,567.7,100,50.5
5678,14195,567.8000000000001,100,50.5
5679,14197.5,567.9,100,50.5
5680,14200,568,100,50.5
5681,14202.5,568.1,100,50.5
5682,14205,568.2,100,50.5
5683,14207.5,568.3000000000001,100,50.5
5684,14210,568.4,100,50.5
5685,14212.5,568.5,100,50.5
5686,14215,568.6,100,50.5
5687,14217.5,568.7,100,50.5
5688,14220,568.8000000000001,100,50.5
5689,14222.5,568.9,100,50.5
5690,14225,569,100,50.5
5691,14227.5,569.1,100,50.5
5692,14230,569.2,100,50.5
5693,14232.5,569.3000000000001,100,50.5
5694,14235,569.4,100,50.5
5695,14237.5,569.5,100,50.5
5696,14240,569.6,100,50.5
5697,14242.5,569.7,100,50.5
5698,14245,569.8000000000001,100,50.5
5699,14247.5,569.9,100,50.5
5700,14250,570,100,50.5
5701,14252.5,570.1,100,50.5
5702,14255,570.2,100,50.5
5703,14257.5,570.3000000000001,100,50.5
5704,14260,570.4,100,50.5
5705,14262.5,570.5,100,50.5
5706,14265,570.6,100,50.5
5707,14267.5,570.7,100,50.5
5708,14270,570.8000000000001,100,50.5
5709,14272.5,570.9,100,50.5
5710,14275,571,100,50.5
5711,14277.5,571.1,100,50.5
5712,14280,571.2,100,50.5
5713,14282.5,571.3000000000001,100,50.5
5714,14285,571.4,100,50.5
5715,14287.5,571.5,100,50.5
5716,14290,571.6,100,50.5
5717,14292.5,571.7,100,50.5
5718,14295,571.8000000000001,100,50.5
5719,14297.5,571.9,100,50.5
5720,14300,572,100,50.5
5721,14302.5,572.1,100,50.5
5722,14305,572.2,100,50.5
5723,14307.5,572.3000000000001,100,50.5
5724,14310,572.4,100,50.5
5725,14312.5,572.5,100,50.5
5726,14315,572.6,100,50.5
5727,14317.5,572.7,100,50.5
5728,14320,572.8000000000001,100,50.5
5729,14322.5,572.9,100,50.5
5730,14325,573,100,50.5
5731,14327.5,573.1,100,50.5
5732,14330,573.2,100,50.5
5733,14332.5,573.3000000000001,100,50.5
5734,14335,573.4,100,50.5
5735,14337.5,573.5,100,50.5
5736,14340,573.6,100,50.5
5737,14342.5,573.7,100,50.5
5738,14345,573.8000000000001,100,50.5
5739,14347.5,573.9,100,50.5
5740,14350,574,100,50.5
5741,14352.5,574.1,100,50.5
5742,14355,574.2,100,50.5
5743,14357.5,574.3000000000001,100,50.5
5744,14360,574.4,100,50.5
5745,14362.5,574.5,100,50.5
5746,14365,574.6,100,50.5
5747,14367.5,574.7,100,50.5
5748,14370,574.8000000000001,100,50.5
5749,14372.5,574.9,100,50.5
5750,14375,575,100,50.5
5751,14377.5,575.1,100,50.5
5752,14380,575.2,100,50.5
5753,14382.5,575.3000000000001,100,50.5
5754,14385,575.4,100,50.5
5755,14387.5,575.5,100,50.5
5756,14390,575.6,100,50.5
5757,14392.5,575.7,100,50.5
5758,14395,575.8000000000001,100,50.5
5759,14397.5,575.9,100,50.5
5760,14400,576,100,50.5
5761,14402.5,576.1,100,50.5
5762,14405,576.2,100,50.5
5763,14407.5,576.3000000000001,100,50.5
5764,14410,576.4,100,50.5
5765,14412.5,576.5,100,50.5
5766,14415,576.6,100,50.5
5767,14417.5,576.7,100,50.5
5768,14420,576.8000000000001,100,50.5
5769,14422.5,576.9,100,50.5
5770,14425,577,100,50.5
5771,14427.5,577.1,100,50.5
5772,14430,577.2,100,50.5
5773,14432.5,577.3000000000001,100,50.5
5774,14435,577.4,100,50.5
5775,14437.5,577.5,100,50.5
5776,14440,577.6,100,50.5
5777,14442.5,577.7,100,50.5
5778,14445,577.8000000000001,100,50.5
5779,14447.5,577.9,100,50.5
5780,14450,578,100,50.5
5781,14452.5,578.1,100,50.5
5782,14455,578.2,100,50.5
5783,14457.5,578.3000000000001,100,50.5
5784,14460,578.4,100,50.5
5785,14462.5,578.5,100,50.5
5786,14465,578.6,100,50.5
5787,14467.5,578.7,100,50.5
5788,14470,578.8000000000001,100,50.5
5789,14472.5,578.9,100,50.5
5790,14475,579,100,50.5
5791,14477.5,579.1,100,50.5
5792,14480,579.2,100,50.5
5793,14482.5,579.3000000000001,100,50.5
5794,14485,579.4,100,50.5
5795,14487.5,579.5,100,50.5
5796,14490,579.6,100,50.5
5797,14492.5,579.7,100,50.5
5798,14495,579.8000000000001,100,50.5
5799,14497.5,579.9,100,50.5
5800,14500,580,100,50.5
5801,14502.5,580.1,100,50.5
5802,14505,580.2,100,50.5
5803,14507.5,580.3000000000001,100,50.5
5804,14510,580.4,100,50.5
5805,14512.5,580.5,100,50.5
5806,14515,580.6,100,50.5
5807,14517.5,580.7,100,50.5
5808,14520,580.8000000000001,100,50.5
5809,14522.5,580.9,100,50.5
5810,14525,581,100,50.5
5811,14527.5,581.1,100,50.5
5812,14530,581.2,100,50.5
5813,14532.5,581.3000000000001,100,50.5
5814,14535,581.4,100,50.5
5815,14537.5,581.5,100,50.5
5816,14540,581.6,100,50.5
5817,14542.5,581.7,100,50.5
5818,14545,581.8000000000001,100,50.5
5819,14547.5,581.9,100,50.5
5820,14550,582,100,50.5
5821,14552.5,582.1,100,50.5
5822,14555,582.2,100,50.5
5823,14557.5,582.3000000000001,100,50.5
5824,14560,582.4,100,50.5
5825,14562.5,582.5,100,50.5
5826,14565,582.6,100,50.5
5827,14567.5,582.7,100,50.5
5828,14570,582.8000000000001,100,50.5
5829,14572.5,582.9,100,50.5
5830,14575,583,100,50.5
5831,14577.5,583.1,100,50.5
5832,14580,583.2,100,50.5
5833,14582.5,583.3000000000001,100,50.5
5834,14585,583.4,100,50.5
5835,14587.5,583.5,100,50.5
5836,14590,583.6,100,50.5
5837,14592.5,583.7,100,50.5
5838,14595,583.8000000000001,100,50.5
5839,14597.5,583.9,100,50.5
5840,14600,584,100,50.5
5841,14602.5,584.1,100,50.5
5842,14605,584.2,100,50.5
5843,14607.5,584.3000000000001,100,50.5
5844,14610,584.4,100,50.5
5845,14612.5,584.5,100,50.5
5846,14615,584.6,100,50.5
5847,14617.5,584.7,100,50.5
5848,14620,584.8000000000001,100,50.5
5849,14622.5,584.9,100,50.5
5850,14625,585,100,50.5
5851,14627.5,585.1,100,50.5
5852,14630,585.2,100,50.5
5853,14632.5,585.3000000000001,100,50.5
5854,14635,585.4,100,50.5
5855,14637.5,585.5,100,50.5
5856,14640,585.6,100,50.5
5857,14642.5,585.7,100,50.5
5858,14645,585.8000000000001,100,50.5
5859,14647.5,585.9,100,50.5
5860,14650,586,100,50.5
5861,14652.5,586.1,100,50.5
5862,14655,586.2,100,50.5
5863,14657.5,586.3000000000001,100,50.5
5864,14660,586.4,100,50.5
5865,14662.5,586.5,100,50.5
5866,14665,586.6,100,50.5
5867,14667.5,586.7,100,50.5
5868,14670,586.8000000000001,100,50.5
5869,14672.5,586.9,100,50.5
5870,14675,587,100,50.5
5871,14677.5,587.1,100,50.5
5872,14680,587.2,100,50.5
5873,14682.5,587.3000000000001,100,50.5
5874,14685,587.4,100,50.5
5875,14687.5,587.5,100,50.5
5876,14690,587.6,100,50.5
5877,14692.5,587.7,100,50.5
5878,14695,587.8000000000001,100,50.5
5879,14697.5,587.9,100,50.5
5880,14700,588,100,50.5
5881,14702.5,588.1,100,50.5
5882,14705,588.2,100,50.5
5883,14707.5,588.3000000000001,100,50.5
5884,14710,588.4,100,50.5
5885,14712.5,588.5,100,50.5
5886,14715,588.6,100,50.5
5887,14717.5,588.7,100,50.5
5888,14720,588.8000000000001,100,50.5
5889,14722.5,588.9,100,50.5
5890,14725,589,100,50.5
5891,14727.5,589.1,100,50.5
5892,14730,589.2,100,50.5
5893,14732.5,589.3000000000001,100,50.5
5894,14735,589.4,100,50.5
5895,14737.5,589.5,100,50.5
5896,14740,589.6,100,50.5
5897,14742.5,589.7,100,50.5
5898,14745,589.8000000000001,100,50.5
5899,14747.5,589.9,100,50.5
5900,14750,590,100,50.5
5901,14752.5,590.1,100,50.5
5902,14755,590.2,100,50.5
5903,14757.5,590.3000000000001,100,50.5
5904,14760,590.4,100,50.5
5905,14762.5,590.5,100,50.5
5906,14765,590.6,100,50.5
5907,14767.5,590.7,100,50.5
5908,14770,590.8000000000001,100,50.5
5909,14772.5,590.9,100,50.5
5910,14775,591,100,50.5
5911,14777.5,591.1,100,50.5
5912,14780,591.2,100,50.5
5913,14782.5,591.3000000000001,100,50.5
5914,14785,591.4,100,50.5
5915,14787.5,591.5,100,50.5
5916,14790,591.6,100,50.5
5917,14792.5,591.7,100,50.5
5918,14795,591.8000000000001,100,50.5
5919,14797.5,591.9,100,50.5
5920,14800,592,100,50.5
5921,14802.5,592.1,100,50.5
5922,14805,592.2,100,50.5
5923,14807.5,592.3000000000001,100,50.5
5924,14810,592.4,100,50.5
5925,14812.5,592.5,100,50.5
5926,14815,592.6,100,50.5
5927,14817.5,592.7,100,50.5
5928,14820,592.8000000000001,100,50.5
5929,14822.5,592.9,100,50.5
5930,14825,593,100,50.5
5931,14827.5,593.1,100,50.5
5932,14830,593.2,100,50.5
5933,14832.5,593.3000000000001,100,50.5
5934,14835,593.4,100,50.5
5935,14837.5,593.5,100,50.5
5936,14840,593.6,100,50.5
5937,14842.5,593.7,100,50.5
5938,14845,593.8000000000001,100,50.5
5939,14847.5,593.9,100,50.5
5940,14850,594,100,50.5
5941,14852.5,594.1,100,50.5
5942,14855,594.2,100,50.5
5943,14857.5,594.3000000000001,100,50.5
5944,14860,594.4,100,50.5
5945,14862.5,594.5,100,50.5
5946,14865,594.6,100,50.5
5947,14867.5,594.7,100,50.5
5948,14870,594.8000000000001,100,50.5
5949,14872.5,594.9,100,50.5
5950,14875,595,100,50.5
5951,14877.5,595.1,100,50.5
5952,14880,595.2,100,50.5
5953,14882.5,595.3000000000001,100,50.5
5954,14885,595.4,100,50.5
5955,14887.5,595.5,100,50.5
5956,14890,595.6,100,50.5
5957,14892.5,595.7,100,50.5
5958,14895,595.8000000000001,100,50.5
5959,14897.5,595.9,100,50.5
5960,14900,596,100,50.5
5961,14902.5,596.1,100,50.5
5962,14905,596.2,100,50.5
5963,14907.5,596.3000000000001,100,50.5
5964,14910,596.4,100,50.5
5965,14912.5,596.5,100,50.5
5966,14915,596.6,100,50.5
5967,14917.5,596.7,100,50.5
5968,14920,596.8000000000001,100,50.5
5969,14922.5,596.9,100,50.5
5970,14925,597,100,50.5
5971,14927.5,597.1,100,50.5
5972,14930,597.2,100,50.5
5973,14932.5,597.3000000000001,100,50.5
5974,14935,597.4,100,50.5
5975,14937.5,597.5,100,50.5
5976,14940,597.6,100,50.5
5977,14942.5,597.7,100,50.5
5978,14945,597.8000000000001,100,50.5
5979,14947.5,597.9,100,50.5
5980,14950,598,100,50.5
5981,14952.5,598.1,100,50.5
5982,14955,598.2,100,50.5
5983,14957.5,598.3000000000001,100,50.5
5984,14960,598.4,100,50.5
5985,14962.5,598.5,100,50.5
5986,14965,598.6,100,50.5
5987,14967.5,598.7,100,50.5
5988,14970,598.8000000000001,100,50.5
5989,14972.5,598.9,100,50.5
5990,14975,599,100,50.5
5991,14977.5,599.1,100,50.5
5992,14980,599.2,100,50.5
5993,14982.5,599.3000000000001,100,50.5
5994,14985,599.4,100,50.5
5995,14987.5,599.5,100,50.5
5996,14990,599.6,100,50.5
5997,14992.5,599.7,100,50.5
5998,14995,599.8000000000001,100,50.5
5999,14997.5,599.9,100,50.5
6000,15000,600,100,50.5
6001,15002.5,600.1,100,50.5
6002,15005,600.2,100,50.5
6003,15007.5,600.3000000000001,100,50.5
6004,15010,600.4,100,50.5
6005,15012.5,600.5,100,50.5
6006,15015,600.6,100,50.5
6007,15017.5,600.7,100,50.5
6008,15020,600.8000000000001,100,50.5
6009,15022.5,600.9,100,50.5
6010,15025,601,100,50.5
6011,15027.5,601.1,100,50.5
6012,15030,601.2,100,50.5
6013,15032.5,601.3000000000001,100,50.5
6014,15035,601.4,100,50.5
6015,15037.5,601.5,100,50.5
6016,15040,601.6,100,50.5
6017,15042.5,601.7,100,50.5
6018,15045,601.8000000000001,100,50.5
6019,15047.5,601.9,100,50.5
6020,15050,602,100,50.5
6021,15052.5,602.1,100,50.5
6022,15055,602.2,100,50.5
6023,15057.5,602.3000000000001,100,50.5
6024,15060,602.4,100,50.5
6025,15062.5,602.5,100,50.5
6026,15065,602.6,100,50.5
6027,15067.5,602.7,100,50.5
6028,15070,602.8000000000001,100,50.5
6029,15072.5,602.9,100,50.5
6030,15075,603,100,50.5
6031,15077.5,603.1,100,50.5
6032,15080,603.2,100,50.5
6033,15082.5,603.3000000000001,100,50.5
6034,15085,603.4,100,50.5
6035,15087.5,603.5,100,50.5
6036,15090,603.6,100,50.5
6037,15092.5,603.7,100,50.5
6038,15095,603.8000000000001,100,50.5
6039,15097.5,603.9,100,50.5
6040,15100,604,100,50.5
6041,15102.5,604.1,100,50.5
6042,15105,604.2,100,50.5
6043,15107.5,604.3000000000001,100,50.5
6044,15110,604.4,100,50.5
6045,15112.5,604.5,100,50.5
6046,15115,604.6,100,50.5
6047,15117.5,604.7,100,50.5
6048,15120,604.8000000000001,100,50.5
6049,15122.5,604.9,100,50.5
6050,15125,605,100,50.5
6051,15127.5,605.1,100,50.5
6052,15130,605.2,100,50.5
6053,15132.5,605.3000000000001,100,50.5
6054,15135,605.4,100,50.5
6055,15137.5,605.5,100,50.5
6056,15140,605.6,100,50.5
6057,15142.5,605.7,100,50.5
6058,15145,605.8000000000001,100,50.5
6059,15147.5,605.9,100,50.5
6060,15150,606,100,50.5
6061,15152.5,606.1,100,50.5
6062,15155,606.2,100,50.5
6063,15157.5,606.3000000000001,100,50.5
6064,15160,606.4,100,50.5
6065,15162.5,606.5,100,50.5
6066,15165,606.6,100,50.5
6067,15167.5,606.7,100,50.5
6068,15170,606.8000000000001,100,50.5
6069,15172.5,606.9,100,50.5
6070,15175,607,100,50.5
6071,15177.5,607.1,100,50.5
6072,15180,607.2,100,50.5
6073,15182.5,607.3000000000001,100,50.5
6074,15185,607.4,100,50.5
6075,15187.5,607.5,100,50.5
6076,15190,607.6,100,50.5
6077,15192.5,607.7,100,50.5
6078,15195,607.8000000000001,100,50.5
6079,15197.5,607.9,100,50.5
6080,15200,608,100,50.5
6081,15202.5,608.1,100,50.5
6082,15205,608.2,100,50.5
6083,15207.5,608.3000000000001,100,50.5
6084,15210,608.4,100,50.5
6085,15212.5,608.5,100,50.5
6086,15215,608.6,100,50.5
6087,15217.5,608.7,100,50.5
6088,15220,608.8000000000001,100,50.5
6089,15222.5,608.9,100,50.5
6090,15225,609,100,50.5
6091,15227.5,609.1,100,50.5
6092,15230,609.2,100,50.5
6093,15232.5,609.3000000000001,100,50.5
6094,15235,609.4,100,50.5
6095,15237.5,609.5,100,50.5
6096,15240,609.6,100,50.5
6097,15242.5,609.7,100,50.5
6098,15245,609.8000000000001,100,50.5
6099,15247.5,609.9,100,50.5
6100,15250,610,100,50.5
6101,15252.5,610.1,100,50.5
6102,15255,610.2,100,50.5
6103,15257.5,610.3000000000001,100,50.5
6104,15260,610.4,100,50.5
6105,15262.5,610.5,100,50.5
6106,15265,610.6,100,50.5
6107,15267.5,610.7,100,50.5
6108,15270,610.8000000000001,100,50.5
6109,15272.5,610.9,100,50.5
6110,15275,611,100,50.5
6111,15277.5,611.1,100,50.5
6112,15280,611.2,100,50.5
6113,15282.5,611.3000000000001,100,50.5
6114,15285,611.4,100,50.5
6115,15287.5,611.5,100,50.5
6116,15290,611.6,100,50.5
6117,15292.5,611.7,100,50.5
6118,15295,611.8000000000001,100,50.5
6119,15297.5,611.9,100,50.5
6120,15300,612,100,50.5
6121,15302.5,612.1,100,50.5
6122,15305,612.2,100,50.5
6123,15307.5,612.3000000000001,100,50.5
6124,15310,612.4,100,50.5
6125,15312.5,612.5,100,50.5
6126,15315,612.6,100,50.5
6127,15317.5,612.7,100,50.5
6128,15320,612.8000000000001,100,50.5
6129,15322.5,612.9,100,50.5
6130,15325,613,100,50.5
6131,15327.5,613.1,100,50.5
6132,15330,613.2,100,50.5
6133,15332.5,613.3000000000001,100,50.5
6134,15335,613.4,100,50.5
6135,15337.5,613.5,100,50.5
6136,15340,613.6,100,50.5
6137,15342.5,613.7,100,50.5
6138,15345,613.8000000000001,100,50.5
6139,15347.5,613.9,100,50.5
6140,15350,614,100,50.5
6141,15352.5,614.1,100,50.5
6142,15355,614.2,100,50.5
6143,15357.5,614.3000000000001,100,50.5
6144,15360,614.4000000000001,100,50.5
6145,15362.5,614.5,100,50.5
6146,15365,614.6,100,50.5
6147,15367.5,614.7,100,50.5
6148,15370,614.8000000000001,100,50.5
6149,15372.5,614.9000000000001,100,50.5
6150,15375,615,100,50.5
6151,15377.5,615.1,100,50.5
6152,15380,615.2,100,50.5
6153,15382.5,615.3000000000001,100,50.5
6154,15385,615.4000000000001,100,50.5
6155,15387.5,615.5,100,50.5
6156,15390,615.6,100,50.5
6157,15392.5,615.7,100,50.5
6158,15395,615.8000000000001,100,50.5
6159,15397.5,615.9000000000001,100,50.5
6160,15400,616,100,50.5
6161,15402.5,616.1,100,50.5
6162,15405,616.2,100,50.5
6163,15407.5,616.3000000000001,100,50.5
6164,15410,616.4000000000001,100,50.5
6165,15412.5,616.5,100,50.5
6166,15415,616.6,100,50.5
6167,15417.5,616.7,100,50.5
6168,15420,616.8000000000001,100,50.5
6169,15422.5,616.9000000000001,100,50.5
6170,15425,617,100,50.5
6171,15427.5,617.1,100,50.5
6172,15430,617.2,100,50.5
6173,15432.5,617.3000000000001,100,50.5
6174,15435,617.4000000000001,100,50.5
6175,15437.5,617.5,100,50.5
6176,15440,617.6,100,50.5
6177,15442.5,617.7,100,50.5
6178,15445,617.8000000000001,100,50.5
6179,15447.5,617.9000000000001,100,50.5
6180,15450,618,100,50.5
6181,15452.5,618.1,100,50.5
6182,15455,618.2,100,50.5
6183,15457.5,618.3000000000001,100,50.5
6184,15460,618.4000000000001,100,50.5
6185,15462.5,618.5,100,50.5
6186,15465,618.6,100,50.5
6187,15467.5,618.7,100,50.5
6188,15470,618.8000000000001,100,50.5
6189,15472.5,618.9000000000001,100,50.5
6190,15475,619,100,50.5
6191,15477.5,619.1,100,50.5
6192,15480,619.2,100,50.5
6193,15482.5,619.3000000000001,100,50.5
6194,15485,619.4000000000001,100,50.5
6195,15487.5,619.5,100,50.5
6196,15490,619.6,100,50.5
6197,15492.5,619.7,100,50.5
6198,15495,619.8000000000001,100,50.5
6199,15497.5,619.9000000000001,100,50.5
6200,15500,620,100,50.5
6201,15502.5,620.1,100,50.5
6202,15505,620.2,100,50.5
6203,15507.5,620.3000000000001,100,50.5
6204,15510,620.4000000000001,100,50.5
6205,15512.5,620.5,100,50.5
6206,15515,620.6,100,50.5
6207,15517.5,620.7,100,50.5
6208,15520,620.8000000000001,100,50.5
6209,15522.5,620.9000000000001,100,50.5
6210,15525,621,100,50.5
6211,15527.5,621.1,100,50.5
6212,15530,621.2,100,50.5
6213,15532.5,621.3000000000001,100,50.5
6214,15535,621.4000000000001,100,50.5
6215,15537.5,621.5,100,50.5
6216,15540,621.6,100,50.5
6217,15542.5,621.7,100,50.5
6218,15545,621.8000000000001,100,50.5
6219,15547.5,621.9000000000001,100,50.5
6220,15550,622,100,50.5
6221,15552.5,622.1,100,50.5
6222,15555,622.2,100,50.5
6223,15557.5,622.3000000000001,100,50.5
6224,15560,622.4000000000001,100,50.5
6225,15562.5,622.5,100,50.5
6226,15565,622.6,100,50.5
6227,15567.5,622.7,100,50.5
6228,15570,622.8000000000001,100,50.5
6229,15572.5,622.9000000000001,100,50.5
6230,15575,623,100,50.5
6231,15577.5,623.1,100,50.5
6232,15580,623.2,100,50.5
6233,15582.5,623.3000000000001,100,50.5
6234,15585,623.4000000000001,100,50.5
6235,15587.5,623.5,100,50.5
6236,15590,623.6,100,50.5
6237,15592.5,623.7,100,50.5
6238,15595,623.8000000000001,100,50.5
6239,15597.5,623.9000000000001,100,50.5
6240,15600,624,100,50.5
6241,15602.5,624.1,100,50.5
6242,15605,624.2,100,50.5
6243,15607.5,624.3000000000001,100,50.5
6244,15610,624.4000000000001,100,50.5
6245,15612.5,624.5,100,50.5
6246,15615,624.6,100,50.5
6247,15617.5,624.7,100,50.5
6248,15620,624.8000000000001,100,50.5
6249,15622.5,624.9000000000001,100,50.5
6250,15625,625,100,50.5
6251,15627.5,625.1,100,50.5
6252,15630,625.2,100,50.5
6253,15632.5,625.3000000000001,100,50.5
6254,15635,625.4000000000001,100,50.5
6255,15637.5,625.5,100,50.5
6256,15640,625.6,100,50.5
6257,15642.5,625.7,100,50.5
6258,15645,625.8000000000001,100,50.5
6259,15647.5,625.9000000000001,100,50.5
6260,15650,626,100,50.5
6261,15652.5,626.1,100,50.5
6262,15655,626.2,100,50.5
6263,15657.5,626.3000000000001,100,50.5
6264,15660,626.4000000000001,100,50.5
6265,15662.5,626.5,100,50.5
6266,15665,626.6,100,50.5
6267,15667.5,626.7,100,50.5
6268,15670,626.8000000000001,100,50.5
6269,15672.5,626.9000000000001,100,50.5
6270,15675,627,100,50.5
6271,15677.5,627.1,100,50.5
6272,15680,627.2,100,50.5
6273,15682.5,627.3000000000001,100,50.5
6274,15685,627.4000000000001,100,50.5
6275,15687.5,627.5,100,50.5
6276,15690,627.6,100,50.5
6277,15692.5,627.7,100,50.5
6278,15695,627.8000000000001,100,50.5
6279,15697.5,627.9000000000001,100,50.5
6280,15700,628,100,50.5
6281,15702.5,628.1,100,50.5
6282,15705,628.2,100,50.5
6283,15707.5,628.3000000000001,100,50.5
6284,15710,628.4000000000001,100,50.5
6285,15712.5,628.5,100,50.5
6286,15715,628.6,100,50.5
6287,15717.5,628.7,100,50.5
6288,15720,628.8000000000001,100,50.5
6289,15722.5,628.9000000000001,100,50.5
6290,15725,629,100,50.5
6291,15727.5,629.1,100,50.5
6292,15730,629.2,100,50.5
6293,15732.5,629.3000000000001,100,50.5
6294,15735,629.4000000000001,100,50.5
6295,15737.5,629.5,100,50.5
6296,15740,629.6,100,50.5
6297,15742.5,629.7,100,50.5
6298,15745,629.8000000000001,100,50.5
6299,15747.5,629.9000000000001,100,50.5
6300,15750,630,100,50.5
6301,15752.5,630.1,100,50.5
6302,15755,630.2,100,50.5
6303,15757.5,630.3000000000001,100,50.5
6304,15760,630.4000000000001,100,50.5
6305,15762.5,630.5,100,50.5
6306,15765,630.6,100,50.5
6307,15767.5,630.7,100,50.5
6308,15770,630.8000000000001,100,50.5
6309,15772.5,630.9000000000001,100,50.5
6310,15775,631,100,50.5
6311,15777.5,631.1,100,50.5
6312,15780,631.2,100,50.5
6313,15782.5,631.3000000000001,100,50.5
6314,15785,631.4000000000001,100,50.5
6315,15787.5,631.5,100,50.5
6316,15790,631.6,100,50.5
6317,15792.5,631.7,100,50.5
6318,15795,631.8000000000001,100,50.5
6319,15797.5,631.9000000000001,100,50.5
6320,15800,632,100,50.5
6321,15802.5,632.1,100,50.5
6322,15805,632.2,100,50.5
6323,15807.5,632.3000000000001,100,50.5
6324,15810,632.4000000000001,100,50.5
6325,15812.5,632.5,100,50.5
6326,15815,632.6,100,50.5
6327,15817.5,632.7,100,50.5
6328,15820,632.8000000000001,100,50.5
6329,15822.5,632.9000000000001,100,50.5
6330,15825,633,100,50.5
6331,15827.5,633.1,100,50.5
6332,15830,633.2,100,50.5
6333,15832.5,633.3000000000001,100,50.5
6334,15835,633.4000000000001,100,50.5
6335,15837.5,633.5,100,50.5
6336,15840,633.6,100,50.5
6337,15842.5,633.7,100,50.5
6338,15845,633.8000000000001,100,50.5
6339,15847.5,633.9000000000001,100,50.5
6340,15850,634,100,50.5
6341,15852.5,634.1,100,50.5
6342,15855,634.2,100,50.5
6343,15857.5,634.3000000000001,100,50.5
6344,15860,634.4000000000001,100,50.5
6345,15862.5,634.5,100,50.5
6346,15865,634.6,100,50.5
6347,15867.5,634.7,100,50.5
6348,15870,634.8000000000001,100,50.5
6349,15872.5,634.9000000000001,100,50.5
6350,15875,635,100,50.5
6351,15877.5,635.1,100,50.5
6352,15880,635.2,100,50.5
6353,15882.5,635.3000000000001,100,50.5
6354,15885,635.4000000000001,100,50.5
6355,15887.5,635.5,100,50.5
6356,15890,635.6,100,50.5
6357,15892.5,635.7,100,50.5
6358,15895,635.8000000000001,100,50.5
6359,15897.5,635.9000000000001,100,50.5
6360,15900,636,100,50.5
6361,15902.5,636.1,100,50.5
6362,15905,636.2,100,50.5
6363,15907.5,636.3000000000001,100,50.5
6364,15910,636.4000000000001,100,50.5
6365,15912.5,636.5,100,50.5
6366,15915,636.6,100,50.5
6367,15917.5,636.7,100,50.5
6368,15920,636.8000000000001,100,50.5
6369,15922.5,636.9000000000001,100,50.5
6370,15925,637,100,50.5
6371,15927.5,637.1,100,50.5
6372,15930,637.2,100,50.5
6373,15932.5,637.3000000000001,100,50.5
6374,15935,637.4000000000001,100,50.5
6375,15937.5,637.5,100,50.5
6376,15940,637.6,100,50.5
6377,15942.5,637.7,100,50.5
6378,15945,637.8000000000001,100,50.5
6379,15947.5,637.9000000000001,100,50.5
6380,15950,638,100,50.5
6381,15952.5,638.1,100,50.5
6382,15955,638.2,100,50.5
6383,15957.5,638.3000000000001,100,50.5
6384,15960,638.4000000000001,100,50.5
6385,15962.5,638.5,100,50.5
6386,15965,638.6,100,50.5
6387,15967.5,638.7,100,50.5
6388,15970,638.8000000000001,100,50.5
6389,15972.5,638.9000000000001,100,50.5
6390,15975,639,100,50.5
6391,15977.5,639.1,100,50.5
6392,15980,639.2,100,50.5
6393,15982.5,639.3000000000001,100,50.5
6394,15985,639.4000000000001,100,50.5
6395,15987.5,639.5,100,50.5
6396,15990,639.6,100,50.5
6397,15992.5,639.7,100,50.5
6398,15995,639.8000000000001,100,50.5
6399,15997.5,639.9000000000001,100,50.5
6400,16000,640,100,50.5
6401,16002.5,640.1,100,50.5
6402,16005,640.2,100,50.5
6403,16007.5,640.3000000000001,100,50.5
6404,16010,640.4000000000001,100,50.5
6405,16012.5,640.5,100,50.5
6406,16015,640.6,100,50.5
6407,16017.5,640.7,100,50.5
6408,16020,640.8000000000001,100,50.5
6409,16022.5,640.9000000000001,100,50.5
6410,16025,641,100,50.5
6411,16027.5,641.1,100,50.5
6412,16030,641.2,100,50.5
6413,16032.5,641.3000000000001,100,50.5
6414,16035,641.4000000000001,100,50.5
6415,16037.5,641.5,100,50.5
6416,16040,641.6,100,50.5
6417,16042.5,641.7,100,50.5
6418,16045,641.8000000000001,100,50.5
6419,16047.5,641.9000000000001,100,50.5
6420,16050,642,100,50.5
6421,16052.5,642.1,100,50.5
6422,16055,642.2,100,50.5
6423,16057.5,642.3000000000001,100,50.5
6424,16060,642.4000000000001,100,50.5
6425,16062.5,642.5,100,50.5
6426,16065,642.6,100,50.5
6427,16067.5,642.7,100,50.5
6428,16070,642.8000000000001,100,50.5
6429,16072.5,642.9000000000001,100,50.5
6430,16075,643,100,50.5
6431,16077.5,643.1,100,50.5
6432,16080,643.2,100,50.5
6433,16082.5,643.3000000000001,100,50.5
6434,16085,643.4000000000001,100,50.5
6435,16087.5,643.5,100,50.5
6436,16090,643.6,100,50.5
6437,16092.5,643.7,100,50.5
6438,16095,643.8000000000001,100,50.5
6439,16097.5,643.9000000000001,100,50.5
6440,16100,644,100,50.5
6441,16102.5,644.1,100,50.5
6442,16105,644.2,100,50.5
6443,16107.5,644.3000000000001,100,50.5
6444,16110,644.4000000000001,100,50.5
6445,16112.5,644.5,100,50.5
6446,16115,644.6,100,50.5
6447,16117.5,644.7,100,50.5
6448,16120,644.8000000000001,100,50.5
6449,16122.5,644.9000000000001,100,50.5
6450,16125,645,100,50.5
6451,16127.5,645.1,100,50.5
6452,16130,645.2,100,50.5
6453,16132.5,645.3000000000001,100,50.5
6454,16135,645.4000000000001,100,50.5
6455,16137.5,645.5,100,50.5
6456,16140,645.6,100,50.5
6457,16142.5,645.7,100,50.5
6458,16145,645.8000000000001,100,50.5
6459,16147.5,645.9000000000001,100,50.5
6460,16150,646,100,50.5
6461,16152.5,646.1,100,50.5
6462,16155,646.2,100,50.5
6463,16157.5,646.3000000000001,100,50.5
6464,16160,646.4000000000001,100,50.5
6465,16162.5,646.5,100,50.5
6466,16165,646.6,100,50.5
6467,16167.5,646.7,100,50.5
6468,16170,646.8000000000001,100,50.5
6469,16172.5,646.9000000000001,100,50.5
6470,16175,647,100,50.5
6471,16177.5,647.1,100,50.5
6472,16180,647.2,100,50.5
6473,16182.5,647.3000000000001,100,50.5
6474,16185,647.4000000000001,100,50.5
6475,16187.5,647.5,100,50.5
6476,16190,647.6,100,50.5
6477,16192.5,647.7,100,50.5
6478,16195,647.8000000000001,100,50.5
6479,16197.5,647.9000000000001,100,50.5
6480,16200,648,100,50.5
6481,16202.5,648.1,100,50.5
6482,16205,648.2,100,50.5
6483,16207.5,648.3000000000001,100,50.5
6484,16210,648.4000000000001,100,50.5
6485,16212.5,648.5,100,50.5
6486,16215,648.6,100,50.5
6487,16217.5,648.7,100,50.5
6488,16220,648.8000000000001,100,50.5
6489,16222.5,648.9000000000001,100,50.5
6490,16225,649,100,50.5
6491,16227.5,649.1,100,50.5
6492,16230,649.2,100,50.5
6493,16232.5,649.3000000000001,100,50.5
6494,16235,649.4000000000001,100,50.5
6495,16237.5,649.5,100,50.5
6496,16240,649.6,100,50.5
6497,16242.5,649.7,100,50.5
6498,16245,649.8000000000001,100,50.5
6499,16247.5,649.9000000000001,100,50.5
6500,16250,650,100,50.5
6501,16252.5,650.1,100,50.5
6502,16255,650.2,100,50.5
6503,16257.5,650.3000000000001,100,50.5
6504,16260,650.4000000000001,100,50.5
6505,16262.5,650.5,100,50.5
6506,16265,650.6,100,50.5
6507,16267.5,650.7,100,50.5
6508,16270,650.8000000000001,100,50.5
6509,16272.5,650.9000000000001,100,50.5
6510,16275,651,100,50.5
6511,16277.5,651.1,100,50.5
6512,16280,651.2,100,50.5
6513,16282.5,651.3000000000001,100,50.5
6514,16285,651.4000000000001,100,50.5
6515,16287.5,651.5,100,50.5
6516,16290,651.6,100,50.5
6517,16292.5,651.7,100,50.5
6518,16295,651.8000000000001,100,50.5
6519,16297.5,651.9000000000001,100,50.5
6520,16300,652,100,50.5
6521,16302.5,652.1,100,50.5
6522,16305,652.2,100,50.5
6523,16307.5,652.3000000000001,100,50.5
6524,16310,652.4000000000001,100,50.5
6525,16312.5,652.5,100,50.5
6526,16315,652.6,100,50.5
6527,16317.5,652.7,100,50.5
6528,16320,652.8000000000001,100,50.5
6529,16322.5,652.9000000000001,100,50.5
6530,16325,653,100,50.5
6531,16327.5,653.1,100,50.5
6532,16330,653.2,100,50.5
6533,16332.5,653.3000000000001,100,50.5
6534,16335,653.4000000000001,100,50.5
6535,16337.5,653.5,100,50.5
6536,16340,653.6,100,50.5
6537,16342.5,653.7,100,50.5
6538,16345,653.8000000000001,100,50.5
6539,16347.5,653.9000000000001,100,50.5
6540,16350,654,100,50.5
6541,16352.5,654.1,100,50.5
6542,16355,654.2,100,50.5
6543,16357.5,654.3000000000001,100,50.5
6544,16360,654.4000000000001,100,50.5
6545,16362.5,654.5,100,50.5
6546,16365,654.6,100,50.5
6547,16367.5,654.7,100,50.5
6548,16370,654.8000000000001,100,50.5
6549,16372.5,654.9000000000001,100,50.5
6550,16375,655,100,50.5
6551,16377.5,655.1,100,50.5
6552,16380,655.2,100,50.5
6553,16382.5,655.3000000000001,100,50.5
6554,16385,655.4000000000001,100,50.5
6555,16387.5,655.5,100,50.5
6556,16390,655.6,100,50.5
6557,16392.5,655.7,100,50.5
6558,16395,655.8000000000001,100,50.5
6559,16397.5,655.9000000000001,100,50.5
6560,16400,656,100,50.5
6561,16402.5,656.1,100,50.5
6562,16405,656.2,100,50.5
6563,16407.5,656.3000000000001,100,50.5
6564,16410,656.4000000000001,100,50.5
6565,16412.5,656.5,100,50.5
6566,16415,656.6,100,50.5
6567,16417.5,656.7,100,50.5
6568,16420,656.8000000000001,100,50.5
6569,16422.5,656.9000000000001,100,50.5
6570,16425,657,100,50.5
6571,16427.5,657.1,100,50.5
6572,16430,657.2,100,50.5
6573,16432.5,657.3000000000001,100,50.5
6574,16435,657.4000000000001,100,50.5
6575,16437.5,657.5,100,50.5
6576,16440,657.6,100,50.5
6577,16442.5,657.7,100,50.5
6578,16445,657.8000000000001,100,50.5
6579,16447.5,657.9000000000001,100,50.5
6580,16450,658,100,50.5
6581,16452.5,658.1,100,50.5
6582,16455,658.2,100,50.5
6583,16457.5,658.3000000000001,100,50.5
6584,16460,658.4000000000001,100,50.5
6585,16462.5,658.5,100,50.5
6586,16465,658.6,100,50.5
6587,16467.5,658.7,100,50.5
6588,16470,658.8000000000001,100,50.5
6589,16472.5,658.9000000000001,100,50.5
6590,16475,659,100,50.5
6591,16477.5,659.1,100,50.5
6592,16480,659.2,100,50.5
6593,16482.5,659.3000000000001,100,50.5
6594,16485,659.4000000000001,100,50.5
6595,16487.5,659.5,100,50.5
6596,16490,659.6,100,50.5
6597,16492.5,659.7,100,50.5
6598,16495,659.8000000000001,100,50.5
6599,16497.5,659.9000000000001,100,50.5
6600,16500,660,100,50.5
6601,16502.5,660.1,100,50.5
6602,16505,660.2,100,50.5
6603,16507.5,660.3000000000001,100,50.5
6604,16510,660.4000000000001,100,50.5
6605,16512.5,660.5,100,50.5
6606,16515,660.6,100,50.5
6607,16517.5,660.7,100,50.5
6608,16520,660.8000000000001,100,50.5
6609,16522.5,660.9000000000001,100,50.5
6610,16525,661,100,50.5
6611,16527.5,661.1,100,50.5
6612,16530,661.2,100,50.5
6613,16532.5,661.3000000000001,100,50.5
6614,16535,661.4000000000001,100,50.5
6615,16537.5,661.5,100,50.5
6616,16540,661.6,100,50.5
6617,16542.5,661.7,100,50.5
6618,16545,661.8000000000001,100,50.5
6619,16547.5,661.9000000000001,100,50.5
6620,16550,662,100,50.5
6621,16552.5,662.1,100,50.5
6622,16555,662.2,100,50.5
6623,16557.5,662.3000000000001,100,50.5
6624,16560,662.4000000000001,100,50.5
6625,16562.5,662.5,100,50.5
6626,16565,662.6,100,50.5
6627,16567.5,662.7,100,50.5
6628,16570,662.8000000000001,100,50.5
6629,16572.5,662.9000000000001,100,50.5
6630,16575,663,100,50.5
6631,16577.5,663.1,100,50.5
6632,16580,663.2,100,50.5
6633,16582.5,663.3000000000001,100,50.5
6634,16585,663.4000000000001,100,50.5
6635,16587.5,663.5,100,50.5
6636,16590,663.6,100,50.5
6637,16592.5,663.7,100,50.5
6638,16595,663.8000000000001,100,50.5
6639,16597.5,663.9000000000001,100,50.5
6640,16600,664,100,50.5
6641,16602.5,664.1,100,50.5
6642,16605,664.2,100,50.5
6643,16607.5,664.3000000000001,100,50.5
6644,16610,664.4000000000001,100,50.5
6645,16612.5,664.5,100,50.5
6646,16615,664.6,100,50.5
6647,16617.5,664.7,100,50.5
6648,16620,664.8000000000001,100,50.5
6649,16622.5,664.9000000000001,100,50.5
6650,16625,665,100,50.5
6651,16627.5,665.1,100,50.5
6652,16630,665.2,100,50.5
6653,16632.5,665.3000000000001,100,50.5
6654,16635,665.4000000000001,100,50.5
6655,16637.5,665.5,100,50.5
6656,16640,665.6,100,50.5
6657,16642.5,665.7,100,50.5
6658,16645,665.8000000000001,100,50.5
6659,16647.5,665.9000000000001,100,50.5
6660,16650,666,100,50.5
6661,16652.5,666.1,100,50.5
6662,16655,666.2,100,50.5
6663,16657.5,666.3000000000001,100,50.5
6664,16660,666.4000000000001,100,50.5
6665,16662.5,666.5,100,50.5
6666,16665,666.6,100,50.5
6667,16667.5,666.7,100,50.5
6668,16670,666.8000000000001,100,50.5
6669,16672.5,666.9000000000001,100,50.5
6670,16675,667,100,50.5
6671,16677.5,667.1,100,50.5
6672,16680,667.2,100,50.5
6673,16682.5,667.3000000000001,100,50.5
6674,16685,667.4000000000001,100,50.5
6675,16687.5,667.5,100,50.5
6676,16690,667.6,100,50.5
6677,16692.5,667.7,100,50.5
6678,16695,667.8000000000001,100,50.5
6679,16697.5,667.9000000000001,100,50.5
6680,16700,668,100,50.5
6681,16702.5,668.1,100,50.5
6682,16705,668.2,100,50.5
6683,16707.5,668.3000000000001,100,50.5
6684,16710,668.4000000000001,100,50.5
6685,16712.5,668.5,100,50.5
6686,16715,668.6,100,50.5
6687,16717.5,668.7,100,50.5
6688,16720,668.8000000000001,100,50.5
6689,16722.5,668.9000000000001,100,50.5
6690,16725,669,100,50.5
6691,16727.5,669.1,100,50.5
6692,16730,669.2,100,50.5
6693,16732.5,669.3000000000001,100,50.5
6694,16735,669.4000000000001,100,50.5
6695,16737.5,669.5,100,50.5
6696,16740,669.6,100,50.5
6697,16742.5,669.7,100,50.5
6698,16745,669.8000000000001,100,50.5
6699,16747.5,669.9000000000001,100,50.5
6700,16750,670,100,50.5
6701,16752.5,670.1,100,50.5
6702,16755,670.2,100,50.5
6703,16757.5,670.3000000000001,100,50.5
6704,16760,670.4000000000001,100,50.5
6705,16762.5,670.5,100,50.5
6706,16765,670.6,100,50.5
6707,16767.5,670.7,100,50.5
6708,16770,670.8000000000001,100,50.5
6709,16772.5,670.9000000000001,100,50.5
6710,16775,671,100,50.5
6711,16777.5,671.1,100,50.5
6712,16780,671.2,100,50.5
6713,16782.5,671.3000000000001,100,50.5
6714,16785,671.4000000000001,100,50.5
6715,16787.5,671.5,100,50.5
6716,16790,671.6,100,50.5
6717,16792.5,671.7,100,50.5
6718,16795,671.8000000000001,100,50.5
6719,16797.5,671.9000000000001,100,50.5
6720,16800,672,100,50.5
6721,16802.5,672.1,100,50.5
6722,16805,672.2,100,50.5
6723,16807.5,672.3000000000001,100,50.5
6724,16810,672.4000000000001,100,50.5
6725,16812.5,672.5,100,50.5
6726,16815,672.6,100,50.5
6727,16817.5,672.7,100,50.5
6728,16820,672.8000000000001,100,50.5
6729,16822.5,672.9000000000001,100,50.5
6730,16825,673,100,50.5
6731,16827.5,673.1,100,50.5
6732,16830,673.2,100,50.5
6733,16832.5,673.3000000000001,100,50.5
6734,16835,673.4000000000001,100,50.5
6735,16837.5,673.5,100,50.5
6736,16840,673.6,100,50.5
6737,16842.5,673.7,100,50.5
6738,16845,673.8000000000001,100,50.5
6739,16847.5,673.9000000000001,100,50.5
6740,16850,674,100,50.5
6741,16852.5,674.1,100,50.5
6742,16855,674.2,100,50.5
6743,16857.5,674.3000000000001,100,50.5
6744,16860,674.4000000000001,100,50.5
6745,16862.5,674.5,100,50.5
6746,16865,674.6,100,50.5
6747,16867.5,674.7,100,50.5
6748,16870,674.8000000000001,100,50.5
6749,16872.5,674.9000000000001,100,50.5
6750,16875,675,100,50.5
6751,16877.5,675.1,100,50.5
6752,16880,675.2,100,50.5
6753,16882.5,675.3000000000001,100,50.5
6754,16885,675.4000000000001,100,50.5
6755,16887.5,675.5,100,50.5
6756,16890,675.6,100,50.5
6757,16892.5,675.7,100,50.5
6758,16895,675.8000000000001,100,50.5
6759,16897.5,675.9000000000001,100,50.5
6760,16900,676,100,50.5
6761,16902.5,676.1,100,50.5
6762,16905,676.2,100,50.5
6763,16907.5,676.3000000000001,100,50.5
6764,16910,676.4000000000001,100,50.5
6765,16912.5,676.5,100,50.5
6766,16915,676.6,100,50.5
6767,16917.5,676.7,100,50.5
6768,16920,676.8000000000001,100,50.5
6769,16922.5,676.9000000000001,100,50.5
6770,16925,677,100,50.5
6771,16927.5,677.1,100,50.5
6772,16930,677.2,100,50.5
6773,16932.5,677.3000000000001,100,50.5
6774,16935,677.4000000000001,100,50.5
6775,16937.5,677.5,100,50.5
6776,16940,677.6,100,50.5
6777,16942.5,677.7,100,50.5
6778,16945,677.8000000000001,100,50.5
6779,16947.5,677.9000000000001,100,50.5
6780,16950,678,100,50.5
6781,16952.5,678.1,100,50.5
6782,16955,678.2,100,50.5
6783,16957.5,678.3000000000001,100,50.5
6784,16960,678.4000000000001,100,50.5
6785,16962.5,678.5,100,50.5
6786,16965,678.6,100,50.5
6787,16967.5,678.7,100,50.5
6788,16970,678.8000000000001,100,50.5
6789,16972.5,678.9000000000001,100,50.5
6790,16975,679,100,50.5
6791,16977.5,679.1,100,50.5
6792,16980,679.2,100,50.5
6793,16982.5,679.3000000000001,100,50.5
6794,16985,679.4000000000001,100,50.5
6795,16987.5,679.5,100,50.5
6796,16990,679.6,100,50.5
6797,16992.5,679.7,100,50.5
6798,16995,679.8000000000001,100,50.5
6799,16997.5,679.9000000000001,100,50.5
6800,17000,680,100,50.5
6801,17002.5,680.1,100,50.5
6802,17005,680.2,100,50.5
6803,17007.5,680.3000000000001,100,50.5
6804,17010,680.4000000000001,100,50.5
6805,17012.5,680.5,100,50.5
6806,17015,680.6,100,50.5
6807,17017.5,680.7,100,50.5
6808,17020,680.8000000000001,100,50.5
6809,17022.5,680.9000000000001,100,50.5
6810,17025,681,100,50.5
6811,17027.5,681.1,100,50.5
6812,17030,681.2,100,50.5
6813,17032.5,681.3000000000001,100,50.5
6814,17035,681.4000000000001,100,50.5
6815,17037.5,681.5,100,50.5
6816,17040,681.6,100,50.5
6817,17042.5,681.7,100,50.5
6818,17045,681.8000000000001,100,50.5
6819,17047.5,681.9000000000001,100,50.5
6820,17050,682,100,50.5
6821,17052.5,682.1,100,50.5
6822,17055,682.2,100,50.5
6823,17057.5,682.3000000000001,100,50.5
6824,17060,682.4000000000001,100,50.5
6825,17062.5,682.5,100,50.5
6826,17065,682.6,100,50.5
6827,17067.5,682.7,100,50.5
6828,17070,682.8000000000001,100,50.5
6829,17072.5,682.9000000000001,100,50.5
6830,17075,683,100,50.5
6831,17077.5,683.1,100,50.5
6832,17080,683.2,100,50.5
6833,17082.5,683.3000000000001,100,50.5
6834,17085,683.4000000000001,100,50.5
6835,17087.5,683.5,100,50.5
6836,17090,683.6,100,50.5
6837,17092.5,683.7,100,50.5
6838,17095,683.8000000000001,100,50.5
6839,17097.5,683.9000000000001,100,50.5
6840,17100,684,100,50.5
6841,17102.5,684.1,100,50.5
6842,17105,684.2,100,50.5
6843,17107.5,684.3000000000001,100,50.5
6844,17110,684.4000000000001,100,50.5
6845,17112.5,684.5,100,50.5
6846,17115,684.6,100,50.5
6847,17117.5,684.7,100,50.5
6848,17120,684.8000000000001,100,50.5
6849,17122.5,684.9000000000001,100,50.5
6850,17125,685,100,50.5
6851,17127.5,685.1,100,50.5
6852,17130,685.2,100,50.5
6853,17132.5,685.3000000000001,100,50.5
6854,17135,685.4000000000001,100,50.5
6855,17137.5,685.5,100,50.5
6856,17140,685.6,100,50.5
6857,17142.5,685.7,100,50.5
6858,17145,685.8000000000001,100,50.5
6859,17147.5,685.9000000000001,100,50.5
6860,17150,686,100,50.5
6861,17152.5,686.1,100,50.5
6862,17155,686.2,100,50.5
6863,17157.5,686.3000000000001,100,50.5
6864,17160,686.4000000000001,100,50.5
6865,17162.5,686.5,100,50.5
6866,17165,686.6,100,50.5
6867,17167.5,686.7,100,50.5
6868,17170,686.8000000000001,100,50.5
6869,17172.5,686.9000000000001,100,50.5
6870,17175,687,100,50.5
6871,17177.5,687.1,100,50.5
6872,17180,687.2,100,50.5
6873,17182.5,687.3000000000001,100,50.5
6874,17185,687.4000000000001,100,50.5
6875,17187.5,687.5,100,50.5
6876,17190,687.6,100,50.5
6877,17192.5,687.7,100,50.5
6878,17195,687.8000000000001,100,50.5
6879,17197.5,687.9000000000001,100,50.5
6880,17200,688,100,50.5
6881,17202.5,688.1,100,50.5
6882,17205,688.2,100,50.5
6883,17207.5,688.3000000000001,100,50.5
6884,17210,688.4000000000001,100,50.5
6885,17212.5,688.5,100,50.5
6886,17215,688.6,100,50.5
6887,17217.5,688.7,100,50.5
6888,17220,688.8000000000001,100,50.5
6889,17222.5,688.9000000000001,100,50.5
6890,17225,689,100,50.5
6891,17227.5,689.1,100,50.5
6892,17230,689.2,100,50.5
6893,17232.5,689.3000000000001,100,50.5
6894,17235,689.4000000000001,100,50.5
6895,17237.5,689.5,100,50.5
6896,17240,689.6,100,50.5
6897,17242.5,689.7,100,50.5
6898,17245,689.8000000000001,100,50.5
6899,17247.5,689.9000000000001,100,50.5
6900,17250,690,100,50.5
6901,17252.5,690.1,100,50.5
6902,17255,690.2,100,50.5
6903,17257.5,690.3000000000001,100,50.5
6904,17260,690.4000000000001,100,50.5
6905,17262.5,690.5,100,50.5
6906,17265,690.6,100,50.5
6907,17267.5,690.7,100,50.5
6908,17270,690.8000000000001,100,50.5
6909,17272.5,690.9000000000001,100,50.5
6910,17275,691,100,50.5
6911,17277.5,691.1,100,50.5
6912,17280,691.2,100,50.5
6913,17282.5,691.3000000000001,100,50.5
6914,17285,691.4000000000001,100,50.5
6915,17287.5,691.5,100,50.5
6916,17290,691.6,100,50.5
6917,17292.5,691.7,100,50.5
6918,17295,691.8000000000001,100,50.5
6919,17297.5,691.9000000000001,100,50.5
6920,17300,692,100,50.5
6921,17302.5,692.1,100,50.5
6922,17305,692.2,100,50.5
6923,17307.5,692.3000000000001,100,50.5
6924,17310,692.4000000000001,100,50.5
6925,17312.5,692.5,100,50.5
6926,17315,692.6,100,50.5
6927,17317.5,692.7,100,50.5
6928,17320,692.8000000000001,100,50.5
6929,17322.5,692.9000000000001,100,50.5
6930,17325,693,100,50.5
6931,17327.5,693.1,100,50.5
6932,17330,693.2,100,50.5
6933,17332.5,693.3000000000001,100,50.5
6934,17335,693.4000000000001,100,50.5
6935,17337.5,693.5,100,50.5
6936,17340,693.6,100,50.5
6937,17342.5,693.7,100,50.5
6938,17345,693.8000000000001,100,50.5
6939,17347.5,693.9000000000001,100,50.5
6940,17350,694,100,50.5
6941,17352.5,694.1,100,50.5
6942,17355,694.2,100,50.5
6943,17357.5,694.3000000000001,100,50.5
6944,17360,694.4000000000001,100,50.5
6945,17362.5,694.5,100,50.5
6946,17365,694.6,100,50.5
6947,17367.5,694.7,100,50.5
6948,17370,694.8000000000001,100,50.5
6949,17372.5,694.9000000000001,100,50.5
6950,17375,695,100,50.5
6951,17377.5,695.1,100,50.5
6952,17380,695.2,100,50.5
6953,17382.5,695.3000000000001,100,50.5
6954,17385,695.4000000000001,100,50.5
6955,17387.5,695.5,100,50.5
6956,17390,695.6,100,50.5
6957,17392.5,695.7,100,50.5
6958,17395,695.8000000000001,100,50.5
6959,17397.5,695.9000000000001,100,50.5
6960,17400,696,100,50.5
6961,17402.5,696.1,100,50.5
6962,17405,696.2,100,50.5
6963,17407.5,696.3000000000001,100,50.5
6964,17410,696.4000000000001,100,50.5
6965,17412.5,696.5,100,50.5
6966,17415,696.6,100,50.5
6967,17417.5,696.7,100,50.5
6968,17420,696.8000000000001,100,50.5
6969,17422.5,696.9000000000001,100,50.5
6970,17425,697,100,50.5
6971,17427.5,697.1,100,50.5
6972,17430,697.2,100,50.5
6973,17432.5,697.3000000000001,100,50.5
6974,17435,697.4000000000001,100,50.5
6975,17437.5,697.5,100,50.5
6976,17440,697.6,100,50.5
6977,17442.5,697.7,100,50.5
6978,17445,697.8000000000001,100,50.5
6979,17447.5,697.9000000000001,100,50.5
6980,17450,698,100,50.5
6981,17452.5,698.1,100,50.5
6982,17455,698.2,100,50.5
6983,17457.5,698.3000000000001,100,50.5
6984,17460,698.4000000000001,100,50.5
6985,17462.5,698.5,100,50.5
6986,17465,698.6,100,50.5
6987,17467.5,698.7,100,50.5
6988,17470,698.8000000000001,100,50.5
6989,17472.5,698.9000000000001,100,50.5
6990,17475,699,100,50.5
6991,17477.5,699.1,100,50.5
6992,17480,699.2,100,50.5
6993,17482.5,699.3000000000001,100,50.5
6994,17485,699.4000000000001,100,50.5
6995,17487.5,699.5,100,50.5
6996,17490,699.6,100,50.5
6997,17492.5,699.7,100,50.5
6998,17495,699.8000000000001,100,50.5
6999,17497.5,699.9000000000001,100,50.5
7000,17500,700,100,50.5
7001,17502.5,700.1,100,50.5
7002,17505,700.2,100,50.5
7003,17507.5,700.3000000000001,100,50.5
7004,17510,700.4000000000001,100,50.5
7005,17512.5,700.5,100,50.5
7006,17515,700.6,100,50.5
7007,17517.5,700.7,100,50.5
7008,17520,700.8000000000001,100,50.5
7009,17522.5,700.9000000000001,100,50.5
7010,17525,701,100,50.5
7011,17527.5,701.1,100,50.5
7012,17530,701.2,100,50.5
7013,17532.5,701.3000000000001,100,50.5
7014,17535,701.4000000000001,100,50.5
7015,17537.5,701.5,100,50.5
7016,17540,701.6,100,50.5
7017,17542.5,701.7,100,50.5
7018,17545,701.8000000000001,100,50.5
7019,17547.5,701.9000000000001,100,50.5
7020,17550,702,100,50.5
7021,17552.5,702.1,100,50.5
7022,17555,702.2,100,50.5
7023,17557.5,702.3000000000001,100,50.5
7024,17560,702.4000000000001,100,50.5
7025,17562.5,702.5,100,50.5
7026,17565,702.6,100,50.5
7027,17567.5,702.7,100,50.5
7028,17570,702.8000000000001,100,50.5
7029,17572.5,702.9000000000001,100,50.5
7030,17575,703,100,50.5
7031,17577.5,703.1,100,50.5
7032,17580,703.2,100,50.5
7033,17582.5,703.3000000000001,100,50.5
7034,17585,703.4000000000001,100,50.5
7035,17587.5,703.5,100,50.5
7036,17590,703.6,100,50.5
7037,17592.5,703.7,100,50.5
7038,17595,703.8000000000001,100,50.5
7039,17597.5,703.9000000000001,100,50.5
7040,17600,704,100,50.5
7041,17602.5,704.1,100,50.5
7042,17605,704.2,100,50.5
7043,17607.5,704.3000000000001,100,50.5
7044,17610,704.4000000000001,100,50.5
7045,17612.5,704.5,100,50.5
7046,17615,704.6,100,50.5
7047,17617.5,704.7,100,50.5
7048,17620,704.8000000000001,100,50.5
7049,17622.5,704.9000000000001,100,50.5
7050,17625,705,100,50.5
7051,17627.5,705.1,100,50.5
7052,17630,705.2,100,50.5
7053,17632.5,705.3000000000001,100,50.5
7054,17635,705.4000000000001,100,50.5
7055,17637.5,705.5,100,50.5
7056,17640,705.6,100,50.5
7057,17642.5,705.7,100,50.5
7058,17645,705.8000000000001,100,50.5
7059,17647.5,705.9000000000001,100,50.5
7060,17650,706,100,50.5
7061,17652.5,706.1,100,50.5
7062,17655,706.2,100,50.5
7063,17657.5,706.3000000000001,100,50.5
7064,17660,706.4000000000001,100,50.5
7065,17662.5,706.5,100,50.5
7066,17665,706.6,100,50.5
7067,17667.5,706.7,100,50.5
7068,17670,706.8000000000001,100,50.5
7069,17672.5,706.9000000000001,100,50.5
7070,17675,707,100,50.5
7071,17677.5,707.1,100,50.5
7072,17680,707.2,100,50.5
7073,17682.5,707.3000000000001,100,50.5
7074,17685,707.4000000000001,100,50.5
7075,17687.5,707.5,100,50.5
7076,17690,707.6,100,50.5
7077,17692.5,707.7,100,50.5
7078,17695,707.8000000000001,100,50.5
7079,17697.5,707.9000000000001,100,50.5
7080,17700,708,100,50.5
7081,17702.5,708.1,100,50.5
7082,17705,708.2,100,50.5
7083,17707.5,708.3000000000001,100,50.5
7084,17710,708.4000000000001,100,50.5
7085,17712.5,708.5,100,50.5
7086,17715,708.6,100,50.5
7087,17717.5,708.7,100,50.5
7088,17720,708.8000000000001,100,50.5
7089,17722.5,708.9000000000001,100,50.5
7090,17725,709,100,50.5
7091,17727.5,709.1,100,50.5
7092,17730,709.2,100,50.5
7093,17732.5,709.3000000000001,100,50.5
7094,17735,709.4000000000001,100,50.5
7095,17737.5,709.5,100,50.5
7096,17740,709.6,100,50.5
7097,17742.5,709.7,100,50.5
7098,17745,709.8000000000001,100,50.5
7099,17747.5,709.9000000000001,100,50.5
7100,17750,710,100,50.5
7101,17752.5,710.1,100,50.5
7102,17755,710.2,100,50.5
7103,17757.5,710.3000000000001,100,50.5
7104,17760,710.4000000000001,100,50.5
7105,17762.5,710.5,100,50.5
7106,17765,710.6,100,50.5
7107,17767.5,710.7,100,50.5
7108,17770,710.8000000000001,100,50.5
7109,17772.5,710.9000000000001,100,50.5
7110,17775,711,100,50.5
7111,17777.5,711.1,100,50.5
7112,17780,711.2,100,50.5
7113,17782.5,711.3000000000001,100,50.5
7114,17785,711.4000000000001,100,50.5
7115,17787.5,711.5,100,50.5
7116,17790,711.6,100,50.5
7117,17792.5,711.7,100,50.5
7118,17795,711.8000000000001,100,50.5
7119,17797.5,711.9000000000001,100,50.5
7120,17800,712,100,50.5
7121,17802.5,712.1,100,50.5
7122,17805,712.2,100,50.5
7123,17807.5,712.3000000000001,100,50.5
7124,17810,712.4000000000001,100,50.5
7125,17812.5,712.5,100,50.5
7126,17815,712.6,100,50.5
7127,17817.5,712.7,100,50.5
7128,17820,712.8000000000001,100,50.5
7129,17822.5,712.9000000000001,100,50.5
7130,17825,713,100,50.5
7131,17827.5,713.1,100,50.5
7132,17830,713.2,100,50.5
7133,17832.5,713.3000000000001,100,50.5
7134,17835,713.4000000000001,100,50.5
7135,17837.5,713.5,100,50.5
7136,17840,713.6,100,50.5
7137,17842.5,713.7,100,50.5
7138,17845,713.8000000000001,100,50.5
7139,17847.5,713.9000000000001,100,50.5
7140,17850,714,100,50.5
7141,17852.5,714.1,100,50.5
7142,17855,714.2,100,50.5
7143,17857.5,714.3000000000001,100,50.5
7144,17860,714.4000000000001,100,50.5
7145,17862.5,714.5,100,50.5
7146,17865,714.6,100,50.5
7147,17867.5,714.7,100,50.5
7148,17870,714.8000000000001,100,50.5
7149,17872.5,714.9000000000001,100,50.5
7150,17875,715,100,50.5
7151,17877.5,715.1,100,50.5
7152,17880,715.2,100,50.5
7153,17882.5,715.3000000000001,100,50.5
7154,17885,715.4000000000001,100,50.5
7155,17887.5,715.5,100,50.5
7156,17890,715.6,100,50.5
7157,17892.5,715.7,100,50.5
7158,17895,715.8000000000001,100,50.5
7159,17897.5,715.9000000000001,100,50.5
7160,17900,716,100,50.5
7161,17902.5,716.1,100,50.5
7162,17905,716.2,100,50.5
7163,17907.5,716.3000000000001,100,50.5
7164,17910,716.4000000000001,100,50.5
7165,17912.5,716.5,100,50.5
7166,17915,716.6,100,50.5
7167,17917.5,716.7,100,50.5
7168,17920,716.8000000000001,100,50.5
7169,17922.5,716.9000000000001,100,50.5
7170,17925,717,100,50.5
7171,17927.5,717.1,100,50.5
7172,17930,717.2,100,50.5
7173,17932.5,717.3000000000001,100,50.5
7174,17935,717.4000000000001,100,50.5
7175,17937.5,717.5,100,50.5
7176,17940,717.6,100,50.5
7177,17942.5,717.7,100,50.5
7178,17945,717.8000000000001,100,50.5
7179,17947.5,717.9000000000001,100,50.5
7180,17950,718,100,50.5
7181,17952.5,718.1,100,50.5
7182,17955,718.2,100,50.5
7183,17957.5,718.3000000000001,100,50.5
7184,17960,718.4000000000001,100,50.5
7185,17962.5,718.5,100,50.5
7186,17965,718.6,100,50.5
7187,17967.5,718.7,100,50.5
7188,17970,718.8000000000001,100,50.5
7189,17972.5,718.9000000000001,100,50.5
7190,17975,719,100,50.5
7191,17977.5,719.1,100,50.5
7192,17980,719.2,100,50.5
7193,17982.5,719.3000000000001,100,50.5
7194,17985,719.4000000000001,100,50.5
7195,17987.5,719.5,100,50.5
7196,17990,719.6,100,50.5
7197,17992.5,719.7,100,50.5
7198,17995,719.8000000000001,100,50.5
7199,17997.5,719.9000000000001,100,50.5
7200,18000,720,100,50.5
7201,18002.5,720.1,100,50.5
7202,18005,720.2,100,50.5
7203,18007.5,720.3000000000001,100,50.5
7204,18010,720.4000000000001,100,50.5
7205,18012.5,720.5,100,50.5
7206,18015,720.6,100,50.5
7207,18017.5,720.7,100,50.5
7208,18020,720.8000000000001,100,50.5
7209,18022.5,720.9000000000001,100,50.5
7210,18025,721,100,50.5
7211,18027.5,721.1,100,50.5
7212,18030,721.2,100,50.5
7213,18032.5,721.3000000000001,100,50.5
7214,18035,721.4000000000001,100,50.5
7215,18037.5,721.5,100,50.5
7216,18040,721.6,100,50.5
7217,18042.5,721.7,100,50.5
7218,18045,721.8000000000001,100,50.5
7219,18047.5,721.9000000000001,100,50.5
7220,18050,722,100,50.5
7221,18052.5,722.1,100,50.5
7222,18055,722.2,100,50.5
7223,18057.5,722.3000000000001,100,50.5
7224,18060,722.4000000000001,100,50.5
7225,18062.5,722.5,100,50.5
7226,18065,722.6,100,50.5
7227,18067.5,722.7,100,50.5
7228,18070,722.8000000000001,100,50.5
7229,18072.5,722.9000000000001,100,50.5
7230,18075,723,100,50.5
7231,18077.5,723.1,100,50.5
7232,18080,723.2,100,50.5
7233,18082.5,723.3000000000001,100,50.5
7234,18085,723.4000000000001,100,50.5
7235,18087.5,723.5,100,50.5
7236,18090,723.6,100,50.5
7237,18092.5,723.7,100,50.5
7238,18095,723.8000000000001,100,50.5
7239,18097.5,723.9000000000001,100,50.5
7240,18100,724,100,50.5
7241,18102.5,724.1,100,50.5
7242,18105,724.2,100,50.5
7243,18107.5,724.3000000000001,100,50.5
7244,18110,724.4000000000001,100,50.5
7245,18112.5,724.5,100,50.5
7246,18115,724.6,100,50.5
7247,18117.5,724.7,100,50.5
7248,18120,724.8000000000001,100,50.5
7249,18122.5,724.9000000000001,100,50.5
7250,18125,725,100,50.5
7251,18127.5,725.1,100,50.5
7252,18130,725.2,100,50.5
7253,18132.5,725.3000000000001,100,50.5
7254,18135,725.4000000000001,100,50.5
7255,18137.5,725.5,100,50.5
7256,18140,725.6,100,50.5
7257,18142.5,725.7,100,50.5
7258,18145,725.8000000000001,100,50.5
7259,18147.5,725.9000000000001,100,50.5
7260,18150,726,100,50.5
7261,18152.5,726.1,100,50.5
7262,18155,726.2,100,50.5
7263,18157.5,726.3000000000001,100,50.5
7264,18160,726.4000000000001,100,50.5
7265,18162.5,726.5,100,50.5
7266,18165,726.6,100,50.5
7267,18167.5,726.7,100,50.5
7268,18170,726.8000000000001,100,50.5
7269,18172.5,726.9000000000001,100,50.5
7270,18175,727,100,50.5
7271,18177.5,727.1,100,50.5
7272,18180,727.2,100,50.5
7273,18182.5,727.3000000000001,100,50.5
7274,18185,727.4000000000001,100,50.5
7275,18187.5,727.5,100,50.5
7276,18190,727.6,100,50.5
7277,18192.5,727.7,100,50.5
7278,18195,727.8000000000001,100,50.5
7279,18197.5,727.9000000000001,100,50.5
7280,18200,728,100,50.5
7281,18202.5,728.1,100,50.5
7282,18205,728.2,100,50.5
7283,18207.5,728.3000000000001,100,50.5
7284,18210,728.4000000000001,100,50.5
7285,18212.5,728.5,100,50.5
7286,18215,728.6,100,50.5
7287,18217.5,728.7,100,50.5
7288,18220,728.8000000000001,100,50.5
7289,18222.5,728.9000000000001,100,50.5
7290,18225,729,100,50.5
7291,18227.5,729.1,100,50.5
7292,18230,729.2,100,50.5
7293,18232.5,729.3000000000001,100,50.5
7294,18235,729.4000000000001,100,50.5
7295,18237.5,729.5,100,50.5
7296,18240,729.6,100,50.5
7297,18242.5,729.7,100,50.5
7298,18245,729.8000000000001,100,50.5
7299,18247.5,729.9000000000001,100,50.5
7300,18250,730,100,50.5
7301,18252.5,730.1,100,50.5
7302,18255,730.2,100,50.5
7303,18257.5,730.3000000000001,100,50.5
7304,18260,730.4000000000001,100,50.5
7305,18262.5,730.5,100,50.5
7306,18265,730.6,100,50.5
7307,18267.5,730.7,100,50.5
7308,18270,730.8000000000001,100,50.5
7309,18272.5,730.9000000000001,100,50.5
7310,18275,731,100,50.5
7311,18277.5,731.1,100,50.5
7312,18280,731.2,100,50.5
7313,18282.5,731.3000000000001,100,50.5
7314,18285,731.4000000000001,100,50.5
7315,18287.5,731.5,100,50.5
7316,18290,731.6,100,50.5
7317,18292.5,731.7,100,50.5
7318,18295,731.8000000000001,100,50.5
7319,18297.5,731.9000000000001,100,50.5
7320,18300,732,100,50.5
7321,18302.5,732.1,100,50.5
7322,18305,732.2,100,50.5
7323,18307.5,732.3000000000001,100,50.5
7324,18310,732.4000000000001,100,50.5
7325,18312.5,732.5,100,50.5
7326,18315,732.6,100,50.5
7327,18317.5,732.7,100,50.5
7328,18320,732.8000000000001,100,50.5
7329,18322.5,732.9000000000001,100,50.5
7330,18325,733,100,50.5
7331,18327.5,733.1,100,50.5
7332,18330,733.2,100,50.5
7333,18332.5,733.3000000000001,100,50.5
7334,18335,733.4000000000001,100,50.5
7335,18337.5,733.5,100,50.5
7336,18340,733.6,100,50.5
7337,18342.5,733.7,100,50.5
7338,18345,733.8000000000001,100,50.5
7339,18347.5,733.9000000000001,100,50.5
7340,18350,734,100,50.5
7341,18352.5,734.1,100,50.5
7342,18355,734.2,100,50.5
7343,18357.5,734.3000000000001,100,50.5
7344,18360,734.4000000000001,100,50.5
7345,18362.5,734.5,100,50.5
7346,18365,734.6,100,50.5
7347,18367.5,734.7,100,50.5
7348,18370,734.8000000000001,100,50.5
7349,18372.5,734.9000000000001,100,50.5
7350,18375,735,100,50.5
7351,18377.5,735.1,100,50.5
7352,18380,735.2,100,50.5
7353,18382.5,735.3000000000001,100,50.5
7354,18385,735.4000000000001,100,50.5
7355,18387.5,735.5,100,50.5
7356,18390,735.6,100,50.5
7357,18392.5,735.7,100,50.5
7358,18395,735.8000000000001,100,50.5
7359,18397.5,735.9000000000001,100,50.5
7360,18400,736,100,50.5
7361,18402.5,736.1,100,50.5
7362,18405,736.2,100,50.5
7363,18407.5,736.3000000000001,100,50.5
7364,18410,736.4000000000001,100,50.5
7365,18412.5,736.5,100,50.5
7366,18415,736.6,100,50.5
7367,18417.5,736.7,100,50.5
7368,18420,736.8000000000001,100,50.5
7369,18422.5,736.9000000000001,100,50.5
7370,18425,737,100,50.5
7371,18427.5,737.1,100,50.5
7372,18430,737.2,100,50.5
7373,18432.5,737.3000000000001,100,50.5
7374,18435,737.4000000000001,100,50.5
7375,18437.5,737.5,100,50.5
7376,18440,737.6,100,50.5
7377,18442.5,737.7,100,50.5
7378,18445,737.8000000000001,100,50.5
7379,18447.5,737.9000000000001,100,50.5
7380,18450,738,100,50.5
7381,18452.5,738.1,100,50.5
7382,18455,738.2,100,50.5
7383,18457.5,738.3000000000001,100,50.5
7384,18460,738.4000000000001,100,50.5
7385,18462.5,738.5,100,50.5
7386,18465,738.6,100,50.5
7387,18467.5,738.7,100,50.5
7388,18470,738.8000000000001,100,50.5
7389,18472.5,738.9000000000001,100,50.5
7390,18475,739,100,50.5
7391,18477.5,739.1,100,50.5
7392,18480,739.2,100,50.5
7393,18482.5,739.3000000000001,100,50.5
7394,18485,739.4000000000001,100,50.5
7395,18487.5,739.5,100,50.5
7396,18490,739.6,100,50.5
7397,18492.5,739.7,100,50.5
7398,18495,739.8000000000001,100,50.5
7399,18497.5,739.9000000000001,100,50.5
7400,18500,740,100,50.5
7401,18502.5,740.1,100,50.5
7402,18505,740.2,100,50.5
7403,18507.5,740.3000000000001,100,50.5
7404,18510,740.4000000000001,100,50.5
7405,18512.5,740.5,100,50.5
7406,18515,740.6,100,50.5
7407,18517.5,740.7,100,50.5
7408,18520,740.8000000000001,100,50.5
7409,18522.5,740.9000000000001,100,50.5
7410,18525,741,100,50.5
7411,18527.5,741.1,100,50.5
7412,18530,741.2,100,50.5
7413,18532.5,741.3000000000001,100,50.5
7414,18535,741.4000000000001,100,50.5
7415,18537.5,741.5,100,50.5
7416,18540,741.6,100,50.5
7417,18542.5,741.7,100,50.5
7418,18545,741.8000000000001,100,50.5
7419,18547.5,741.9000000000001,100,50.5
7420,18550,742,100,50.5
7421,18552.5,742.1,100,50.5
7422,18555,742.2,100,50.5
7423,18557.5,742.3000000000001,100,50.5
7424,18560,742.4000000000001,100,50.5
7425,18562.5,742.5,100,50.5
7426,18565,742.6,100,50.5
7427,18567.5,742.7,100,50.5
7428,18570,742.8000000000001,100,50.5
7429,18572.5,742.9000000000001,100,50.5
7430,18575,743,100,50.5
7431,18577.5,743.1,100,50.5
7432,18580,743.2,100,50.5
7433,18582.5,743.3000000000001,100,50.5
7434,18585,743.4000000000001,100,50.5
7435,18587.5,743.5,100,50.5
7436,18590,743.6,100,50.5
7437,18592.5,743.7,100,50.5
7438,18595,743.8000000000001,100,50.5
7439,18597.5,743.9000000000001,100,50.5
7440,18600,744,100,50.5
7441,18602.5,744.1,100,50.5
7442,18605,744.2,100,50.5
7443,18607.5,744.3000000000001,100,50.5
7444,18610,744.4000000000001,100,50.5
7445,18612.5,744.5,100,50.5
7446,18615,744.6,100,50.5
7447,18617.5,744.7,100,50.5
7448,18620,744.8000000000001,100,50.5
7449,18622.5,744.9000000000001,100,50.5
7450,18625,745,100,50.5
7451,18627.5,745.1,100,50.5
7452,18630,745.2,100,50.5
7453,18632.5,745.3000000000001,100,50.5
7454,18635,745.4000000000001,100,50.5
7455,18637.5,745.5,100,50.5
7456,18640,745.6,100,50.5
7457,18642.5,745.7,100,50.5
7458,18645,745.8000000000001,100,50.5
7459,18647.5,745.9000000000001,100,50.5
7460,18650,746,100,50.5
7461,18652.5,746.1,100,50.5
7462,18655,746.2,100,50.5
7463,18657.5,746.3000000000001,100,50.5
7464,18660,746.4000000000001,100,50.5
7465,18662.5,746.5,100,50.5
7466,18665,746.6,100,50.5
7467,18667.5,746.7,100,50.5
7468,18670,746.8000000000001,100,50.5
7469,18672.5,746.9000000000001,100,50.5
7470,18675,747,100,50.5
7471,18677.5,747.1,100,50.5
7472,18680,747.2,100,50.5
7473,18682.5,747.3000000000001,100,50.5
7474,18685,747.4000000000001,100,50.5
7475,18687.5,747.5,100,50.5
7476,18690,747.6,100,50.5
7477,18692.5,747.7,100,50.5
7478,18695,747.8000000000001,100,50.5
7479,18697.5,747.9000000000001,100,50.5
7480,18700,748,100,50.5
7481,18702.5,748.1,100,50.5
7482,18705,748.2,100,50.5
7483,18707.5,748.3000000000001,100,50.5
7484,18710,748.4000000000001,100,50.5
7485,18712.5,748.5,100,50.5
7486,18715,748.6,100,50.5
7487,18717.5,748.7,100,50.5
7488,18720,748.8000000000001,100,50.5
7489,18722.5,748.9000000000001,100,50.5
7490,18725,749,100,50.5
7491,18727.5,749.1,100,50.5
7492,18730,749.2,100,50.5
7493,18732.5,749.3000000000001,100,50.5
7494,18735,749.4000000000001,100,50.5
7495,18737.5,749.5,100,50.5
7496,18740,749.6,100,50.5
7497,18742.5,749.7,100,50.5
7498,18745,749.8000000000001,100,50.5
7499,18747.5,749.9000000000001,100,50.5
7500,18750,750,100,50.5
7501,18752.5,750.1,100,50.5
7502,18755,750.2,100,50.5
7503,18757.5,750.3000000000001,100,50.5
7504,18760,750.4000000000001,100,50.5
7505,18762.5,750.5,100,50.5
7506,18765,750.6,100,50.5
7507,18767.5,750.7,100,50.5
7508,18770,750.8000000000001,100,50.5
7509,18772.5,750.9000000000001,100,50.5
7510,18775,751,100,50.5
7511,18777.5,751.1,100,50.5
7512,18780,751.2,100,50.5
7513,18782.5,751.3000000000001,100,50.5
7514,18785,751.4000000000001,100,50.5
7515,18787.5,751.5,100,50.5
7516,18790,751.6,100,50.5
7517,18792.5,751.7,100,50.5
7518,18795,751.8000000000001,100,50.5
7519,18797.5,751.9000000000001,100,50.5
7520,18800,752,100,50.5
7521,18802.5,752.1,100,50.5
7522,18805,752.2,100,50.5
7523,18807.5,752.3000000000001,100,50.5
7524,18810,752.4000000000001,100,50.5
7525,18812.5,752.5,100,50.5
7526,18815,752.6,100,50.5
7527,18817.5,752.7,100,50.5
7528,18820,752.8000000000001,100,50.5
7529,18822.5,752.9000000000001,100,50.5
7530,18825,753,100,50.5
7531,18827.5,753.1,100,50.5
7532,18830,753.2,100,50.5
7533,18832.5,753.3000000000001,100,50.5
7534,18835,753.4000000000001,100,50.5
7535,18837.5,753.5,100,50.5
7536,18840,753.6,100,50.5
7537,18842.5,753.7,100,50.5
7538,18845,753.8000000000001,100,50.5
7539,18847.5,753.9000000000001,100,50.5
7540,18850,754,100,50.5
7541,18852.5,754.1,100,50.5
7542,18855,754.2,100,50.5
7543,18857.5,754.3000000000001,100,50.5
7544,18860,754.4000000000001,100,50.5
7545,18862.5,754.5,100,50.5
7546,18865,754.6,100,50.5
7547,18867.5,754.7,100,50.5
7548,18870,754.8000000000001,100,50.5
7549,18872.5,754.9000000000001,100,50.5
7550,18875,755,100,50.5
7551,18877.5,755.1,100,50.5
7552,18880,755.2,100,50.5
7553,18882.5,755.3000000000001,100,50.5
7554,18885,755.4000000000001,100,50.5
7555,18887.5,755.5,100,50.5
7556,18890,755.6,100,50.5
7557,18892.5,755.7,100,50.5
7558,18895,755.8000000000001,100,50.5
7559,18897.5,755.9000000000001,100,50.5
7560,18900,756,100,50.5
7561,18902.5,756.1,100,50.5
7562,18905,756.2,100,50.5
7563,18907.5,756.3000000000001,100,50.5
7564,18910,756.4000000000001,100,50.5
7565,18912.5,756.5,100,50.5
7566,18915,756.6,100,50.5
7567,18917.5,756.7,100,50.5
7568,18920,756.8000000000001,100,50.5
7569,18922.5,756.9000000000001,100,50.5
7570,18925,757,100,50.5
7571,18927.5,757.1,100,50.5
7572,18930,757.2,100,50.5
7573,18932.5,757.3000000000001,100,50.5
7574,18935,757.4000000000001,100,50.5
7575,18937.5,757.5,100,50.5
7576,18940,757.6,100,50.5
7577,18942.5,757.7,100,50.5
7578,18945,757.8000000000001,100,50.5
7579,18947.5,757.9000000000001,100,50.5
7580,18950,758,100,50.5
7581,18952.5,758.1,100,50.5
7582,18955,758.2,100,50.5
7583,18957.5,758.3000000000001,100,50.5
7584,18960,758.4000000000001,100,50.5
7585,18962.5,758.5,100,50.5
7586,18965,758.6,100,50.5
7587,18967.5,758.7,100,50.5
7588,18970,758.8000000000001,100,50.5
7589,18972.5,758.9000000000001,100,50.5
7590,18975,759,100,50.5
7591,18977.5,759.1,100,50.5
7592,18980,759.2,100,50.5
7593,18982.5,759.3000000000001,100,50.5
7594,18985,759.4000000000001,100,50.5
7595,18987.5,759.5,100,50.5
7596,18990,759.6,100,50.5
7597,18992.5,759.7,100,50.5
7598,18995,759.8000000000001,100,50.5
7599,18997.5,759.9000000000001,100,50.5
7600,19000,760,100,50.5
7601,19002.5,760.1,100,50.5
7602,19005,760.2,100,50.5
7603,19007.5,760.3000000000001,100,50.5
7604,19010,760.4000000000001,100,50.5
7605,19012.5,760.5,100,50.5
7606,19015,760.6,100,50.5
7607,19017.5,760.7,100,50.5
7608,19020,760.8000000000001,100,50.5
7609,19022.5,760.9000000000001,100,50.5
7610,19025,761,100,50.5
7611,19027.5,761.1,100,50.5
7612,19030,761.2,100,50.5
7613,19032.5,761.3000000000001,100,50.5
7614,19035,761.4000000000001,100,50.5
7615,19037.5,761.5,100,50.5
7616,19040,761.6,100,50.5
7617,19042.5,761.7,100,50.5
7618,19045,761.8000000000001,100,50.5
7619,19047.5,761.9000000000001,100,50.5
7620,19050,762,100,50.5
7621,19052.5,762.1,100,50.5
7622,19055,762.2,100,50.5
7623,19057.5,762.3000000000001,100,50.5
7624,19060,762.4000000000001,100,50.5
7625,19062.5,762.5,100,50.5
7626,19065,762.6,100,50.5
7627,19067.5,762.7,100,50.5
7628,19070,762.8000000000001,100,50.5
7629,19072.5,762.9000000000001,100,50.5
7630,19075,763,100,50.5
7631,19077.5,763.1,100,50.5
7632,19080,763.2,100,50.5
7633,19082.5,763.3000000000001,100,50.5
7634,19085,763.4000000000001,100,50.5
7635,19087.5,763.5,100,50.5
7636,19090,763.6,100,50.5
7637,19092.5,763.7,100,50.5
7638,19095,763.8000000000001,100,50.5
7639,19097.5,763.9000000000001,100,50.5
7640,19100,764,100,50.5
7641,19102.5,764.1,100,50.5
7642,19105,764.2,100,50.5
7643,19107.5,764.3000000000001,100,50.5
7644,19110,764.4000000000001,100,50.5
7645,19112.5,764.5,100,50.5
7646,19115,764.6,100,50.5
7647,19117.5,764.7,100,50.5
7648,19120,764.8000000000001,100,50.5
7649,19122.5,764.9000000000001,100,50.5
7650,19125,765,100,50.5
7651,19127.5,765.1,100,50.5
7652,19130,765.2,100,50.5
7653,19132.5,765.3000000000001,100,50.5
7654,19135,765.4000000000001,100,50.5
7655,19137.5,765.5,100,50.5
7656,19140,765.6,100,50.5
7657,19142.5,765.7,100,50.5
7658,19145,765.8000000000001,100,50.5
7659,19147.5,765.9000000000001,100,50.5
7660,19150,766,100,50.5
7661,19152.5,766.1,100,50.5
7662,19155,766.2,100,50.5
7663,19157.5,766.3000000000001,100,50.5
7664,19160,766.4000000000001,100,50.5
7665,19162.5,766.5,100,50.5
7666,19165,766.6,100,50.5
7667,19167.5,766.7,100,50.5
7668,19170,766.8000000000001,100,50.5
7669,19172.5,766.9000000000001,100,50.5
7670,19175,767,100,50.5
7671,19177.5,767.1,100,50.5
7672,19180,767.2,100,50.5
7673,19182.5,767.3000000000001,100,50.5
7674,19185,767.4000000000001,100,50.5
7675,19187.5,767.5,100,50.5
7676,19190,767.6,100,50.5
7677,19192.5,767.7,100,50.5
7678,19195,767.8000000000001,100,50.5
7679,19197.5,767.9000000000001,100,50.5
7680,19200,768,100,50.5
7681,19202.5,768.1,100,50.5
7682,19205,768.2,100,50.5
7683,19207.5,768.3000000000001,100,50.5
7684,19210,768.4000000000001,100,50.5
7685,19212.5,768.5,100,50.5
7686,19215,768.6,100,50.5
7687,19217.5,768.7,100,50.5
7688,19220,768.8000000000001,100,50.5
7689,19222.5,768.9000000000001,100,50.5
7690,19225,769,100,50.5
7691,19227.5,769.1,100,50.5
7692,19230,769.2,100,50.5
7693,19232.5,769.3000000000001,100,50.5
7694,19235,769.4000000000001,100,50.5
7695,19237.5,769.5,100,50.5
7696,19240,769.6,100,50.5
7697,19242.5,769.7,100,50.5
7698,19245,769.8000000000001,100,50.5
7699,19247.5,769.9000000000001,100,50.5
7700,19250,770,100,50.5
7701,19252.5,770.1,100,50.5
7702,19255,770.2,100,50.5
7703,19257.5,770.3000000000001,100,50.5
7704,19260,770.4000000000001,100,50.5
7705,19262.5,770.5,100,50.5
7706,19265,770.6,100,50.5
7707,19267.5,770.7,100,50.5
7708,19270,770.8000000000001,100,50.5
7709,19272.5,770.9000000000001,100,50.5
7710,19275,771,100,50.5
7711,19277.5,771.1,100,50.5
7712,19280,771.2,100,50.5
7713,19282.5,771.3000000000001,100,50.5
7714,19285,771.4000000000001,100,50.5
7715,19287.5,771.5,100,50.5
7716,19290,771.6,100,50.5
7717,19292.5,771.7,100,50.5
7718,19295,771.8000000000001,100,50.5
7719,19297.5,771.9000000000001,100,50.5
7720,19300,772,100,50.5
7721,19302.5,772.1,100,50.5
7722,19305,772.2,100,50.5
7723,19307.5,772.3000000000001,100,50.5
7724,19310,772.4000000000001,100,50.5
7725,19312.5,772.5,100,50.5
7726,19315,772.6,100,50.5
7727,19317.5,772.7,100,50.5
7728,19320,772.8000000000001,100,50.5
7729,19322.5,772.9000000000001,100,50.5
7730,19325,773,100,50.5
7731,19327.5,773.1,100,50.5
7732,19330,773.2,100,50.5
7733,19332.5,773.3000000000001,100,50.5
7734,19335,773.4000000000001,100,50.5
7735,19337.5,773.5,100,50.5
7736,19340,773.6,100,50.5
7737,19342.5,773.7,100,50.5
7738,19345,773.8000000000001,100,50.5
7739,19347.5,773.9000000000001,100,50.5
7740,19350,774,100,50.5
7741,19352.5,774.1,100,50.5
7742,19355,774.2,100,50.5
7743,19357.5,774.3000000000001,100,50.5
7744,19360,774.4000000000001,100,50.5
7745,19362.5,774.5,100,50.5
7746,19365,774.6,100,50.5
7747,19367.5,774.7,100,50.5
7748,19370,774.8000000000001,100,50.5
7749,19372.5,774.9000000000001,100,50.5
7750,19375,775,100,50.5
7751,19377.5,775.1,100,50.5
7752,19380,775.2,100,50.5
7753,19382.5,775.3000000000001,100,50.5
7754,19385,775.4000000000001,100,50.5
7755,19387.5,775.5,100,50.5
7756,19390,775.6,100,50.5
7757,19392.5,775.7,100,50.5
7758,19395,775.8000000000001,100,50.5
7759,19397.5,775.9000000000001,100,50.5
7760,19400,776,100,50.5
7761,19402.5,776.1,100,50.5
7762,19405,776.2,100,50.5
7763,19407.5,776.3000000000001,100,50.5
7764,19410,776.4000000000001,100,50.5
7765,19412.5,776.5,100,50.5
7766,19415,776.6,100,50.5
7767,19417.5,776.7,100,50.5
7768,19420,776.8000000000001,100,50.5
7769,19422.5,776.9000000000001,100,50.5
7770,19425,777,100,50.5
7771,19427.5,777.1,100,50.5
7772,19430,777.2,100,50.5
7773,19432.5,777.3000000000001,100,50.5
7774,19435,777.4000000000001,100,50.5
7775,19437.5,777.5,100,50.5
7776,19440,777.6,100,50.5
7777,19442.5,777.7,100,50.5
7778,19445,777.8000000000001,100,50.5
7779,19447.5,777.9000000000001,100,50.5
7780,19450,778,100,50.5
7781,19452.5,778.1,100,50.5
7782,19455,778.2,100,50.5
7783,19457.5,778.3000000000001,100,50.5
7784,19460,778.4000000000001,100,50.5
7785,19462.5,778.5,100,50.5
7786,19465,778.6,100,50.5
7787,19467.5,778.7,100,50.5
7788,19470,778.8000000000001,100,50.5
7789,19472.5,778.9000000000001,100,50.5
7790,19475,779,100,50.5
7791,19477.5,779.1,100,50.5
7792,19480,779.2,100,50.5
7793,19482.5,779.3000000000001,100,50.5
7794,19485,779.4000000000001,100,50.5
7795,19487.5,779.5,100,50.5
7796,19490,779.6,100,50.5
7797,19492.5,779.7,100,50.5
7798,19495,779.8000000000001,100,50.5
7799,19497.5,779.9000000000001,100,50.5
7800,19500,780,100,50.5
7801,19502.5,780.1,100,50.5
7802,19505,780.2,100,50.5
7803,19507.5,780.3000000000001,100,50.5
7804,19510,780.4000000000001,100,50.5
7805,19512.5,780.5,100,50.5
7806,19515,780.6,100,50.5
7807,19517.5,780.7,100,50.5
7808,19520,780.8000000000001,100,50.5
7809,19522.5,780.9000000000001,100,50.5
7810,19525,781,100,50.5
7811,19527.5,781.1,100,50.5
7812,19530,781.2,100,50.5
7813,19532.5,781.3000000000001,100,50.5
7814,19535,781.4000000000001,100,50.5
7815,19537.5,781.5,100,50.5
7816,19540,781.6,100,50.5
7817,19542.5,781.7,100,50.5
7818,19545,781.8000000000001,100,50.5
7819,19547.5,781.9000000000001,100,50.5
7820,19550,782,100,50.5
7821,19552.5,782.1,100,50.5
7822,19555,782.2,100,50.5
7823,19557.5,782.3000000000001,100,50.5
7824,19560,782.4000000000001,100,50.5
7825,19562.5,782.5,100,50.5
7826,19565,782.6,100,50.5
7827,19567.5,782.7,100,50.5
7828,19570,782.8000000000001,100,50.5
7829,19572.5,782.9000000000001,100,50.5
7830,19575,783,100,50.5
7831,19577.5,783.1,100,50.5
7832,19580,783.2,100,50.5
7833,19582.5,783.3000000000001,100,50.5
7834,19585,783.4000000000001,100,50.5
7835,19587.5,783.5,100,50.5
7836,19590,783.6,100,50.5
7837,19592.5,783.7,100,50.5
7838,19595,783.8000000000001,100,50.5
7839,19597.5,783.9000000000001,100,50.5
7840,19600,784,100,50.5
7841,19602.5,784.1,100,50.5
7842,19605,784.2,100,50.5
7843,19607.5,784.3000000000001,100,50.5
7844,19610,784.4000000000001,100,50.5
7845,19612.5,784.5,100,50.5
7846,19615,784.6,100,50.5
7847,19617.5,784.7,100,50.5
7848,19620,784.8000000000001,100,50.5
7849,19622.5,784.9000000000001,100,50.5
7850,19625,785,100,50.5
7851,19627.5,785.1,100,50.5
7852,19630,785.2,100,50.5
7853,19632.5,785.3000000000001,100,50.5
7854,19635,785.4000000000001,100,50.5
7855,19637.5,785.5,100,50.5
7856,19640,785.6,100,50.5
7857,19642.5,785.7,100,50.5
7858,19645,785.8000000000001,100,50.5
7859,19647.5,785.9000000000001,100,50.5
7860,19650,786,100,50.5
7861,19652.5,786.1,100,50.5
7862,19655,786.2,100,50.5
7863,19657.5,786.3000000000001,100,50.5
7864,19660,786.4000000000001,100,50.5
7865,19662.5,786.5,100,50.5
7866,19665,786.6,100,50.5
7867,19667.5,786.7,100,50.5
7868,19670,786.8000000000001,100,50.5
7869,19672.5,786.9000000000001,100,50.5
7870,19675,787,100,50.5
7871,19677.5,787.1,100,50.5
7872,19680,787.2,100,50.5
7873,19682.5,787.3000000000001,100,50.5
7874,19685,787.4000000000001,100,50.5
7875,19687.5,787.5,100,50.5
7876,19690,787.6,100,50.5
7877,19692.5,787.7,100,50.5
7878,19695,787.8000000000001,100,50.5
7879,19697.5,787.9000000000001,100,50.5
7880,19700,788,100,50.5
7881,19702.5,788.1,100,50.5
7882,19705,788.2,100,50.5
7883,19707.5,788.3000000000001,100,50.5
7884,19710,788.4000000000001,100,50.5
7885,19712.5,788.5,100,50.5
7886,19715,788.6,100,50.5
7887,19717.5,788.7,100,50.5
7888,19720,788.8000000000001,100,50.5
7889,19722.5,788.9000000000001,100,50.5
7890,19725,789,100,50.5
7891,19727.5,789.1,100,50.5
7892,19730,789.2,100,50.5
7893,19732.5,789.3000000000001,100,50.5
7894,19735,789.4000000000001,100,50.5
7895,19737.5,789.5,100,50.5
7896,19740,789.6,100,50.5
7897,19742.5,789.7,100,50.5
7898,19745,789.8000000000001,100,50.5
7899,19747.5,789.9000000000001,100,50.5
7900,19750,790,100,50.5
7901,19752.5,790.1,100,50.5
7902,19755,790.2,100,50.5
7903,19757.5,790.3000000000001,100,50.5
7904,19760,790.4000000000001,100,50.5
7905,19762.5,790.5,100,50.5
7906,19765,790.6,100,50.5
7907,19767.5,790.7,100,50.5
7908,19770,790.8000000000001,100,50.5
7909,19772.5,790.9000000000001,100,50.5
7910,19775,791,100,50.5
7911,19777.5,791.1,100,50.5
7912,19780,791.2,100,50.5
7913,19782.5,791.3000000000001,100,50.5
7914,19785,791.4000000000001,100,50.5
7915,19787.5,791.5,100,50.5
7916,19790,791.6,100,50.5
7917,19792.5,791.7,100,50.5
7918,19795,791.8000000000001,100,50.5
7919,19797.5,791.9000000000001,100,50.5
7920,19800,792,100,50.5
7921,19802.5,792.1,100,50.5
7922,19805,792.2,100,50.5
7923,19807.5,792.3000000000001,100,50.5
7924,19810,792.4000000000001,100,50.5
7925,19812.5,792.5,100,50.5
7926,19815,792.6,100,50.5
7927,19817.5,792.7,100,50.5
7928,19820,792.8000000000001,100,50.5
7929,19822.5,792.9000000000001,100,50.5
7930,19825,793,100,50.5
7931,19827.5,793.1,100,50.5
7932,19830,793.2,100,50.5
7933,19832.5,793.3000000000001,100,50.5
7934,19835,793.4000000000001,100,50.5
7935,19837.5,793.5,100,50.5
7936,19840,793.6,100,50.5
7937,19842.5,793.7,100,50.5
7938,19845,793.8000000000001,100,50.5
7939,19847.5,793.9000000000001,100,50.5
7940,19850,794,100,50.5
7941,19852.5,794.1,100,50.5
7942,19855,794.2,100,50.5
7943,19857.5,794.3000000000001,100,50.5
7944,19860,794.4000000000001,100,50.5
7945,19862.5,794.5,100,50.5
7946,19865,794.6,100,50.5
7947,19867.5,794.7,100,50.5
7948,19870,794.8000000000001,100,50.5
7949,19872.5,794.9000000000001,100,50.5
7950,19875,795,100,50.5
7951,19877.5,795.1,100,50.5
7952,19880,795.2,100,50.5
7953,19882.5,795.3000000000001,100,50.5
7954,19885,795.4000000000001,100,50.5
7955,19887.5,795.5,100,50.5
7956,19890,795.6,100,50.5
7957,19892.5,795.7,100,50.5
7958,19895,795.8000000000001,100,50.5
7959,19897.5,795.9000000000001,100,50.5
7960,19900,796,100,50.5
7961,19902.5,796.1,100,50.5
7962,19905,796.2,100,50.5
7963,19907.5,796.3000000000001,100,50.5
7964,19910,796.4000000000001,100,50.5
7965,19912.5,796.5,100,50.5
7966,19915,796.6,100,50.5
7967,19917.5,796.7,100,50.5
7968,19920,796.8000000000001,100,50.5
7969,19922.5,796.9000000000001,100,50.5
7970,19925,797,100,50.5
7971,19927.5,797.1,100,50.5
7972,19930,797.2,100,50.5
7973,19932.5,797.3000000000001,100,50.5
7974,19935,797.4000000000001,100,50.5
7975,19937.5,797.5,100,50.5
7976,19940,797.6,100,50.5
7977,19942.5,797.7,100,50.5
7978,19945,797.8000000000001,100,50.5
7979,19947.5,797.9000000000001,100,50.5
7980,19950,798,100,50.5
7981,19952.5,798.1,100,50.5
7982,19955,798.2,100,50.5
7983,19957.5,798.3000000000001,100,50.5
7984,19960,798.4000000000001,100,50.5
7985,19962.5,798.5,100,50.5
7986,19965,798.6,100,50.5
7987,19967.5,798.7,100,50.5
7988,19970,798.8000000000001,100,50.5
7989,19972.5,798.9000000000001,100,50.5
7990,19975,799,100,50.5
7991,19977.5,799.1,100,50.5
7992,19980,799.2,100,50.5
7993,19982.5,799.3000000000001,100,50.5
7994,19985,799.4000000000001,100,50.5
7995,19987.5,799.5,100,50.5
7996,19990,799.6,100,50.5
7997,19992.5,799.7,100,50.5
7998,19995,799.8000000000001,100,50.5
7999,19997.5,799.9000000000001,100,50.5
8000,20000,800,100,50.5
8001,20002.5,800.1,100,50.5
8002,20005,800.2,100,50.5
8003,20007.5,800.3000000000001,100,50.5
8004,20010,800.4000000000001,100,50.5
8005,20012.5,800.5,100,50.5
8006,20015,800.6,100,50.5
8007,20017.5,800.7,100,50.5
8008,20020,800.8000000000001,100,50.5
8009,20022.5,800.9000000000001,100,50.5
8010,20025,801,100,50.5
8011,20027.5,801.1,100,50.5
8012,20030,801.2,100,50.5
8013,20032.5,801.3000000000001,100,50.5
8014,20035,801.4000000000001,100,50.5
8015,20037.5,801.5,100,50.5
8016,20040,801.6,100,50.5
8017,20042.5,801.7,100,50.5
8018,20045,801.8000000000001,100,50.5
8019,20047.5,801.9000000000001,100,50.5
8020,20050,802,100,50.5
8021,20052.5,802.1,100,50.5
8022,20055,802.2,100,50.5
8023,20057.5,802.3000000000001,100,50.5
8024,20060,802.4000000000001,100,50.5
8025,20062.5,802.5,100,50.5
8026,20065,802.6,100,50.5
8027,20067.5,802.7,100,50.5
8028,20070,802.8000000000001,100,50.5
8029,20072.5,802.9000000000001,100,50.5
8030,20075,803,100,50.5
8031,20077.5,803.1,100,50.5
8032,20080,803.2,100,50.5
8033,20082.5,803.3000000000001,100,50.5
8034,20085,803.4000000000001,100,50.5
8035,20087.5,803.5,100,50.5
8036,20090,803.6,100,50.5
8037,20092.5,803.7,100,50.5
8038,20095,803.8000000000001,100,50.5
8039,20097.5,803.9000000000001,100,50.5
8040,20100,804,100,50.5
8041,20102.5,804.1,100,50.5
8042,20105,804.2,100,50.5
8043,20107.5,804.3000000000001,100,50.5
8044,20110,804.4000000000001,100,50.5
8045,20112.5,804.5,100,50.5
8046,20115,804.6,100,50.5
8047,20117.5,804.7,100,50.5
8048,20120,804.8000000000001,100,50.5
8049,20122.5,804.9000000000001,100,50.5
8050,20125,805,100,50.5
8051,20127.5,805.1,100,50.5
8052,20130,805.2,100,50.5
8053,20132.5,805.3000000000001,100,50.5
8054,20135,805.4000000000001,100,50.5
8055,20137.5,805.5,100,50.5
8056,20140,805.6,100,50.5
8057,20142.5,805.7,100,50.5
8058,20145,805.8000000000001,100,50.5
8059,20147.5,805.9000000000001,100,50.5
8060,20150,806,100,50.5
8061,20152.5,806.1,100,50.5
8062,20155,806.2,100,50.5
8063,20157.5,806.3000000000001,100,50.5
8064,20160,806.4000000000001,100,50.5
8065,20162.5,806.5,100,50.5
8066,20165,806.6,100,50.5
8067,20167.5,806.7,100,50.5
8068,20170,806.8000000000001,100,50.5
8069,20172.5,806.9000000000001,100,50.5
8070,20175,807,100,50.5
8071,20177.5,807.1,100,50.5
8072,20180,807.2,100,50.5
8073,20182.5,807.3000000000001,100,50.5
8074,20185,807.4000000000001,100,50.5
8075,20187.5,807.5,100,50.5
8076,20190,807.6,100,50.5
8077,20192.5,807.7,100,50.5
8078,20195,807.8000000000001,100,50.5
8079,20197.5,807.9000000000001,100,50.5
8080,20200,808,100,50.5
8081,20202.5,808.1,100,50.5
8082,20205,808.2,100,50.5
8083,20207.5,808.3000000000001,100,50.5
8084,20210,808.4000000000001,100,50.5
8085,20212.5,808.5,100,50.5
8086,20215,808.6,100,50.5
8087,20217.5,808.7,100,50.5
8088,20220,808.8000000000001,100,50.5
8089,20222.5,808.9000000000001,100,50.5
8090,20225,809,100,50.5
8091,20227.5,809.1,100,50.5
8092,20230,809.2,100,50.5
8093,20232.5,809.3000000000001,100,50.5
8094,20235,809.4000000000001,100,50.5
8095,20237.5,809.5,100,50.5
8096,20240,809.6,100,50.5
8097,20242.5,809.7,100,50.5
8098,20245,809.8000000000001,100,50.5
8099,20247.5,809.9000000000001,100,50.5
8100,20250,810,100,50.5
8101,20252.5,810.1,100,50.5
8102,20255,810.2,100,50.5
8103,20257.5,810.3000000000001,100,50.5
8104,20260,810.4000000000001,100,50.5
8105,20262.5,810.5,100,50.5
8106,20265,810.6,100,50.5
8107,20267.5,810.7,100,50.5
8108,20270,810.8000000000001,100,50.5
8109,20272.5,810.9000000000001,100,50.5
8110,20275,811,100,50.5
8111,20277.5,811.1,100,50.5
8112,20280,811.2,100,50.5
8113,20282.5,811.3000000000001,100,50.5
8114,20285,811.4000000000001,100,50.5
8115,20287.5,811.5,100,50.5
8116,20290,811.6,100,50.5
8117,20292.5,811.7,100,50.5
8118,20295,811.8000000000001,100,50.5
8119,20297.5,811.9000000000001,100,50.5
8120,20300,812,100,50.5
8121,20302.5,812.1,100,50.5
8122,20305,812.2,100,50.5
8123,20307.5,812.3000000000001,100,50.5
8124,20310,812.4000000000001,100,50.5
8125,20312.5,812.5,100,50.5
8126,20315,812.6,100,50.5
8127,20317.5,812.7,100,50.5
8128,20320,812.8000000000001,100,50.5
8129,20322.5,812.9000000000001,100,50.5
8130,20325,813,100,50.5
8131,20327.5,813.1,100,50.5
8132,20330,813.2,100,50.5
8133,20332.5,813.3000000000001,100,50.5
8134,20335,813.4000000000001,100,50.5
8135,20337.5,813.5,100,50.5
8136,20340,813.6,100,50.5
8137,20342.5,813.7,100,50.5
8138,20345,813.8000000000001,100,50.5
8139,20347.5,813.9000000000001,100,50.5
8140,20350,814,100,50.5
8141,20352.5,814.1,100,50.5
8142,20355,814.2,100,50.5
8143,20357.5,814.3000000000001,100,50.5
8144,20360,814.4000000000001,100,50.5
8145,20362.5,814.5,100,50.5
8146,20365,814.6,100,50.5
8147,20367.5,814.7,100,50.5
8148,20370,814.8000000000001,100,50.5
8149,20372.5,814.9000000000001,100,50.5
8150,20375,815,100,50.5
8151,20377.5,815.1,100,50.5
8152,20380,815.2,100,50.5
8153,20382.5,815.3000000000001,100,50.5
8154,20385,815.4000000000001,100,50.5
8155,20387.5,815.5,100,50.5
8156,20390,815.6,100,50.5
8157,20392.5,815.7,100,50.5
8158,20395,815.8000000000001,100,50.5
8159,20397.5,815.9000000000001,100,50.5
8160,20400,816,100,50.5
8161,20402.5,816.1,100,50.5
8162,20405,816.2,100,50.5
8163,20407.5,816.3000000000001,100,50.5
8164,20410,816.4000000000001,100,50.5
8165,20412.5,816.5,100,50.5
8166,20415,816.6,100,50.5
8167,20417.5,816.7,100,50.5
8168,20420,816.8000000000001,100,50.5
8169,20422.5,816.9000000000001,100,50.5
8170,20425,817,100,50.5
8171,20427.5,817.1,100,50.5
8172,20430,817.2,100,50.5
8173,20432.5,817.3000000000001,100,50.5
8174,20435,817.4000000000001,100,50.5
8175,20437.5,817.5,100,50.5
8176,20440,817.6,100,50.5
8177,20442.5,817.7,100,50.5
8178,20445,817.8000000000001,100,50.5
8179,20447.5,817.9000000000001,100,50.5
8180,20450,818,100,50.5
8181,20452.5,818.1,100,50.5
8182,20455,818.2,100,50.5
8183,20457.5,818.3000000000001,100,50.5
8184,20460,818.4000000000001,100,50.5
8185,20462.5,818.5,100,50.5
8186,20465,818.6,100,50.5
8187,20467.5,818.7,100,50.5
8188,20470,818.8000000000001,100,50.5
8189,20472.5,818.9000000000001,100,50.5
8190,20475,819,100,50.5
8191,20477.5,819.1,100,50.5
8192,20480,819.2,100,50.5
8193,20482.5,819.3000000000001,100,50.5
8194,20485,819.4000000000001,100,50.5
8195,20487.5,819.5,100,50.5
8196,20490,819.6,100,50.5
8197,20492.5,819.7,100,50.5
8198,20495,819.8000000000001,100,50.5
8199,20497.5,819.9000000000001,100,50.5
8200,20500,820,100,50.5
8201,20502.5,820.1,100,50.5
8202,20505,820.2,100,50.5
8203,20507.5,820.3000000000001,100,50.5
8204,20510,820.4000000000001,100,50.5
8205,20512.5,820.5,100,50.5
8206,20515,820.6,100,50.5
8207,20517.5,820.7,100,50.5
8208,20520,820.8000000000001,100,50.5
8209,20522.5,820.9000000000001,100,50.5
8210,20525,821,100,50.5
8211,20527.5,821.1,100,50.5
8212,20530,821.2,100,50.5
8213,20532.5,821.3000000000001,100,50.5
8214,20535,821.4000000000001,100,50.5
8215,20537.5,821.5,100,50.5
8216,20540,821.6,100,50.5
8217,20542.5,821.7,100,50.5
8218,20545,821.8000000000001,100,50.5
8219,20547.5,821.9000000000001,100,50.5
8220,20550,822,100,50.5
8221,20552.5,822.1,100,50.5
8222,20555,822.2,100,50.5
8223,20557.5,822.3000000000001,100,50.5
8224,20560,822.4000000000001,100,50.5
8225,20562.5,822.5,100,50.5
8226,20565,822.6,100,50.5
8227,20567.5,822.7,100,50.5
8228,20570,822.8000000000001,100,50.5
8229,20572.5,822.9000000000001,100,50.5
8230,20575,823,100,50.5
8231,20577.5,823.1,100,50.5
8232,20580,823.2,100,50.5
8233,20582.5,823.3000000000001,100,50.5
8234,20585,823.4000000000001,100,50.5
8235,20587.5,823.5,100,50.5
8236,20590,823.6,100,50.5
8237,20592.5,823.7,100,50.5
8238,20595,823.8000000000001,100,50.5
8239,20597.5,823.9000000000001,100,50.5
8240,20600,824,100,50.5
8241,20602.5,824.1,100,50.5
8242,20605,824.2,100,50.5
8243,20607.5,824.3000000000001,100,50.5
8244,20610,824.4000000000001,100,50.5
8245,20612.5,824.5,100,50.5
8246,20615,824.6,100,50.5
8247,20617.5,824.7,100,50.5
8248,20620,824.8000000000001,100,50.5
8249,20622.5,824.9000000000001,100,50.5
8250,20625,825,100,50.5
8251,20627.5,825.1,100,50.5
8252,20630,825.2,100,50.5
8253,20632.5,825.3000000000001,100,50.5
8254,20635,825.4000000000001,100,50.5
8255,20637.5,825.5,100,50.5
8256,20640,825.6,100,50.5
8257,20642.5,825.7,100,50.5
8258,20645,825.8000000000001,100,50.5
8259,20647.5,825.9000000000001,100,50.5
8260,20650,826,100,50.5
8261,20652.5,826.1,100,50.5
8262,20655,826.2,100,50.5
8263,20657.5,826.3000000000001,100,50.5
8264,20660,826.4000000000001,100,50.5
8265,20662.5,826.5,100,50.5
8266,20665,826.6,100,50.5
8267,20667.5,826.7,100,50.5
8268,20670,826.8000000000001,100,50.5
8269,20672.5,826.9000000000001,100,50.5
8270,20675,827,100,50.5
8271,20677.5,827.1,100,50.5
8272,20680,827.2,100,50.5
8273,20682.5,827.3000000000001,100,50.5
8274,20685,827.4000000000001,100,50.5
8275,20687.5,827.5,100,50.5
8276,20690,827.6,100,50.5
8277,20692.5,827.7,100,50.5
8278,20695,827.8000000000001,100,50.5
8279,20697.5,827.9000000000001,100,50.5
8280,20700,828,100,50.5
8281,20702.5,828.1,100,50.5
8282,20705,828.2,100,50.5
8283,20707.5,828.3000000000001,100,50.5
8284,20710,828.4000000000001,100,50.5
8285,20712.5,828.5,100,50.5
8286,20715,828.6,100,50.5
8287,20717.5,828.7,100,50.5
8288,20720,828.8000000000001,100,50.5
8289,20722.5,828.9000000000001,100,50.5
8290,20725,829,100,50.5
8291,20727.5,829.1,100,50.5
8292,20730,829.2,100,50.5
8293,20732.5,829.3000000000001,100,50.5
8294,20735,829.4000000000001,100,50.5
8295,20737.5,829.5,100,50.5
8296,20740,829.6,100,50.5
8297,20742.5,829.7,100,50.5
8298,20745,829.8000000000001,100,50.5
8299,20747.5,829.9000000000001,100,50.5
8300,20750,830,100,50.5
8301,20752.5,830.1,100,50.5
8302,20755,830.2,100,50.5
8303,20757.5,830.3000000000001,100,50.5
8304,20760,830.4000000000001,100,50.5
8305,20762.5,830.5,100,50.5
8306,20765,830.6,100,50.5
8307,20767.5,830.7,100,50.5
8308,20770,830.8000000000001,100,50.5
8309,20772.5,830.9000000000001,100,50.5
8310,20775,831,100,50.5
8311,20777.5,831.1,100,50.5
8312,20780,831.2,100,50.5
8313,20782.5,831.3000000000001,100,50.5
8314,20785,831.4000000000001,100,50.5
8315,20787.5,831.5,100,50.5
8316,20790,831.6,100,50.5
8317,20792.5,831.7,100,50.5
8318,20795,831.8000000000001,100,50.5
8319,20797.5,831.9000000000001,100,50.5
8320,20800,832,100,50.5
8321,20802.5,832.1,100,50.5
8322,20805,832.2,100,50.5
8323,20807.5,832.3000000000001,100,50.5
8324,20810,832.4000000000001,100,50.5
8325,20812.5,832.5,100,50.5
8326,20815,832.6,100,50.5
8327,20817.5,832.7,100,50.5
8328,20820,832.8000000000001,100,50.5
8329,20822.5,832.9000000000001,100,50.5
8330,20825,833,100,50.5
8331,20827.5,833.1,100,50.5
8332,20830,833.2,100,50.5
8333,20832.5,833.3000000000001,100,50.5
8334,20835,833.4000000000001,100,50.5
8335,20837.5,833.5,100,50.5
8336,20840,833.6,100,50.5
8337,20842.5,833.7,100,50.5
8338,20845,833.8000000000001,100,50.5
8339,20847.5,833.9000000000001,100,50.5
8340,20850,834,100,50.5
8341,20852.5,834.1,100,50.5
8342,20855,834.2,100,50.5
8343,20857.5,834.3000000000001,100,50.5
8344,20860,834.4000000000001,100,50.5
8345,20862.5,834.5,100,50.5
8346,20865,834.6,100,50.5
8347,20867.5,834.7,100,50.5
8348,20870,834.8000000000001,100,50.5
8349,20872.5,834.9000000000001,100,50.5
8350,20875,835,100,50.5
8351,20877.5,835.1,100,50.5
8352,20880,835.2,100,50.5
8353,20882.5,835.3000000000001,100,50.5
8354,20885,835.4000000000001,100,50.5
8355,20887.5,835.5,100,50.5
8356,20890,835.6,100,50.5
8357,20892.5,835.7,100,50.5
8358,20895,835.8000000000001,100,50.5
8359,20897.5,835.9000000000001,100,50.5
8360,20900,836,100,50.5
8361,20902.5,836.1,100,50.5
8362,20905,836.2,100,50.5
8363,20907.5,836.3000000000001,100,50.5
8364,20910,836.4000000000001,100,50.5
8365,20912.5,836.5,100,50.5
8366,20915,836.6,100,50.5
8367,20917.5,836.7,100,50.5
8368,20920,836.8000000000001,100,50.5
8369,20922.5,836.9000000000001,100,50.5
8370,20925,837,100,50.5
8371,20927.5,837.1,100,50.5
8372,20930,837.2,100,50.5
8373,20932.5,837.3000000000001,100,50.5
8374,20935,837.4000000000001,100,50.5
8375,20937.5,837.5,100,50.5
8376,20940,837.6,100,50.5
8377,20942.5,837.7,100,50.5
8378,20945,837.8000000000001,100,50.5
8379,20947.5,837.9000000000001,100,50.5
8380,20950,838,100,50.5
8381,20952.5,838.1,100,50.5
8382,20955,838.2,100,50.5
8383,20957.5,838.3000000000001,100,50.5
8384,20960,838.4000000000001,100,50.5
8385,20962.5,838.5,100,50.5
8386,20965,838.6,100,50.5
8387,20967.5,838.7,100,50.5
8388,20970,838.8000000000001,100,50.5
8389,20972.5,838.9000000000001,100,50.5
8390,20975,839,100,50.5
8391,20977.5,839.1,100,50.5
8392,20980,839.2,100,50.5
8393,20982.5,839.3000000000001,100,50.5
8394,20985,839.4000000000001,100,50.5
8395,20987.5,839.5,100,50.5
8396,20990,839.6,100,50.5
8397,20992.5,839.7,100,50.5
8398,20995,839.8000000000001,100,50.5
8399,20997.5,839.9000000000001,100,50.5
8400,21000,840,100,50.5
8401,21002.5,840.1,100,50.5
8402,21005,840.2,100,50.5
8403,21007.5,840.3000000000001,100,50.5
8404,21010,840.4000000000001,100,50.5
8405,21012.5,840.5,100,50.5
8406,21015,840.6,100,50.5
8407,21017.5,840.7,100,50.5
8408,21020,840.8000000000001,100,50.5
8409,21022.5,840.9000000000001,100,50.5
8410,21025,841,100,50.5
8411,21027.5,841.1,100,50.5
8412,21030,841.2,100,50.5
8413,21032.5,841.3000000000001,100,50.5
8414,21035,841.4000000000001,100,50.5
8415,21037.5,841.5,100,50.5
8416,21040,841.6,100,50.5
8417,21042.5,841.7,100,50.5
8418,21045,841.8000000000001,100,50.5
8419,21047.5,841.9000000000001,100,50.5
8420,21050,842,100,50.5
8421,21052.5,842.1,100,50.5
8422,21055,842.2,100,50.5
8423,21057.5,842.3000000000001,100,50.5
8424,21060,842.4000000000001,100,50.5
8425,21062.5,842.5,100,50.5
8426,21065,842.6,100,50.5
8427,21067.5,842.7,100,50.5
8428,21070,842.8000000000001,100,50.5
8429,21072.5,842.9000000000001,100,50.5
8430,21075,843,100,50.5
8431,21077.5,843.1,100,50.5
8432,21080,843.2,100,50.5
8433,21082.5,843.3000000000001,100,50.5
8434,21085,843.4000000000001,100,50.5
8435,21087.5,843.5,100,50.5
8436,21090,843.6,100,50.5
8437,21092.5,843.7,100,50.5
8438,21095,843.8000000000001,100,50.5
8439,21097.5,843.9000000000001,100,50.5
8440,21100,844,100,50.5
8441,21102.5,844.1,100,50.5
8442,21105,844.2,100,50.5
8443,21107.5,844.3000000000001,100,50.5
8444,21110,844.4000000000001,100,50.5
8445,21112.5,844.5,100,50.5
8446,21115,844.6,100,50.5
8447,21117.5,844.7,100,50.5
8448,21120,844.8000000000001,100,50.5
8449,21122.5,844.9000000000001,100,50.5
8450,21125,845,100,50.5
8451,21127.5,845.1,100,50.5
8452,21130,845.2,100,50.5
8453,21132.5,845.3000000000001,100,50.5
8454,21135,845.4000000000001,100,50.5
8455,21137.5,845.5,100,50.5
8456,21140,845.6,100,50.5
8457,21142.5,845.7,100,50.5
8458,21145,845.8000000000001,100,50.5
8459,21147.5,845.9000000000001,100,50.5
8460,21150,846,100,50.5
8461,21152.5,846.1,100,50.5
8462,21155,846.2,100,50.5
8463,21157.5,846.3000000000001,100,50.5
8464,21160,846.4000000000001,100,50.5
8465,21162.5,846.5,100,50.5
8466,21165,846.6,100,50.5
8467,21167.5,846.7,100,50.5
8468,21170,846.8000000000001,100,50.5
8469,21172.5,846.9000000000001,100,50.5
8470,21175,847,100,50.5
8471,21177.5,847.1,100,50.5
8472,21180,847.2,100,50.5
8473,21182.5,847.3000000000001,100,50.5
8474,21185,847.4000000000001,100,50.5
8475,21187.5,847.5,100,50.5
8476,21190,847.6,100,50.5
8477,21192.5,847.7,100,50.5
8478,21195,847.8000000000001,100,50.5
8479,21197.5,847.9000000000001,100,50.5
8480,21200,848,100,50.5
8481,21202.5,848.1,100,50.5
8482,21205,848.2,100,50.5
8483,21207.5,848.3000000000001,100,50.5
8484,21210,848.4000000000001,100,50.5
8485,21212.5,848.5,100,50.5
8486,21215,848.6,100,50.5
8487,21217.5,848.7,100,50.5
8488,21220,848.8000000000001,100,50.5
8489,21222.5,848.9000000000001,100,50.5
8490,21225,849,100,50.5
8491,21227.5,849.1,100,50.5
8492,21230,849.2,100,50.5
8493,21232.5,849.3000000000001,100,50.5
8494,21235,849.4000000000001,100,50.5
8495,21237.5,849.5,100,50.5
8496,21240,849.6,100,50.5
8497,21242.5,849.7,100,50.5
8498,21245,849.8000000000001,100,50.5
8499,21247.5,849.9000000000001,100,50.5
8500,21250,850,100,50.5
8501,21252.5,850.1,100,50.5
8502,21255,850.2,100,50.5
8503,21257.5,850.3000000000001,100,50.5
8504,21260,850.4000000000001,100,50.5
8505,21262.5,850.5,100,50.5
8506,21265,850.6,100,50.5
8507,21267.5,850.7,100,50.5
8508,21270,850.8000000000001,100,50.5
8509,21272.5,850.9000000000001,100,50.5
8510,21275,851,100,50.5
8511,21277.5,851.1,100,50.5
8512,21280,851.2,100,50.5
8513,21282.5,851.3000000000001,100,50.5
8514,21285,851.4000000000001,100,50.5
8515,21287.5,851.5,100,50.5
8516,21290,851.6,100,50.5
8517,21292.5,851.7,100,50.5
8518,21295,851.8000000000001,100,50.5
8519,21297.5,851.9000000000001,100,50.5
8520,21300,852,100,50.5
8521,21302.5,852.1,100,50.5
8522,21305,852.2,100,50.5
8523,21307.5,852.3000000000001,100,50.5
8524,21310,852.4000000000001,100,50.5
8525,21312.5,852.5,100,50.5
8526,21315,852.6,100,50.5
8527,21317.5,852.7,100,50.5
8528,21320,852.8000000000001,100,50.5
8529,21322.5,852.9000000000001,100,50.5
8530,21325,853,100,50.5
8531,21327.5,853.1,100,50.5
8532,21330,853.2,100,50.5
8533,21332.5,853.3000000000001,100,50.5
8534,21335,853.4000000000001,100,50.5
8535,21337.5,853.5,100,50.5
8536,21340,853.6,100,50.5
8537,21342.5,853.7,100,50.5
8538,21345,853.8000000000001,100,50.5
8539,21347.5,853.9000000000001,100,50.5
8540,21350,854,100,50.5
8541,21352.5,854.1,100,50.5
8542,21355,854.2,100,50.5
8543,21357.5,854.3000000000001,100,50.5
8544,21360,854.4000000000001,100,50.5
8545,21362.5,854.5,100,50.5
8546,21365,854.6,100,50.5
8547,21367.5,854.7,100,50.5
8548,21370,854.8000000000001,100,50.5
8549,21372.5,854.9000000000001,100,50.5
8550,21375,855,100,50.5
8551,21377.5,855.1,100,50.5
8552,21380,855.2,100,50.5
8553,21382.5,855.3000000000001,100,50.5
8554,21385,855.4000000000001,100,50.5
8555,21387.5,855.5,100,50.5
8556,21390,855.6,100,50.5
8557,21392.5,855.7,100,50.5
8558,21395,855.8000000000001,100,50.5
8559,21397.5,855.9000000000001,100,50.5
8560,21400,856,100,50.5
8561,21402.5,856.1,100,50.5
8562,21405,856.2,100,50.5
8563,21407.5,856.3000000000001,100,50.5
8564,21410,856.4000000000001,100,50.5
8565,21412.5,856.5,100,50.5
8566,21415,856.6,100,50.5
8567,21417.5,856.7,100,50.5
8568,21420,856.8000000000001,100,50.5
8569,21422.5,856.9000000000001,100,50.5
8570,21425,857,100,50.5
8571,21427.5,857.1,100,50.5
8572,21430,857.2,100,50.5
8573,21432.5,857.3000000000001,100,50.5
8574,21435,857.4000000000001,100,50.5
8575,21437.5,857.5,100,50.5
8576,21440,857.6,100,50.5
8577,21442.5,857.7,100,50.5
8578,21445,857.8000000000001,100,50.5
8579,21447.5,857.9000000000001,100,50.5
8580,21450,858,100,50.5
8581,21452.5,858.1,100,50.5
8582,21455,858.2,100,50.5
8583,21457.5,858.3000000000001,100,50.5
8584,21460,858.4000000000001,100,50.5
8585,21462.5,858.5,100,50.5
8586,21465,858.6,100,50.5
8587,21467.5,858.7,100,50.5
8588,21470,858.8000000000001,100,50.5
8589,21472.5,858.9000000000001,100,50.5
8590,21475,859,100,50.5
8591,21477.5,859.1,100,50.5
8592,21480,859.2,100,50.5
8593,21482.5,859.3000000000001,100,50.5
8594,21485,859.4000000000001,100,50.5
8595,21487.5,859.5,100,50.5
8596,21490,859.6,100,50.5
8597,21492.5,859.7,100,50.5
8598,21495,859.8000000000001,100,50.5
8599,21497.5,859.9000000000001,100,50.5
8600,21500,860,100,50.5
8601,21502.5,860.1,100,50.5
8602,21505,860.2,100,50.5
8603,21507.5,860.3000000000001,100,50.5
8604,21510,860.4000000000001,100,50.5
8605,21512.5,860.5,100,50.5
8606,21515,860.6,100,50.5
8607,21517.5,860.7,100,50.5
8608,21520,860.8000000000001,100,50.5
8609,21522.5,860.9000000000001,100,50.5
8610,21525,861,100,50.5
8611,21527.5,861.1,100,50.5
8612,21530,861.2,100,50.5
8613,21532.5,861.3000000000001,100,50.5
8614,21535,861.4000000000001,100,50.5
8615,21537.5,861.5,100,50.5
8616,21540,861.6,100,50.5
8617,21542.5,861.7,100,50.5
8618,21545,861.8000000000001,100,50.5
8619,21547.5,861.9000000000001,100,50.5
8620,21550,862,100,50.5
8621,21552.5,862.1,100,50.5
8622,21555,862.2,100,50.5
8623,21557.5,862.3000000000001,100,50.5
8624,21560,862.4000000000001,100,50.5
8625,21562.5,862.5,100,50.5
8626,21565,862.6,100,50.5
8627,21567.5,862.7,100,50.5
8628,21570,862.8000000000001,100,50.5
8629,21572.5,862.9000000000001,100,50.5
8630,21575,863,100,50.5
8631,21577.5,863.1,100,50.5
8632,21580,863.2,100,50.5
8633,21582.5,863.3000000000001,100,50.5
8634,21585,863.4000000000001,100,50.5
8635,21587.5,863.5,100,50.5
8636,21590,863.6,100,50.5
8637,21592.5,863.7,100,50.5
8638,21595,863.8000000000001,100,50.5
8639,21597.5,863.9000000000001,100,50.5
8640,21600,864,100,50.5
8641,21602.5,864.1,100,50.5
8642,21605,864.2,100,50.5
8643,21607.5,864.3000000000001,100,50.5
8644,21610,864.4000000000001,100,50.5
8645,21612.5,864.5,100,50.5
8646,21615,864.6,100,50.5
8647,21617.5,864.7,100,50.5
8648,21620,864.8000000000001,100,50.5
8649,21622.5,864.9000000000001,100,50.5
8650,21625,865,100,50.5
8651,21627.5,865.1,100,50.5
8652,21630,865.2,100,50.5
8653,21632.5,865.3000000000001,100,50.5
8654,21635,865.4000000000001,100,50.5
8655,21637.5,865.5,100,50.5
8656,21640,865.6,100,50.5
8657,21642.5,865.7,100,50.5
8658,21645,865.8000000000001,100,50.5
8659,21647.5,865.9000000000001,100,50.5
8660,21650,866,100,50.5
8661,21652.5,866.1,100,50.5
8662,21655,866.2,100,50.5
8663,21657.5,866.3000000000001,100,50.5
8664,21660,866.4000000000001,100,50.5
8665,21662.5,866.5,100,50.5
8666,21665,866.6,100,50.5
8667,21667.5,866.7,100,50.5
8668,21670,866.8000000000001,100,50.5
8669,21672.5,866.9000000000001,100,50.5
8670,21675,867,100,50.5
8671,21677.5,867.1,100,50.5
8672,21680,867.2,100,50.5
8673,21682.5,867.3000000000001,100,50.5
8674,21685,867.4000000000001,100,50.5
8675,21687.5,867.5,100,50.5
8676,21690,867.6,100,50.5
8677,21692.5,867.7,100,50.5
8678,21695,867.8000000000001,100,50.5
8679,21697.5,867.9000000000001,100,50.5
8680,21700,868,100,50.5
8681,21702.5,868.1,100,50.5
8682,21705,868.2,100,50.5
8683,21707.5,868.3000000000001,100,50.5
8684,21710,868.4000000000001,100,50.5
8685,21712.5,868.5,100,50.5
8686,21715,868.6,100,50.5
8687,21717.5,868.7,100,50.5
8688,21720,868.8000000000001,100,50.5
8689,21722.5,868.9000000000001,100,50.5
8690,21725,869,100,50.5
8691,21727.5,869.1,100,50.5
8692,21730,869.2,100,50.5
8693,21732.5,869.3000000000001,100,50.5
8694,21735,869.4000000000001,100,50.5
8695,21737.5,869.5,100,50.5
8696,21740,869.6,100,50.5
8697,21742.5,869.7,100,50.5
8698,21745,869.8000000000001,100,50.5
8699,21747.5,869.9000000000001,100,50.5
8700,21750,870,100,50.5
8701,21752.5,870.1,100,50.5
8702,21755,870.2,100,50.5
8703,21757.5,870.3000000000001,100,50.5
8704,21760,870.4000000000001,100,50.5
8705,21762.5,870.5,100,50.5
8706,21765,870.6,100,50.5
8707,21767.5,870.7,100,50.5
8708,21770,870.8000000000001,100,50.5
8709,21772.5,870.9000000000001,100,50.5
8710,21775,871,100,50.5
8711,21777.5,871.1,100,50.5
8712,21780,871.2,100,50.5
8713,21782.5,871.3000000000001,100,50.5
8714,21785,871.4000000000001,100,50.5
8715,21787.5,871.5,100,50.5
8716,21790,871.6,100,50.5
8717,21792.5,871.7,100,50.5
8718,21795,871.8000000000001,100,50.5
8719,21797.5,871.9000000000001,100,50.5
8720,21800,872,100,50.5
8721,21802.5,872.1,100,50.5
8722,21805,872.2,100,50.5
8723,21807.5,872.3000000000001,100,50.5
8724,21810,872.4000000000001,100,50.5
8725,21812.5,872.5,100,50.5
8726,21815,872.6,100,50.5
8727,21817.5,872.7,100,50.5
8728,21820,872.8000000000001,100,50.5
8729,21822.5,872.9000000000001,100,50.5
8730,21825,873,100,50.5
8731,21827.5,873.1,100,50.5
8732,21830,873.2,100,50.5
8733,21832.5,873.3000000000001,100,50.5
8734,21835,873.4000000000001,100,50.5
8735,21837.5,873.5,100,50.5
8736,21840,873.6,100,50.5
8737,21842.5,873.7,100,50.5
8738,21845,873.8000000000001,100,50.5
8739,21847.5,873.9000000000001,100,50.5
8740,21850,874,100,50.5
8741,21852.5,874.1,100,50.5
8742,21855,874.2,100,50.5
8743,21857.5,874.3000000000001,100,50.5
8744,21860,874.4000000000001,100,50.5
8745,21862.5,874.5,100,50.5
8746,21865,874.6,100,50.5
8747,21867.5,874.7,100,50.5
8748,21870,874.8000000000001,100,50.5
8749,21872.5,874.9000000000001,100,50.5
8750,21875,875,100,50.5
8751,21877.5,875.1,100,50.5
8752,21880,875.2,100,50.5
8753,21882.5,875.3000000000001,100,50.5
8754,21885,875.4000000000001,100,50.5
8755,21887.5,875.5,100,50.5
8756,21890,875.6,100,50.5
8757,21892.5,875.7,100,50.5
8758,21895,875.8000000000001,100,50.5
8759,21897.5,875.9000000000001,100,50.5
8760,21900,876,100,50.5
8761,21902.5,876.1,100,50.5
8762,21905,876.2,100,50.5
8763,21907.5,876.3000000000001,100,50.5
8764,21910,876.4000000000001,100,50.5
8765,21912.5,876.5,100,50.5
8766,21915,876.6,100,50.5
8767,21917.5,876.7,100,50.5
8768,21920,876.8000000000001,100,50.5
8769,21922.5,876.9000000000001,100,50.5
8770,21925,877,100,50.5
8771,21927.5,877.1,100,50.5
8772,21930,877.2,100,50.5
8773,21932.5,877.3000000000001,100,50.5
8774,21935,877.4000000000001,100,50.5
8775,21937.5,877.5,100,50.5
8776,21940,877.6,100,50.5
8777,21942.5,877.7,100,50.5
8778,21945,877.8000000000001,100,50.5
8779,21947.5,877.9000000000001,100,50.5
8780,21950,878,100,50.5
8781,21952.5,878.1,100,50.5
8782,21955,878.2,100,50.5
8783,21957.5,878.3000000000001,100,50.5
8784,21960,878.4000000000001,100,50.5
8785,21962.5,878.5,100,50.5
8786,21965,878.6,100,50.5
8787,21967.5,878.7,100,50.5
8788,21970,878.8000000000001,100,50.5
8789,21972.5,878.9000000000001,100,50.5
8790,21975,879,100,50.5
8791,21977.5,879.1,100,50.5
8792,21980,879.2,100,50.5
8793,21982.5,879.3000000000001,100,50.5
8794,21985,879.4000000000001,100,50.5
8795,21987.5,879.5,100,50.5
8796,21990,879.6,100,50.5
8797,21992.5,879.7,100,50.5
8798,21995,879.8000000000001,100,50.5
8799,21997.5,879.9000000000001,100,50.5
8800,22000,880,100,50.5
8801,22002.5,880.1,100,50.5
8802,22005,880.2,100,50.5
8803,22007.5,880.3000000000001,100,50.5
8804,22010,880.4000000000001,100,50.5
8805,22012.5,880.5,100,50.5
8806,22015,880.6,100,50.5
8807,22017.5,880.7,100,50.5
8808,22020,880.8000000000001,100,50.5
8809,22022.5,880.9000000000001,100,50.5
8810,22025,881,100,50.5
8811,22027.5,881.1,100,50.5
8812,22030,881.2,100,50.5
8813,22032.5,881.3000000000001,100,50.5
8814,22035,881.4000000000001,100,50.5
8815,22037.5,881.5,100,50.5
8816,22040,881.6,100,50.5
8817,22042.5,881.7,100,50.5
8818,22045,881.8000000000001,100,50.5
8819,22047.5,881.9000000000001,100,50.5
8820,22050,882,100,50.5
8821,22052.5,882.1,100,50.5
8822,22055,882.2,100,50.5
8823,22057.5,882.3000000000001,100,50.5
8824,22060,882.4000000000001,100,50.5
8825,22062.5,882.5,100,50.5
8826,22065,882.6,100,50.5
8827,22067.5,882.7,100,50.5
8828,22070,882.8000000000001,100,50.5
8829,22072.5,882.9000000000001,100,50.5
8830,22075,883,100,50.5
8831,22077.5,883.1,100,50.5
8832,22080,883.2,100,50.5
8833,22082.5,883.3000000000001,100,50.5
8834,22085,883.4000000000001,100,50.5
8835,22087.5,883.5,100,50.5
8836,22090,883.6,100,50.5
8837,22092.5,883.7,100,50.5
8838,22095,883.8000000000001,100,50.5
8839,22097.5,883.9000000000001,100,50.5
8840,22100,884,100,50.5
8841,22102.5,884.1,100,50.5
8842,22105,884.2,100,50.5
8843,22107.5,884.3000000000001,100,50.5
8844,22110,884.4000000000001,100,50.5
8845,22112.5,884.5,100,50.5
8846,22115,884.6,100,50.5
8847,22117.5,884.7,100,50.5
8848,22120,884.8000000000001,100,50.5
8849,22122.5,884.9000000000001,100,50.5
8850,22125,885,100,50.5
8851,22127.5,885.1,100,50.5
8852,22130,885.2,100,50.5
8853,22132.5,885.3000000000001,100,50.5
8854,22135,885.4000000000001,100,50.5
8855,22137.5,885.5,100,50.5
8856,22140,885.6,100,50.5
8857,22142.5,885.7,100,50.5
8858,22145,885.8000000000001,100,50.5
8859,22147.5,885.9000000000001,100,50.5
8860,22150,886,100,50.5
8861,22152.5,886.1,100,50.5
8862,22155,886.2,100,50.5
8863,22157.5,886.3000000000001,100,50.5
8864,22160,886.4000000000001,100,50.5
8865,22162.5,886.5,100,50.5
8866,22165,886.6,100,50.5
8867,22167.5,886.7,100,50.5
8868,22170,886.8000000000001,100,50.5
8869,22172.5,886.9000000000001,100,50.5
8870,22175,887,100,50.5
8871,22177.5,887.1,100,50.5
8872,22180,887.2,100,50.5
8873,22182.5,887.3000000000001,100,50.5
8874,22185,887.4000000000001,100,50.5
8875,22187.5,887.5,100,50.5
8876,22190,887.6,100,50.5
8877,22192.5,887.7,100,50.5
8878,22195,887.8000000000001,100,50.5
8879,22197.5,887.9000000000001,100,50.5
8880,22200,888,100,50.5
8881,22202.5,888.1,100,50.5
8882,22205,888.2,100,50.5
8883,22207.5,888.3000000000001,100,50.5
8884,22210,888.4000000000001,100,50.5
8885,22212.5,888.5,100,50.5
8886,22215,888.6,100,50.5
8887,22217.5,888.7,100,50.5
8888,22220,888.8000000000001,100,50.5
8889,22222.5,888.9000000000001,100,50.5
8890,22225,889,100,50.5
8891,22227.5,889.1,100,50.5
8892,22230,889.2,100,50.5
8893,22232.5,889.3000000000001,100,50.5
8894,22235,889.4000000000001,100,50.5
8895,22237.5,889.5,100,50.5
8896,22240,889.6,100,50.5
8897,22242.5,889.7,100,50.5
8898,22245,889.8000000000001,100,50.5
8899,22247.5,889.9000000000001,100,50.5
8900,22250,890,100,50.5
8901,22252.5,890.1,100,50.5
8902,22255,890.2,100,50.5
8903,22257.5,890.3000000000001,100,50.5
8904,22260,890.4000000000001,100,50.5
8905,22262.5,890.5,100,50.5
8906,22265,890.6,100,50.5
8907,22267.5,890.7,100,50.5
8908,22270,890.8000000000001,100,50.5
8909,22272.5,890.9000000000001,100,50.5
8910,22275,891,100,50.5
8911,22277.5,891.1,100,50.5
8912,22280,891.2,100,50.5
8913,22282.5,891.3000000000001,100,50.5
8914,22285,891.4000000000001,100,50.5
8915,22287.5,891.5,100,50.5
8916,22290,891.6,100,50.5
8917,22292.5,891.7,100,50.5
8918,22295,891.8000000000001,100,50.5
8919,22297.5,891.9000000000001,100,50.5
8920,22300,892,100,50.5
8921,22302.5,892.1,100,50.5
8922,22305,892.2,100,50.5
8923,22307.5,892.3000000000001,100,50.5
8924,22310,892.4000000000001,100,50.5
8925,22312.5,892.5,100,50.5
8926,22315,892.6,100,50.5
8927,22317.5,892.7,100,50.5
8928,22320,892.8000000000001,100,50.5
8929,22322.5,892.9000000000001,100,50.5
8930,22325,893,100,50.5
8931,22327.5,893.1,100,50.5
8932,22330,893.2,100,50.5
8933,22332.5,893.3000000000001,100,50.5
8934,22335,893.4000000000001,100,50.5
8935,22337.5,893.5,100,50.5
8936,22340,893.6,100,50.5
8937,22342.5,893.7,100,50.5
8938,22345,893.8000000000001,100,50.5
8939,22347.5,893.9000000000001,100,50.5
8940,22350,894,100,50.5
8941,22352.5,894.1,100,50.5
8942,22355,894.2,100,50.5
8943,22357.5,894.3000000000001,100,50.5
8944,22360,894.4000000000001,100,50.5
8945,22362.5,894.5,100,50.5
8946,22365,894.6,100,50.5
8947,22367.5,894.7,100,50.5
8948,22370,894.8000000000001,100,50.5
8949,22372.5,894.9000000000001,100,50.5
8950,22375,895,100,50.5
8951,22377.5,895.1,100,50.5
8952,22380,895.2,100,50.5
8953,22382.5,895.3000000000001,100,50.5
8954,22385,895.4000000000001,100,50.5
8955,22387.5,895.5,100,50.5
8956,22390,895.6,100,50.5
8957,22392.5,895.7,100,50.5
8958,22395,895.8000000000001,100,50.5
8959,22397.5,895.9000000000001,100,50.5
8960,22400,896,100,50.5
8961,22402.5,896.1,100,50.5
8962,22405,896.2,100,50.5
8963,22407.5,896.3000000000001,100,50.5
8964,22410,896.4000000000001,100,50.5
8965,22412.5,896.5,100,50.5
8966,22415,896.6,100,50.5
8967,22417.5,896.7,100,50.5
8968,22420,896.8000000000001,100,50.5
8969,22422.5,896.9000000000001,100,50.5
8970,22425,897,100,50.5
8971,22427.5,897.1,100,50.5
8972,22430,897.2,100,50.5
8973,22432.5,897.3000000000001,100,50.5
8974,22435,897.4000000000001,100,50.5
8975,22437.5,897.5,100,50.5
8976,22440,897.6,100,50.5
8977,22442.5,897.7,100,50.5
8978,22445,897.8000000000001,100,50.5
8979,22447.5,897.9000000000001,100,50.5
8980,22450,898,100,50.5
8981,22452.5,898.1,100,50.5
8982,22455,898.2,100,50.5
8983,22457.5,898.3000000000001,100,50.5
8984,22460,898.4000000000001,100,50.5
8985,22462.5,898.5,100,50.5
8986,22465,898.6,100,50.5
8987,22467.5,898.7,100,50.5
8988,22470,898.8000000000001,100,50.5
8989,22472.5,898.9000000000001,100,50.5
8990,22475,899,100,50.5
8991,22477.5,899.1,100,50.5
8992,22480,899.2,100,50.5
8993,22482.5,899.3000000000001,100,50.5
8994,22485,899.4000000000001,100,50.5
8995,22487.5,899.5,100,50.5
8996,22490,899.6,100,50.5
8997,22492.5,899.7,100,50.5
8998,22495,899.8000000000001,100,50.5
8999,22497.5,899.9000000000001,100,50.5
9000,22500,900,100,50.5
9001,22502.5,900.1,100,50.5
9002,22505,900.2,100,50.5
9003,22507.5,900.3000000000001,100,50.5
9004,22510,900.4000000000001,100,50.5
9005,22512.5,900.5,100,50.5
9006,22515,900.6,100,50.5
9007,22517.5,900.7,100,50.5
9008,22520,900.8000000000001,100,50.5
9009,22522.5,900.9000000000001,100,50.5
9010,22525,901,100,50.5
9011,22527.5,901.1,100,50.5
9012,22530,901.2,100,50.5
9013,22532.5,901.3000000000001,100,50.5
9014,22535,901.4000000000001,100,50.5
9015,22537.5,901.5,100,50.5
9016,22540,901.6,100,50.5
9017,22542.5,901.7,100,50.5
9018,22545,901.8000000000001,100,50.5
9019,22547.5,901.9000000000001,100,50.5
9020,22550,902,100,50.5
9021,22552.5,902.1,100,50.5
9022,22555,902.2,100,50.5
9023,22557.5,902.3000000000001,100,50.5
9024,22560,902.4000000000001,100,50.5
9025,22562.5,902.5,100,50.5
9026,22565,902.6,100,50.5
9027,22567.5,902.7,100,50.5
9028,22570,902.8000000000001,100,50.5
9029,22572.5,902.9000000000001,100,50.5
9030,22575,903,100,50.5
9031,22577.5,903.1,100,50.5
9032,22580,903.2,100,50.5
9033,22582.5,903.3000000000001,100,50.5
9034,22585,903.4000000000001,100,50.5
9035,22587.5,903.5,100,50.5
9036,22590,903.6,100,50.5
9037,22592.5,903.7,100,50.5
9038,22595,903.8000000000001,100,50.5
9039,22597.5,903.9000000000001,100,50.5
9040,22600,904,100,50.5
9041,22602.5,904.1,100,50.5
9042,22605,904.2,100,50.5
9043,22607.5,904.3000000000001,100,50.5
9044,22610,904.4000000000001,100,50.5
9045,22612.5,904.5,100,50.5
9046,22615,904.6,100,50.5
9047,22617.5,904.7,100,50.5
9048,22620,904.8000000000001,100,50.5
9049,22622.5,904.9000000000001,100,50.5
9050,22625,905,100,50.5
9051,22627.5,905.1,100,50.5
9052,22630,905.2,100,50.5
9053,22632.5,905.3000000000001,100,50.5
9054,22635,905.4000000000001,100,50.5
9055,22637.5,905.5,100,50.5
9056,22640,905.6,100,50.5
9057,22642.5,905.7,100,50.5
9058,22645,905.8000000000001,100,50.5
9059,22647.5,905.9000000000001,100,50.5
9060,22650,906,100,50.5
9061,22652.5,906.1,100,50.5
9062,22655,906.2,100,50.5
9063,22657.5,906.3000000000001,100,50.5
9064,22660,906.4000000000001,100,50.5
9065,22662.5,906.5,100,50.5
9066,22665,906.6,100,50.5
9067,22667.5,906.7,100,50.5
9068,22670,906.8000000000001,100,50.5
9069,22672.5,906.9000000000001,100,50.5
9070,22675,907,100,50.5
9071,22677.5,907.1,100,50.5
9072,22680,907.2,100,50.5
9073,22682.5,907.3000000000001,100,50.5
9074,22685,907.4000000000001,100,50.5
9075,22687.5,907.5,100,50.5
9076,22690,907.6,100,50.5
9077,22692.5,907.7,100,50.5
9078,22695,907.8000000000001,100,50.5
9079,22697.5,907.9000000000001,100,50.5
9080,22700,908,100,50.5
9081,22702.5,908.1,100,50.5
9082,22705,908.2,100,50.5
9083,22707.5,908.3000000000001,100,50.5
9084,22710,908.4000000000001,100,50.5
9085,22712.5,908.5,100,50.5
9086,22715,908.6,100,50.5
9087,22717.5,908.7,100,50.5
9088,22720,908.8000000000001,100,50.5
9089,22722.5,908.9000000000001,100,50.5
9090,22725,909,100,50.5
9091,22727.5,909.1,100,50.5
9092,22730,909.2,100,50.5
9093,22732.5,909.3000000000001,100,50.5
9094,22735,909.4000000000001,100,50.5
9095,22737.5,909.5,100,50.5
9096,22740,909.6,100,50.5
9097,22742.5,909.7,100,50.5
9098,22745,909.8000000000001,100,50.5
9099,22747.5,909.9000000000001,100,50.5
9100,22750,910,100,50.5
9101,22752.5,910.1,100,50.5
9102,22755,910.2,100,50.5
9103,22757.5,910.3000000000001,100,50.5
9104,22760,910.4000000000001,100,50.5
9105,22762.5,910.5,100,50.5
9106,22765,910.6,100,50.5
9107,22767.5,910.7,100,50.5
9108,22770,910.8000000000001,100,50.5
9109,22772.5,910.9000000000001,100,50.5
9110,22775,911,100,50.5
9111,22777.5,911.1,100,50.5
9112,22780,911.2,100,50.5
9113,22782.5,911.3000000000001,100,50.5
9114,22785,911.4000000000001,100,50.5
9115,22787.5,911.5,100,50.5
9116,22790,911.6,100,50.5
9117,22792.5,911.7,100,50.5
9118,22795,911.8000000000001,100,50.5
9119,22797.5,911.9000000000001,100,50.5
9120,22800,912,100,50.5
9121,22802.5,912.1,100,50.5
9122,22805,912.2,100,50.5
9123,22807.5,912.3000000000001,100,50.5
9124,22810,912.4000000000001,100,50.5
9125,22812.5,912.5,100,50.5
9126,22815,912.6,100,50.5
9127,22817.5,912.7,100,50.5
9128,22820,912.8000000000001,100,50.5
9129,22822.5,912.9000000000001,100,50.5
9130,22825,913,100,50.5
9131,22827.5,913.1,100,50.5
9132,22830,913.2,100,50.5
9133,22832.5,913.3000000000001,100,50.5
9134,22835,913.4000000000001,100,50.5
9135,22837.5,913.5,100,50.5
9136,22840,913.6,100,50.5
9137,22842.5,913.7,100,50.5
9138,22845,913.8000000000001,100,50.5
9139,22847.5,913.9000000000001,100,50.5
9140,22850,914,100,50.5
9141,22852.5,914.1,100,50.5
9142,22855,914.2,100,50.5
9143,22857.5,914.3000000000001,100,50.5
9144,22860,914.4000000000001,100,50.5
9145,22862.5,914.5,100,50.5
9146,22865,914.6,100,50.5
9147,22867.5,914.7,100,50.5
9148,22870,914.8000000000001,100,50.5
9149,22872.5,914.9000000000001,100,50.5
9150,22875,915,100,50.5
9151,22877.5,915.1,100,50.5
9152,22880,915.2,100,50.5
9153,22882.5,915.3000000000001,100,50.5
9154,22885,915.4000000000001,100,50.5
9155,22887.5,915.5,100,50.5
9156,22890,915.6,100,50.5
9157,22892.5,915.7,100,50.5
9158,22895,915.8000000000001,100,50.5
9159,22897.5,915.9000000000001,100,50.5
9160,22900,916,100,50.5
9161,22902.5,916.1,100,50.5
9162,22905,916.2,100,50.5
9163,22907.5,916.3000000000001,100,50.5
9164,22910,916.4000000000001,100,50.5
9165,22912.5,916.5,100,50.5
9166,22915,916.6,100,50.5
9167,22917.5,916.7,100,50.5
9168,22920,916.8000000000001,100,50.5
9169,22922.5,916.9000000000001,100,50.5
9170,22925,917,100,50.5
9171,22927.5,917.1,100,50.5
9172,22930,917.2,100,50.5
9173,22932.5,917.3000000000001,100,50.5
9174,22935,917.4000000000001,100,50.5
9175,22937.5,917.5,100,50.5
9176,22940,917.6,100,50.5
9177,22942.5,917.7,100,50.5
9178,22945,917.8000000000001,100,50.5
9179,22947.5,917.9000000000001,100,50.5
9180,22950,918,100,50.5
9181,22952.5,918.1,100,50.5
9182,22955,918.2,100,50.5
9183,22957.5,918.3000000000001,100,50.5
9184,22960,918.4000000000001,100,50.5
9185,22962.5,918.5,100,50.5
9186,22965,918.6,100,50.5
9187,22967.5,918.7,100,50.5
9188,22970,918.8000000000001,100,50.5
9189,22972.5,918.9000000000001,100,50.5
9190,22975,919,100,50.5
9191,22977.5,919.1,100,50.5
9192,22980,919.2,100,50.5
9193,22982.5,919.3000000000001,100,50.5
9194,22985,919.4000000000001,100,50.5
9195,22987.5,919.5,100,50.5
9196,22990,919.6,100,50.5
9197,22992.5,919.7,100,50.5
9198,22995,919.8000000000001,100,50.5
9199,22997.5,919.9000000000001,100,50.5
9200,23000,920,100,50.5
9201,23002.5,920.1,100,50.5
9202,23005,920.2,100,50.5
9203,23007.5,920.3000000000001,100,50.5
9204,23010,920.4000000000001,100,50.5
9205,23012.5,920.5,100,50.5
9206,23015,920.6,100,50.5
9207,23017.5,920.7,100,50.5
9208,23020,920.8000000000001,100,50.5
9209,23022.5,920.9000000000001,100,50.5
9210,23025,921,100,50.5
9211,23027.5,921.1,100,50.5
9212,23030,921.2,100,50.5
9213,23032.5,921.3000000000001,100,50.5
9214,23035,921.4000000000001,100,50.5
9215,23037.5,921.5,100,50.5
9216,23040,921.6,100,50.5
9217,23042.5,921.7,100,50.5
9218,23045,921.8000000000001,100,50.5
9219,23047.5,921.9000000000001,100,50.5
9220,23050,922,100,50.5
9221,23052.5,922.1,100,50.5
9222,23055,922.2,100,50.5
9223,23057.5,922.3000000000001,100,50.5
9224,23060,922.4000000000001,100,50.5
9225,23062.5,922.5,100,50.5
9226,23065,922.6,100,50.5
9227,23067.5,922.7,100,50.5
9228,23070,922.8000000000001,100,50.5
9229,23072.5,922.9000000000001,100,50.5
9230,23075,923,100,50.5
9231,23077.5,923.1,100,50.5
9232,23080,923.2,100,50.5
9233,23082.5,923.3000000000001,100,50.5
9234,23085,923.4000000000001,100,50.5
9235,23087.5,923.5,100,50.5
9236,23090,923.6,100,50.5
9237,23092.5,923.7,100,50.5
9238,23095,923.8000000000001,100,50.5
9239,23097.5,923.9000000000001,100,50.5
9240,23100,924,100,50.5
9241,23102.5,924.1,100,50.5
9242,23105,924.2,100,50.5
9243,23107.5,924.3000000000001,100,50.5
9244,23110,924.4000000000001,100,50.5
9245,23112.5,924.5,100,50.5
9246,23115,924.6,100,50.5
9247,23117.5,924.7,100,50.5
9248,23120,924.8000000000001,100,50.5
9249,23122.5,924.9000000000001,100,50.5
9250,23125,925,100,50.5
9251,23127.5,925.1,100,50.5
9252,23130,925.2,100,50.5
9253,23132.5,925.3000000000001,100,50.5
9254,23135,925.4000000000001,100,50.5
9255,23137.5,925.5,100,50.5
9256,23140,925.6,100,50.5
9257,23142.5,925.7,100,50.5
9258,23145,925.8000000000001,100,50.5
9259,23147.5,925.9000000000001,100,50.5
9260,23150,926,100,50.5
9261,23152.5,926.1,100,50.5
9262,23155,926.2,100,50.5
9263,23157.5,926.3000000000001,100,50.5
9264,23160,926.4000000000001,100,50.5
9265,23162.5,926.5,100,50.5
9266,23165,926.6,100,50.5
9267,23167.5,926.7,100,50.5
9268,23170,926.8000000000001,100,50.5
9269,23172.5,926.9000000000001,100,50.5
9270,23175,927,100,50.5
9271,23177.5,927.1,100,50.5
9272,23180,927.2,100,50.5
9273,23182.5,927.3000000000001,100,50.5
9274,23185,927.4000000000001,100,50.5
9275,23187.5,927.5,100,50.5
9276,23190,927.6,100,50.5
9277,23192.5,927.7,100,50.5
9278,23195,927.8000000000001,100,50.5
9279,23197.5,927.9000000000001,100,50.5
9280,23200,928,100,50.5
9281,23202.5,928.1,100,50.5
9282,23205,928.2,100,50.5
9283,23207.5,928.3000000000001,100,50.5
9284,23210,928.4000000000001,100,50.5
9285,23212.5,928.5,100,50.5
9286,23215,928.6,100,50.5
9287,23217.5,928.7,100,50.5
9288,23220,928.8000000000001,100,50.5
9289,23222.5,928.9000000000001,100,50.5
9290,23225,929,100,50.5
9291,23227.5,929.1,100,50.5
9292,23230,929.2,100,50.5
9293,23232.5,929.3000000000001,100,50.5
9294,23235,929.4000000000001,100,50.5
9295,23237.5,929.5,100,50.5
9296,23240,929.6,100,50.5
9297,23242.5,929.7,100,50.5
9298,23245,929.8000000000001,100,50.5
9299,23247.5,929.9000000000001,100,50.5
9300,23250,930,100,50.5
9301,23252.5,930.1,100,50.5
9302,23255,930.2,100,50.5
9303,23257.5,930.3000000000001,100,50.5
9304,23260,930.4000000000001,100,50.5
9305,23262.5,930.5,100,50.5
9306,23265,930.6,100,50.5
9307,23267.5,930.7,100,50.5
9308,23270,930.8000000000001,100,50.5
9309,23272.5,930.9000000000001,100,50.5
9310,23275,931,100,50.5
9311,23277.5,931.1,100,50.5
9312,23280,931.2,100,50.5
9313,23282.5,931.3000000000001,100,50.5
9314,23285,931.4000000000001,100,50.5
9315,23287.5,931.5,100,50.5
9316,23290,931.6,100,50.5
9317,23292.5,931.7,100,50.5
9318,23295,931.8000000000001,100,50.5
9319,23297.5,931.9000000000001,100,50.5
9320,23300,932,100,50.5
9321,23302.5,932.1,100,50.5
9322,23305,932.2,100,50.5
9323,23307.5,932.3000000000001,100,50.5
9324,23310,932.4000000000001,100,50.5
9325,23312.5,932.5,100,50.5
9326,23315,932.6,100,50.5
9327,23317.5,932.7,100,50.5
9328,23320,932.8000000000001,100,50.5
9329,23322.5,932.9000000000001,100,50.5
9330,23325,933,100,50.5
9331,23327.5,933.1,100,50.5
9332,23330,933.2,100,50.5
9333,23332.5,933.3000000000001,100,50.5
9334,23335,933.4000000000001,100,50.5
9335,23337.5,933.5,100,50.5
9336,23340,933.6,100,50.5
9337,23342.5,933.7,100,50.5
9338,23345,933.8000000000001,100,50.5
9339,23347.5,933.9000000000001,100,50.5
9340,23350,934,100,50.5
9341,23352.5,934.1,100,50.5
9342,23355,934.2,100,50.5
9343,23357.5,934.3000000000001,100,50.5
9344,23360,934.4000000000001,100,50.5
9345,23362.5,934.5,100,50.5
9346,23365,934.6,100,50.5
9347,23367.5,934.7,100,50.5
9348,23370,934.8000000000001,100,50.5
9349,23372.5,934.9000000000001,100,50.5
9350,23375,935,100,50.5
9351,23377.5,935.1,100,50.5
9352,23380,935.2,100,50.5
9353,23382.5,935.3000000000001,100,50.5
9354,23385,935.4000000000001,100,50.5
9355,23387.5,935.5,100,50.5
9356,23390,935.6,100,50.5
9357,23392.5,935.7,100,50.5
9358,23395,935.8000000000001,100,50.5
9359,23397.5,935.9000000000001,100,50.5
9360,23400,936,100,50.5
9361,23402.5,936.1,100,50.5
9362,23405,936.2,100,50.5
9363,23407.5,936.3000000000001,100,50.5
9364,23410,936.4000000000001,100,50.5
9365,23412.5,936.5,100,50.5
9366,23415,936.6,100,50.5
9367,23417.5,936.7,100,50.5
9368,23420,936.8000000000001,100,50.5
9369,23422.5,936.9000000000001,100,50.5
9370,23425,937,100,50.5
9371,23427.5,937.1,100,50.5
9372,23430,937.2,100,50.5
9373,23432.5,937.3000000000001,100,50.5
9374,23435,937.4000000000001,100,50.5
9375,23437.5,937.5,100,50.5
9376,23440,937.6,100,50.5
9377,23442.5,937.7,100,50.5
9378,23445,937.8000000000001,100,50.5
9379,23447.5,937.9000000000001,100,50.5
9380,23450,938,100,50.5
9381,23452.5,938.1,100,50.5
9382,23455,938.2,100,50.5
9383,23457.5,938.3000000000001,100,50.5
9384,23460,938.4000000000001,100,50.5
9385,23462.5,938.5,100,50.5
9386,23465,938.6,100,50.5
9387,23467.5,938.7,100,50.5
9388,23470,938.8000000000001,100,50.5
9389,23472.5,938.9000000000001,100,50.5
9390,23475,939,100,50.5
9391,23477.5,939.1,100,50.5
9392,23480,939.2,100,50.5
9393,23482.5,939.3000000000001,100,50.5
9394,23485,939.4000000000001,100,50.5
9395,23487.5,939.5,100,50.5
9396,23490,939.6,100,50.5
9397,23492.5,939.7,100,50.5
9398,23495,939.8000000000001,100,50.5
9399,23497.5,939.9000000000001,100,50.5
9400,23500,940,100,50.5
9401,23502.5,940.1,100,50.5
9402,23505,940.2,100,50.5
9403,23507.5,940.3000000000001,100,50.5
9404,23510,940.4000000000001,100,50.5
9405,23512.5,940.5,100,50.5
9406,23515,940.6,100,50.5
9407,23517.5,940.7,100,50.5
9408,23520,940.8000000000001,100,50.5
9409,23522.5,940.9000000000001,100,50.5
9410,23525,941,100,50.5
9411,23527.5,941.1,100,50.5
9412,23530,941.2,100,50.5
9413,23532.5,941.3000000000001,100,50.5
9414,23535,941.4000000000001,100,50.5
9415,23537.5,941.5,100,50.5
9416,23540,941.6,100,50.5
9417,23542.5,941.7,100,50.5
9418,23545,941.8000000000001,100,50.5
9419,23547.5,941.9000000000001,100,50.5
9420,23550,942,100,50.5
9421,23552.5,942.1,100,50.5
9422,23555,942.2,100,50.5
9423,23557.5,942.3000000000001,100,50.5
9424,23560,942.4000000000001,100,50.5
9425,23562.5,942.5,100,50.5
9426,23565,942.6,100,50.5
9427,23567.5,942.7,100,50.5
9428,23570,942.8000000000001,100,50.5
9429,23572.5,942.9000000000001,100,50.5
9430,23575,943,100,50.5
9431,23577.5,943.1,100,50.5
9432,23580,943.2,100,50.5
9433,23582.5,943.3000000000001,100,50.5
9434,23585,943.4000000000001,100,50.5
9435,23587.5,943.5,100,50.5
9436,23590,943.6,100,50.5
9437,23592.5,943.7,100,50.5
9438,23595,943.8000000000001,100,50.5
9439,23597.5,943.9000000000001,100,50.5
9440,23600,944,100,50.5
9441,23602.5,944.1,100,50.5
9442,23605,944.2,100,50.5
9443,23607.5,944.3000000000001,100,50.5
9444,23610,944.4000000000001,100,50.5
9445,23612.5,944.5,100,50.5
9446,23615,944.6,100,50.5
9447,23617.5,944.7,100,50.5
9448,23620,944.8000000000001,100,50.5
9449,23622.5,944.9000000000001,100,50.5
9450,23625,945,100,50.5
9451,23627.5,945.1,100,50.5
9452,23630,945.2,100,50.5
9453,23632.5,945.3000000000001,100,50.5
9454,23635,945.4000000000001,100,50.5
9455,23637.5,945.5,100,50.5
9456,23640,945.6,100,50.5
9457,23642.5,945.7,100,50.5
9458,23645,945.8000000000001,100,50.5
9459,23647.5,945.9000000000001,100,50.5
9460,23650,946,100,50.5
9461,23652.5,946.1,100,50.5
9462,23655,946.2,100,50.5
9463,23657.5,946.3000000000001,100,50.5
9464,23660,946.4000000000001,100,50.5
9465,23662.5,946.5,100,50.5
9466,23665,946.6,100,50.5
9467,23667.5,946.7,100,50.5
9468,23670,946.8000000000001,100,50.5
9469,23672.5,946.9000000000001,100,50.5
9470,23675,947,100,50.5
9471,23677.5,947.1,100,50.5
9472,23680,947.2,100,50.5
9473,23682.5,947.3000000000001,100,50.5
9474,23685,947.4000000000001,100,50.5
9475,23687.5,947.5,100,50.5
9476,23690,947.6,100,50.5
9477,23692.5,947.7,100,50.5
9478,23695,947.8000000000001,100,50.5
9479,23697.5,947.9000000000001,100,50.5
9480,23700,948,100,50.5
9481,23702.5,948.1,100,50.5
9482,23705,948.2,100,50.5
9483,23707.5,948.3000000000001,100,50.5
9484,23710,948.4000000000001,100,50.5
9485,23712.5,948.5,100,50.5
9486,23715,948.6,100,50.5
9487,23717.5,948.7,100,50.5
9488,23720,948.8000000000001,100,50.5
9489,23722.5,948.9000000000001,100,50.5
9490,23725,949,100,50.5
9491,23727.5,949.1,100,50.5
9492,23730,949.2,100,50.5
9493,23732.5,949.3000000000001,100,50.5
9494,23735,949.4000000000001,100,50.5
9495,23737.5,949.5,100,50.5
9496,23740,949.6,100,50.5
9497,23742.5,949.7,100,50.5
9498,23745,949.8000000000001,100,50.5
9499,23747.5,949.9000000000001,100,50.5
9500,23750,950,100,50.5
9501,23752.5,950.1,100,50.5
9502,23755,950.2,100,50.5
9503,23757.5,950.3000000000001,100,50.5
9504,23760,950.4000000000001,100,50.5
9505,23762.5,950.5,100,50.5
9506,23765,950.6,100,50.5
9507,23767.5,950.7,100,50.5
9508,23770,950.8000000000001,100,50.5
9509,23772.5,950.9000000000001,100,50.5
9510,23775,951,100,50.5
9511,23777.5,951.1,100,50.5
9512,23780,951.2,100,50.5
9513,23782.5,951.3000000000001,100,50.5
9514,23785,951.4000000000001,100,50.5
9515,23787.5,951.5,100,50.5
9516,23790,951.6,100,50.5
9517,23792.5,951.7,100,50.5
9518,23795,951.8000000000001,100,50.5
9519,23797.5,951.9000000000001,100,50.5
9520,23800,952,100,50.5
9521,23802.5,952.1,100,50.5
9522,23805,952.2,100,50.5
9523,23807.5,952.3000000000001,100,50.5
9524,23810,952.4000000000001,100,50.5
9525,23812.5,952.5,100,50.5
9526,23815,952.6,100,50.5
9527,23817.5,952.7,100,50.5
9528,23820,952.8000000000001,100,50.5
9529,23822.5,952.9000000000001,100,50.5
9530,23825,953,100,50.5
9531,23827.5,953.1,100,50.5
9532,23830,953.2,100,50.5
9533,23832.5,953.3000000000001,100,50.5
9534,23835,953.4000000000001,100,50.5
9535,23837.5,953.5,100,50.5
9536,23840,953.6,100,50.5
9537,23842.5,953.7,100,50.5
9538,23845,953.8000000000001,100,50.5
9539,23847.5,953.9000000000001,100,50.5
9540,23850,954,100,50.5
9541,23852.5,954.1,100,50.5
9542,23855,954.2,100,50.5
9543,23857.5,954.3000000000001,100,50.5
9544,23860,954.4000000000001,100,50.5
9545,23862.5,954.5,100,50.5
9546,23865,954.6,100,50.5
9547,23867.5,954.7,100,50.5
9548,23870,954.8000000000001,100,50.5
9549,23872.5,954.9000000000001,100,50.5
9550,23875,955,100,50.5
9551,23877.5,955.1,100,50.5
9552,23880,955.2,100,50.5
9553,23882.5,955.3000000000001,100,50.5
9554,23885,955.4000000000001,100,50.5
9555,23887.5,955.5,100,50.5
9556,23890,955.6,100,50.5
9557,23892.5,955.7,100,50.5
9558,23895,955.8000000000001,100,50.5
9559,23897.5,955.9000000000001,100,50.5
9560,23900,956,100,50.5
9561,23902.5,956.1,100,50.5
9562,23905,956.2,100,50.5
9563,23907.5,956.3000000000001,100,50.5
9564,23910,956.4000000000001,100,50.5
9565,23912.5,956.5,100,50.5
9566,23915,956.6,100,50.5
9567,23917.5,956.7,100,50.5
9568,23920,956.8000000000001,100,50.5
9569,23922.5,956.9000000000001,100,50.5
9570,23925,957,100,50.5
9571,23927.5,957.1,100,50.5
9572,23930,957.2,100,50.5
9573,23932.5,957.3000000000001,100,50.5
9574,23935,957.4000000000001,100,50.5
9575,23937.5,957.5,100,50.5
9576,23940,957.6,100,50.5
9577,23942.5,957.7,100,50.5
9578,23945,957.8000000000001,100,50.5
9579,23947.5,957.9000000000001,100,50.5
9580,23950,958,100,50.5
9581,23952.5,958.1,100,50.5
9582,23955,958.2,100,50.5
9583,23957.5,958.3000000000001,100,50.5
9584,23960,958.4000000000001,100,50.5
9585,23962.5,958.5,100,50.5
9586,23965,958.6,100,50.5
9587,23967.5,958.7,100,50.5
9588,23970,958.8000000000001,100,50.5
9589,23972.5,958.9000000000001,100,50.5
9590,23975,959,100,50.5
9591,23977.5,959.1,100,50.5
9592,23980,959.2,100,50.5
9593,23982.5,959.3000000000001,100,50.5
9594,23985,959.4000000000001,100,50.5
9595,23987.5,959.5,100,50.5
9596,23990,959.6,100,50.5
9597,23992.5,959.7,100,50.5
9598,23995,959.8000000000001,100,50.5
9599,23997.5,959.9000000000001,100,50.5
9600,24000,960,100,50.5
9601,24002.5,960.1,100,50.5
9602,24005,960.2,100,50.5
9603,24007.5,960.3000000000001,100,50.5
9604,24010,960.4000000000001,100,50.5
9605,24012.5,960.5,100,50.5
9606,24015,960.6,100,50.5
9607,24017.5,960.7,100,50.5
9608,24020,960.8000000000001,100,50.5
9609,24022.5,960.9000000000001,100,50.5
9610,24025,961,100,50.5
9611,24027.5,961.1,100,50.5
9612,24030,961.2,100,50.5
9613,24032.5,961.3000000000001,100,50.5
9614,24035,961.4000000000001,100,50.5
9615,24037.5,961.5,100,50.5
9616,24040,961.6,100,50.5
9617,24042.5,961.7,100,50.5
9618,24045,961.8000000000001,100,50.5
9619,24047.5,961.9000000000001,100,50.5
9620,24050,962,100,50.5
9621,24052.5,962.1,100,50.5
9622,24055,962.2,100,50.5
9623,24057.5,962.3000000000001,100,50.5
9624,24060,962.4000000000001,100,50.5
9625,24062.5,962.5,100,50.5
9626,24065,962.6,100,50.5
9627,24067.5,962.7,100,50.5
9628,24070,962.8000000000001,100,50.5
9629,24072.5,962.9000000000001,100,50.5
9630,24075,963,100,50.5
9631,24077.5,963.1,100,50.5
9632,24080,963.2,100,50.5
9633,24082.5,963.3000000000001,100,50.5
9634,24085,963.4000000000001,100,50.5
9635,24087.5,963.5,100,50.5
9636,24090,963.6,100,50.5
9637,24092.5,963.7,100,50.5
9638,24095,963.8000000000001,100,50.5
9639,24097.5,963.9000000000001,100,50.5
9640,24100,964,100,50.5
9641,24102.5,964.1,100,50.5
9642,24105,964.2,100,50.5
9643,24107.5,964.3000000000001,100,50.5
9644,24110,964.4000000000001,100,50.5
9645,24112.5,964.5,100,50.5
9646,24115,964.6,100,50.5
9647,24117.5,964.7,100,50.5
9648,24120,964.8000000000001,100,50.5
9649,24122.5,964.9000000000001,100,50.5
9650,24125,965,100,50.5
9651,24127.5,965.1,100,50.5
9652,24130,965.2,100,50.5
9653,24132.5,965.3000000000001,100,50.5
9654,24135,965.4000000000001,100,50.5
9655,24137.5,965.5,100,50.5
9656,24140,965.6,100,50.5
9657,24142.5,965.7,100,50.5
9658,24145,965.8000000000001,100,50.5
9659,24147.5,965.9000000000001,100,50.5
9660,24150,966,100,50.5
9661,24152.5,966.1,100,50.5
9662,24155,966.2,100,50.5
9663,24157.5,966.3000000000001,100,50.5
9664,24160,966.4000000000001,100,50.5
9665,24162.5,966.5,100,50.5
9666,24165,966.6,100,50.5
9667,24167.5,966.7,100,50.5
9668,24170,966.8000000000001,100,50.5
9669,24172.5,966.9000000000001,100,50.5
9670,24175,967,100,50.5
9671,24177.5,967.1,100,50.5
9672,24180,967.2,100,50.5
9673,24182.5,967.3000000000001,100,50.5
9674,24185,967.4000000000001,100,50.5
9675,24187.5,967.5,100,50.5
9676,24190,967.6,100,50.5
9677,24192.5,967.7,100,50.5
9678,24195,967.8000000000001,100,50.5
9679,24197.5,967.9000000000001,100,50.5
9680,24200,968,100,50.5
9681,24202.5,968.1,100,50.5
9682,24205,968.2,100,50.5
9683,24207.5,968.3000000000001,100,50.5
9684,24210,968.4000000000001,100,50.5
9685,24212.5,968.5,100,50.5
9686,24215,968.6,100,50.5
9687,24217.5,968.7,100,50.5
9688,24220,968.8000000000001,100,50.5
9689,24222.5,968.9000000000001,100,50.5
9690,24225,969,100,50.5
9691,24227.5,969.1,100,50.5
9692,24230,969.2,100,50.5
9693,24232.5,969.3000000000001,100,50.5
9694,24235,969.4000000000001,100,50.5
9695,24237.5,969.5,100,50.5
9696,24240,969.6,100,50.5
9697,24242.5,969.7,100,50.5
9698,24245,969.8000000000001,100,50.5
9699,24247.5,969.9000000000001,100,50.5
9700,24250,970,100,50.5
9701,24252.5,970.1,100,50.5
9702,24255,970.2,100,50.5
9703,24257.5,970.3000000000001,100,50.5
9704,24260,970.4000000000001,100,50.5
9705,24262.5,970.5,100,50.5
9706,24265,970.6,100,50.5
9707,24267.5,970.7,100,50.5
9708,24270,970.8000000000001,100,50.5
9709,24272.5,970.9000000000001,100,50.5
9710,24275,971,100,50.5
9711,24277.5,971.1,100,50.5
9712,24280,971.2,100,50.5
9713,24282.5,971.3000000000001,100,50.5
9714,24285,971.4000000000001,100,50.5
9715,24287.5,971.5,100,50.5
9716,24290,971.6,100,50.5
9717,24292.5,971.7,100,50.5
9718,24295,971.8000000000001,100,50.5
9719,24297.5,971.9000000000001,100,50.5
9720,24300,972,100,50.5
9721,24302.5,972.1,100,50.5
9722,24305,972.2,100,50.5
9723,24307.5,972.3000000000001,100,50.5
9724,24310,972.4000000000001,100,50.5
9725,24312.5,972.5,100,50.5
9726,24315,972.6,100,50.5
9727,24317.5,972.7,100,50.5
9728,24320,972.8000000000001,100,50.5
9729,24322.5,972.9000000000001,100,50.5
9730,24325,973,100,50.5
9731,24327.5,973.1,100,50.5
9732,24330,973.2,100,50.5
9733,24332.5,973.3000000000001,100,50.5
9734,24335,973.4000000000001,100,50.5
9735,24337.5,973.5,100,50.5
9736,24340,973.6,100,50.5
9737,24342.5,973.7,100,50.5
9738,24345,973.8000000000001,100,50.5
9739,24347.5,973.9000000000001,100,50.5
9740,24350,974,100,50.5
9741,24352.5,974.1,100,50.5
9742,24355,974.2,100,50.5
9743,24357.5,974.3000000000001,100,50.5
9744,24360,974.4000000000001,100,50.5
9745,24362.5,974.5,100,50.5
9746,24365,974.6,100,50.5
9747,24367.5,974.7,100,50.5
9748,24370,974.8000000000001,100,50.5
9749,24372.5,974.9000000000001,100,50.5
9750,24375,975,100,50.5
9751,24377.5,975.1,100,50.5
9752,24380,975.2,100,50.5
9753,24382.5,975.3000000000001,100,50.5
9754,24385,975.4000000000001,100,50.5
9755,24387.5,975.5,100,50.5
9756,24390,975.6,100,50.5
9757,24392.5,975.7,100,50.5
9758,24395,975.8000000000001,100,50.5
9759,24397.5,975.9000000000001,100,50.5
9760,24400,976,100,50.5
9761,24402.5,976.1,100,50.5
9762,24405,976.2,100,50.5
9763,24407.5,976.3000000000001,100,50.5
9764,24410,976.4000000000001,100,50.5
9765,24412.5,976.5,100,50.5
9766,24415,976.6,100,50.5
9767,24417.5,976.7,100,50.5
9768,24420,976.8000000000001,100,50.5
9769,24422.5,976.9000000000001,100,50.5
9770,24425,977,100,50.5
9771,24427.5,977.1,100,50.5
9772,24430,977.2,100,50.5
9773,24432.5,977.3000000000001,100,50.5
9774,24435,977.4000000000001,100,50.5
9775,24437.5,977.5,100,50.5
9776,24440,977.6,100,50.5
9777,24442.5,977.7,100,50.5
9778,24445,977.8000000000001,100,50.5
9779,24447.5,977.9000000000001,100,50.5
9780,24450,978,100,50.5
9781,24452.5,978.1,100,50.5
9782,24455,978.2,100,50.5
9783,24457.5,978.3000000000001,100,50.5
9784,24460,978.4000000000001,100,50.5
9785,24462.5,978.5,100,50.5
9786,24465,978.6,100,50.5
9787,24467.5,978.7,100,50.5
9788,24470,978.8000000000001,100,50.5
9789,24472.5,978.9000000000001,100,50.5
9790,24475,979,100,50.5
9791,24477.5,979.1,100,50.5
9792,24480,979.2,100,50.5
9793,24482.5,979.3000000000001,100,50.5
9794,24485,979.4000000000001,100,50.5
9795,24487.5,979.5,100,50.5
9796,24490,979.6,100,50.5
9797,24492.5,979.7,100,50.5
9798,24495,979.8000000000001,100,50.5
9799,24497.5,979.9000000000001,100,50.5
9800,24500,980,100,50.5
9801,24502.5,980.1,100,50.5
9802,24505,980.2,100,50.5
9803,24507.5,980.3000000000001,100,50.5
9804,24510,980.4000000000001,100,50.5
9805,24512.5,980.5,100,50.5
9806,24515,980.6,100,50.5
9807,24517.5,980.7,100,50.5
9808,24520,980.8000000000001,100,50.5
9809,24522.5,980.9000000000001,100,50.5
9810,24525,981,100,50.5
9811,24527.5,981.1,100,50.5
9812,24530,981.2,100,50.5
9813,24532.5,981.3000000000001,100,50.5
9814,24535,981.4000000000001,100,50.5
9815,24537.5,981.5,100,50.5
9816,24540,981.6,100,50.5
9817,24542.5,981.7,100,50.5
9818,24545,981.8000000000001,100,50.5
9819,24547.5,981.9000000000001,100,50.5
9820,24550,982,100,50.5
9821,24552.5,982.1,100,50.5
9822,24555,982.2,100,50.5
9823,24557.5,982.3000000000001,100,50.5
9824,24560,982.4000000000001,100,50.5
9825,24562.5,982.5,100,50.5
9826,24565,982.6,100,50.5
9827,24567.5,982.7,100,50.5
9828,24570,982.8000000000001,100,50.5
9829,24572.5,982.9000000000001,100,50.5
9830,24575,983,100,50.5
9831,24577.5,983.1,100,50.5
9832,24580,983.2,100,50.5
9833,24582.5,983.3000000000001,100,50.5
9834,24585,983.4000000000001,100,50.5
9835,24587.5,983.5,100,50.5
9836,24590,983.6,100,50.5
9837,24592.5,983.7,100,50.5
9838,24595,983.8000000000001,100,50.5
9839,24597.5,983.9000000000001,100,50.5
9840,24600,984,100,50.5
9841,24602.5,984.1,100,50.5
9842,24605,984.2,100,50.5
9843,24607.5,984.3000000000001,100,50.5
9844,24610,984.4000000000001,100,50.5
9845,24612.5,984.5,100,50.5
9846,24615,984.6,100,50.5
9847,24617.5,984.7,100,50.5
9848,24620,984.8000000000001,100,50.5
9849,24622.5,984.9000000000001,100,50.5
9850,24625,985,100,50.5
9851,24627.5,985.1,100,50.5
9852,24630,985.2,100,50.5
9853,24632.5,985.3000000000001,100,50.5
9854,24635,985.4000000000001,100,50.5
9855,24637.5,985.5,100,50.5
9856,24640,985.6,100,50.5
9857,24642.5,985.7,100,50.5
9858,24645,985.8000000000001,100,50.5
9859,24647.5,985.9000000000001,100,50.5
9860,24650,986,100,50.5
9861,24652.5,986.1,100,50.5
9862,24655,986.2,100,50.5
9863,24657.5,986.3000000000001,100,50.5
9864,24660,986.4000000000001,100,50.5
9865,24662.5,986.5,100,50.5
9866,24665,986.6,100,50.5
9867,24667.5,986.7,100,50.5
9868,24670,986.8000000000001,100,50.5
9869,24672.5,986.9000000000001,100,50.5
9870,24675,987,100,50.5
9871,24677.5,987.1,100,50.5
9872,24680,987.2,100,50.5
9873,24682.5,987.3000000000001,100,50.5
9874,24685,987.4000000000001,100,50.5
9875,24687.5,987.5,100,50.5
9876,24690,987.6,100,50.5
9877,24692.5,987.7,100,50.5
9878,24695,987.8000000000001,100,50.5
9879,24697.5,987.9000000000001,100,50.5
9880,24700,988,100,50.5
9881,24702.5,988.1,100,50.5
9882,24705,988.2,100,50.5
9883,24707.5,988.3000000000001,100,50.5
9884,24710,988.4000000000001,100,50.5
9885,24712.5,988.5,100,50.5
9886,24715,988.6,100,50.5
9887,24717.5,988.7,100,50.5
9888,24720,988.8000000000001,100,50.5
9889,24722.5,988.9000000000001,100,50.5
9890,24725,989,100,50.5
9891,24727.5,989.1,100,50.5
9892,24730,989.2,100,50.5
9893,24732.5,989.3000000000001,100,50.5
9894,24735,989.4000000000001,100,50.5
9895,24737.5,989.5,100,50.5
9896,24740,989.6,100,50.5
9897,24742.5,989.7,100,50.5
9898,24745,989.8000000000001,100,50.5
9899,24747.5,989.9000000000001,100,50.5
9900,24750,990,100,50.5
9901,24752.5,990.1,100,50.5
9902,24755,990.2,100,50.5
9903,24757.5,990.3000000000001,100,50.5
9904,24760,990.4000000000001,100,50.5
9905,24762.5,990.5,100,50.5
9906,24765,990.6,100,50.5
9907,24767.5,990.7,100,50.5
9908,24770,990.8000000000001,100,50.5
9909,24772.5,990.9000000000001,100,50.5
9910,24775,991,100,50.5
9911,24777.5,991.1,100,50.5
9912,24780,991.2,100,50.5
9913,24782.5,991.3000000000001,100,50.5
9914,24785,991.4000000000001,100,50.5
9915,24787.5,991.5,100,50.5
9916,24790,991.6,100,50.5
9917,24792.5,991.7,100,50.5
9918,24795,991.8000000000001,100,50.5
9919,24797.5,991.9000000000001,100,50.5
9920,24800,992,100,50.5
9921,24802.5,992.1,100,50.5
9922,24805,992.2,100,50.5
9923,24807.5,992.3000000000001,100,50.5
9924,24810,992.4000000000001,100,50.5
9925,24812.5,992.5,100,50.5
9926,24815,992.6,100,50.5
9927,24817.5,992.7,100,50.5
9928,24820,992.8000000000001,100,50.5
9929,24822.5,992.9000000000001,100,50.5
9930,24825,993,100,50.5
9931,24827.5,993.1,100,50.5
9932,24830,993.2,100,50.5
9933,24832.5,993.3000000000001,100,50.5
9934,24835,993.4000000000001,100,50.5
9935,24837.5,993.5,100,50.5
9936,24840,993.6,100,50.5
9937,24842.5,993.7,100,50.5
9938,24845,993.8000000000001,100,50.5
9939,24847.5,993.9000000000001,100,50.5
9940,24850,994,100,50.5
9941,24852.5,994.1,100,50.5
9942,24855,994.2,100,50.5
9943,24857.5,994.3000000000001,100,50.5
9944,24860,994.4000000000001,100,50.5
9945,24862.5,994.5,100,50.5
9946,24865,994.6,100,50.5
9947,24867.5,994.7,100,50.5
9948,24870,994.8000000000001,100,50.5
9949,24872.5,994.9000000000001,100,50.5
9950,24875,995,100,50.5
9951,24877.5,995.1,100,50.5
9952,24880,995.2,100,50.5
9953,24882.5,995.3000000000001,100,50.5
9954,24885,995.4000000000001,100,50.5
9955,24887.5,995.5,100,50.5
9956,24890,995.6,100,50.5
9957,24892.5,995.7,100,50.5
9958,24895,995.8000000000001,100,50.5
9959,24897.5,995.9000000000001,100,50.5
9960,24900,996,100,50.5
9961,24902.5,996.1,100,50.5
9962,24905,996.2,100,50.5
9963,24907.5,996.3000000000001,100,50.5
9964,24910,996.4000000000001,100,50.5
9965,24912.5,996.5,100,50.5
9966,24915,996.6,100,50.5
9967,24917.5,996.7,100,50.5
9968,24920,996.8000000000001,100,50.5
9969,24922.5,996.9000000000001,100,50.5
9970,24925,997,100,50.5
9971,24927.5,997.1,100,50.5
9972,24930,997.2,100,50.5
9973,24932.5,997.3000000000001,100,50.5
9974,24935,997.4000000000001,100,50.5
9975,24937.5,997.5,100,50.5
9976,24940,997.6,100,50.5
9977,24942.5,997.7,100,50.5
9978,24945,997.8000000000001,100,50.5
9979,24947.5,997.9000000000001,100,50.5
9980,24950,998,100,50.5
9981,24952.5,998.1,100,50.5
9982,24955,998.2,100,50.5
9983,24957.5,998.3000000000001,100,50.5
9984,24960,998.4000000000001,100,50.5
9985,24962.5,998.5,100,50.5
9986,24965,998.6,100,50.5
9987,24967.5,998.7,100,50.5
9988,24970,998.8000000000001,100,50.5
9989,24972.5,998.9000000000001,100,50.5
9990,24975,999,100,50.5
9991,24977.5,999.1,100,50.5
9992,24980,999.2,100,50.5
9993,24982.5,999.3000000000001,100,50.5
9994,24985,999.4000000000001,100,50.5
9995,24987.5,999.5,100,50.5
9996,24990,999.6,100,50.5
9997,24992.5,999.7,100,50.5
9998,24995,999.8000000000001,100,50.5
9999,24997.5,999.9000000000001,100,50.5
